id,oppose_explanation
1,"- Potential costs of implementing safety measures may be significant and could be better spent on other road safety priorities elsewhere in the UK
- Slip road modifications could temporarily disrupt traffic during construction, affecting commuters and local businesses in the area
- Concerns that localized bills set a precedent for numerous similar bills from other regions seeking targeted road improvements
- Uncertainty about whether proposed measures will be cost-effective or actually reduce accidents without independent safety impact assessments being made public"
2,"Voting against this bill means you want to keep business rates as they are. Opponents worry that losing this tax would cost the government billions of pounds, potentially meaning less money for schools, hospitals, and services - and someone else might have to pay more tax instead."
10,"Voting to oppose this bill means you have concerns about the law as written. Opponents might worry about how it would be enforced, whether it could limit women's privacy rights, or question if it's the right way to address sex-selection issues."
13,"- Raises election security concerns, as expanded postal voting could increase risks of ballot tampering, postal theft, or coercion of voters in home environments compared to controlled polling station settings
- May create administrative costs and complexity for electoral commissions in Scotland and Wales, requiring additional staff, resources, and systems to process and verify larger volumes of absent votes
- Could reduce the traditional civic experience of voting in person at polling stations and weaken community participation in the democratic process on election day
- Risks disproportionately benefiting certain groups (such as those with stable addresses and reliable postal services) while potentially disadvantaging vulnerable populations like rough sleepers or those in unstable housing"
20,"[""- May introduce unfair positive discrimination: opponents argue that allocating specific funding pots or preferential lending terms based on gender rather than business merit could disadvantage equally-qualified male entrepreneurs and create legal challenges around equality law"",""- Could increase costs for financial institutions: mandatory reporting, diversity targets, and new loan guarantee schemes may raise administrative and operational costs, potentially passed on to all customers through higher fees or interest rates"",""- Risks creating artificial markets: government-backed schemes may prop up businesses that wouldn't survive commercial lending scrutiny, potentially wasting public money on ventures with poor long-term viability regardless of the owner's gender"",""- May not address the root cause: critics argue the funding gap reflects differences in business sector choice, experience, and risk profile rather than pure discrimination, so gender-based finance programs don't address underlying factors and may mask poor business planning""]"
33,"- Reduces investment incentives for network operators who bear the cost of building infrastructure but must then share access at regulated rates, potentially slowing deployment of next-generation 5G and fiber networks
- Creates regulatory complexity and compliance costs for established operators, who must manage shared access, billing disputes, and technical disputes with multiple competing users on their networks
- May lead to inadequate maintenance and network quality if operators have reduced revenue from forced wholesale pricing, potentially harming service reliability for all users
- Risks picking winners and losers in the market by artificially protecting smaller competitors rather than allowing natural market competition, and may burden taxpayers through increased regulatory oversight costs"
48,"Voting against this bill means you have concerns about the plan. People might worry about losing business space, whether conversions are actually affordable long-term, or whether forcing conversions could harm high streets and local economies."
50,"- May delay or divert resources from practical support and integration services that Afghan refugees currently need, as government focus and funding shifts toward running a lengthy public inquiry
- Could expose operational details of resettlement schemes and security procedures that might be exploited by hostile actors or compromised in future crises if inquiry findings become public
- Risks being costly and time-consuming for taxpayers while the affected individuals may see limited practical benefit, as inquiries often take years to complete and produce limited actionable change
- May discourage future participation in humanitarian schemes if individuals fear their data could be breached and subsequently scrutinised through public inquiries, undermining trust in government resettlement programmes"
51,"Voting to oppose this bill means you have concerns about how age-checking would work in practice. Opponents worry about privacy risks (personal data being collected and stored), the cost to businesses, whether it would actually be effective, and whether it could exclude adults who can't easily prove their age."
62,"[""- Threatens food production by enabling conversion of high-quality agricultural land to non-farming uses, reducing the amount of productive farmland available for future generations"",""- Weakens environmental protections by removing safeguards that prevent development in sensitive rural areas, potentially damaging wildlife habitats, soil quality, and countryside character"",""- Increases urban sprawl and loss of green space by making it easier to build on agricultural land near towns and cities, conflicting with efforts to preserve the countryside"",""- Creates unfair advantages for wealthy landowners who can profit from development, while potentially disadvantaging smaller farmers and affecting food price stability through reduced domestic production capacity""]"
84,"Voting against this bill means you have concerns about the changes. Critics might argue it adds costs for breweries and producers, could be seen as over-regulation, or worry that warnings alone won't change drinking habits."
97,"- Places significant compliance costs on smaller, independent shelters and rescue charities that may struggle with licensing fees, inspections, and administrative burdens, potentially forcing closures
- Creates bureaucratic delays in licensing that could prevent rapid emergency response to animal crises or delay opening of new facilities in areas with high shelter need
- Risks giving excessive regulatory power to local authorities with varying standards, leading to inconsistent application across the UK and unfair treatment of some operators
- May not address root causes of animal abandonment and shelter overcrowding, instead placing regulatory burden on rescuers while demand-side problems remain unsolved"
100,"- Creates bureaucratic barriers and significant costs for UK citizens wanting to relocate with pets or adopt rescue animals from abroad, making it more expensive and time-consuming to bring pets into the country
- May inadequately address root causes by focusing on import restrictions rather than tackling poor welfare standards in source countries through international cooperation and enforcement
- Could disadvantage rescue organisations that rehome animals internationally, potentially reducing opportunities for abandoned or mistreated animals abroad to find UK homes
- Places enforcement burden on understaffed animal health officials and Border Force, risking ineffective implementation if resources aren't adequately allocated to check all imports"
105,"[""- Could unfairly penalise owners of dogs with genuine behavioral problems due to factors beyond their control (illness, rescue trauma, genetic predisposition), creating disproportionate liability"",""- May increase insurance costs for dog owners or make pet insurance prohibitively expensive, particularly affecting lower-income households and rescue dog adoption rates"",""- Creates enforcement challenges: determining fault in dog attacks is often complex and disputed, potentially leading to costly legal battles between owners with no clear outcome"",""- Risks placing excessive responsibility on owners for unpredictable animal behavior, even when reasonable precautions were taken, rather than addressing broader public safety and dog management infrastructure""]"
116,"[""- Delays critical medical breakthroughs: Animal models remain essential for understanding complex diseases and safety-testing new treatments before human trials; an immediate ban could slow development of life-saving cancer drugs, vaccines, and surgical techniques."",""- Creates regulatory and competitive disadvantage: UK researchers and pharmaceutical companies would be unable to conduct animal research while international competitors continue, potentially driving investment and jobs overseas and reducing UK leadership in medical innovation."",""- Current alternatives are incomplete: While replacement technologies are developing, they cannot yet fully replicate the complexity of whole-organism biology; alternative methods cannot currently validate safety and efficacy across all medical areas, potentially endangering patients."",""- Contradicts legal obligations: EU and international regulations (including those the UK has adopted) currently require animal testing for certain drug approvals; a unilateral UK ban could prevent UK-developed medicines from being approved or sold internationally without major regulatory changes.""]"
122,"[""- Reduces public transparency and accountability over police investigations, potentially allowing authorities to conduct investigations without appropriate public scrutiny or awareness of police conduct"",""- May hinder crime prevention by preventing the public from identifying and reporting information about suspects, particularly in cases involving serious or violent offences where public cooperation is crucial"",""- Could disadvantage crime victims and their families by restricting their ability to publicly identify those accused of harming them, limiting their voice in the justice process"",""- Creates practical enforcement challenges in the age of social media and internet archives, as suppressing information online may prove ineffective once details are shared, shifting the burden unfairly onto media outlets while information circulates freely on unregulated platforms""]"
126,"Critics worry the Act gives authorities too much power to stop people without enough checks, which could unfairly target certain groups. They're also concerned it removes some legal protections people normally have, and that vague terms like 'anti-social behaviour' could be used too broadly."
138,"People might oppose it if they disagree with how the government is spending money - for example, if they think too much is spent on certain departments or if they believe the money should be used differently during an economic crisis."
141,"[""- Removes access to court oversight for ordinary citizens and small businesses who may lack resources to navigate arbitration fairly, potentially favouring larger, more experienced parties with legal teams"",""- Reduces transparency and public accountability since arbitration hearings are private, meaning unfair practices or precedents cannot be scrutinised by the public or influence future case law in the public interest"",""- May weaken consumer and worker protections if arbitration clauses in contracts prevent individuals from taking claims to court or collective action, particularly in employment and consumer rights disputes"",""- Creates inconsistency in dispute resolution outcomes since arbitrators' decisions are largely final with limited appeal rights, whereas court decisions can be reviewed and contribute to consistent legal principles that protect everyone equally""]"
144,"Voting against this bill means you might worry about extra regulation and costs for arbitration and mediation providers. Some may argue these services are already fair, or that new equality rules could limit how these private dispute-resolution services operate."
147,"Voting against this bill might mean you think it adds unnecessary rules to private dispute-settling services or creates extra costs for businesses. Some might argue that arbitration and mediation should operate differently from courts, or that existing protections are already sufficient."
148,Voting against this bill means you believe arm's-length bodies should keep their independence and that too much parliamentary control could interfere with their work. Opponents might worry that increased oversight could slow down decision-making or prevent these organizations from operating freely.
149,"[""- Politicizes independent institutions: Giving ministers broad review powers over bodies designed to operate independently risks turning regulators and oversight bodies into political tools, undermining their impartiality in areas like environmental protection or consumer safety."",""- Threatens institutional expertise: Abolishing or restructuring established bodies may destroy specialized knowledge, technical capacity, and institutional memory that took years to develop and serve important public functions."",""- Creates regulatory uncertainty: Organizations threatened with closure or merger may become risk-averse and less effective, and businesses may face inconsistent regulation if bodies are repeatedly restructured."",""- Lacks safeguards against political abuse: The bill provides limited protections to prevent ministers from dismantling bodies they dislike for partisan reasons rather than genuine inefficiency, particularly those responsible for holding government accountable.""]"
150,"- Restricts executive flexibility in genuine emergencies by imposing parliamentary procedure requirements that could delay military response to immediate threats to national security or humanitarian crises
- Creates legal uncertainty by establishing rigid parliamentary procedures that may be challenged in courts, potentially paralyzing government decision-making during critical security situations
- Undermines diplomatic effectiveness by publicly signalling parliamentary debate and delay before military action, removing deterrence value and tipping off adversaries about UK intentions
- Places excessive burden on MPs to scrutinise complex military and intelligence matters, risking that partisan politics rather than strategic necessity determines votes on armed conflict"
154,"[""- May expand executive powers allowing the Secretary of State for Defence to make decisions affecting service personnel with limited parliamentary scrutiny or oversight mechanisms"",""- Could introduce controversial changes to military justice systems or discipline procedures that some argue don't provide adequate fairness protections or appeal rights for service members"",""- May reduce restrictions on military recruitment practices or deployment capabilities in ways critics argue lack sufficient democratic debate or public consultation"",""- Could impose additional burdens on NHS and local services supporting veterans without adequate funding, shifting costs away from dedicated military healthcare budgets""]"
155,"[""- Reduces operational flexibility and speed of response, potentially compromising military effectiveness if commanders must wait for parliamentary votes before responding to urgent threats"",""- May create security risks by requiring advance public announcement and debate of military deployments, which could give adversaries warning and tactical advantage"",""- Could paralyse decision-making during genuine emergencies if Parliament cannot be recalled quickly enough or if votes are split, leaving forces unable to respond to crises"",""- Places complex military and strategic decisions in the hands of politicians rather than military and intelligence experts who may lack operational understanding of threats and timelines""]"
163,"Voting against this bill means you have concerns that pardoning soldiers changes historical military justice decisions without proper investigation. Opponents might worry this disrespects the original courts-martial that convicted them, or that it's unfair to those not included."
172,"[""- Creates additional bureaucratic layers and costs to the Ministry of Defence budget during a period of constrained military spending, potentially diverting resources from operational capability or personnel welfare spending"",""- May undermine military command structures and discipline by allowing personnel to bypass their chain of command, potentially weakening internal resolution of issues and creating divided loyalty"",""- Could delay resolution of complaints through a new formal process rather than internal, faster informal mechanisms already available to service personnel"",""- Risks creating an adversarial relationship between the Commissioner and the Ministry of Defence, potentially leading to defensive postures rather than collaborative improvements to service conditions""]"
173,"[""- May create additional administrative burden and costs for government departments already managing these schemes, diverting resources from actually processing claims and supporting veterans"",""- Reporting requirements alone don't guarantee improvements; without enforcement mechanisms or mandatory action following reports, the bill risks being performative rather than delivering real change"",""- Could delay urgent support to injured service members if reporting obligations distract from frontline delivery of compensation and support services"",""- Might expose sensitive information about scheme performance or individual cases in public reports, potentially compromising privacy or revealing operational weaknesses to external actors""]"
176,"Voting against this bill means you believe the current system works well enough, or that giving Parliament more control could slow down urgent military decisions. Critics might argue that in emergencies, the country needs quick decision-making, and requiring Parliament to vote could cause dangerous delays."
188,"[""- May damage UK defence industry competitiveness and jobs by creating additional bureaucratic hurdles and uncertainty for arms manufacturers, potentially pushing contracts to countries with fewer restrictions"",""- Could weaken diplomatic relationships with allied nations if sales are suspended based on inquiry findings, limiting the government's flexibility in foreign policy and strategic partnerships"",""- Establishes an inquiry process without clearly defining who conducts investigations, what evidence threshold triggers suspension, or how long suspensions last, creating potential legal uncertainty and inconsistent application"",""- Restricts the government's ability to make context-sensitive foreign policy decisions by substituting inquiry-based rules for ministerial judgment about broader strategic, diplomatic, and security considerations""]"
189,"[""- May reduce operational independence: Increased parliamentary scrutiny could pressure arm's-length bodies to prioritise political considerations over expert judgment, undermining the original reason these organisations were created as independent entities."",""- Creates administrative burden: Frequent reporting requirements divert resources from frontline services into bureaucratic compliance, potentially increasing costs without improving actual service delivery or outcomes."",""- Could lead to inconsistent decision-making: If arm's-length bodies become overly cautious to avoid parliamentary criticism, they may make slower, more risk-averse decisions that hamper innovation and efficiency in public services."",""- Blurs the separation of powers: Direct parliamentary intervention in operational decisions of these bodies may conflate parliamentary scrutiny with day-to-day management, creating accountability confusion and political interference in technical decisions.""]"
192,"[""- Creates compliance burdens and compliance costs that disproportionately affect smaller UK startups and innovative companies, potentially driving AI development to less-regulated countries or to better-funded US and Chinese competitors"",""- Risks stifling innovation through overly prescriptive rules written before the technology matures; regulators may lack sufficient technical expertise to set appropriate standards, or rules may quickly become outdated"",""- Imposes regulatory powers and vague concepts like 'high-risk' that could be applied inconsistently, creating legal uncertainty and potential for regulators to overreach beyond their technical competence"",""- May duplicate or conflict with existing EU AI Act regulations if the UK seeks closer alignment, or create friction with international trade partners, without clear evidence that additional UK-specific regulation delivers proportionate benefits""]"
197,"Voting against this bill means you think these checks aren't necessary or would slow down decision-making. Opponents might worry it adds extra bureaucracy, costs money, or that governments already consider families when making policies without needing a formal requirement to do so."
201,"- Restricts landowners' property rights by limiting their freedom to sell assets quickly at market value, potentially reducing the financial return on their investment
- May discourage private investment in sports facility maintenance and improvement if owners cannot realise the full value of their assets or face delays in selling
- Creates administrative burden and delays for facility owners seeking to sell, as they must navigate community bid periods and potentially deal with competing offers
- Could lead to poorly-managed community ownership if local groups lack the expertise, funding, or governance structures to operate complex sports facilities sustainably"
208,"A vote against this bill means you have concerns about legalising assisted dying. Opponents worry about vulnerable people feeling pressured, the impact on disabled people, risks to the doctor-patient relationship, or believe only natural death is acceptable."
210,"- Creates risks to vulnerable people (elderly, disabled, those with mental health conditions, or experiencing social isolation) who might feel pressured to end their lives due to loneliness, financial stress, or inadequate care rather than genuine autonomous choice
- Fundamentally changes the doctor-patient relationship and the medical profession's role, as prescribing lethal medication contradicts the traditional principle of 'do no harm'
- Safeguards may prove inadequate in practice; once legislation exists, there is pressure to expand eligibility criteria (as seen in other countries), potentially extending access beyond terminal illness
- Raises concerns about diagnostic accuracy (especially within six months) and whether psychological assessments can truly distinguish autonomous choice from depression or temporary despair in seriously ill patients"
218,"A vote against this bill might mean you're concerned it could make it easier to evict vulnerable people, or that it doesn't protect asylum seekers enough. Critics might worry it prioritizes cost-cutting over ensuring people have safe places to live while their asylum claim is being decided."
231,"- Risk of inadequate support: If the prescribed period is too short, asylum seekers could lose support before their claims are decided, potentially pushing vulnerable people into homelessness and destitution
- Creates perverse incentives: A time limit may pressure people to accept unfavorable asylum decisions simply to maintain access to support, undermining fair assessment of claims
- Disproportionate impact on vulnerable groups: Asylum seekers are often fleeing trauma and persecution; arbitrary time limits don't account for complex cases requiring extended investigation
- Shifts costs elsewhere: If government support ends, local councils and charities must fill the gap, transferring costs rather than solving the underlying issue of claim processing delays"
236,"Some people worry the Act doesn't go far enough to protect pedestrians from self-driving cars, or that it unfairly blames insurance companies instead of the manufacturers who designed the vehicles. Others think it might slow down the development of new vehicle technology in the UK."
241,"Voting against this bill means you think facial recognition technology is useful and shouldn't be stopped. Critics might argue that a pause would delay important crime-fighting tools, or that we should improve the rules instead of stopping it completely."
243,"Critics worry about safety if self-driving cars malfunction or get hacked. Others are concerned about job losses for taxi and lorry drivers, and who is responsible if an automated vehicle causes an accident."
249,"Voting against this bill means you have concerns about automatically registering young people without their active choice or their parents' involvement. People might worry about data privacy, whether 16-year-olds are ready to vote, or whether the government should require active registration rather than doing it automatically."
251,"[""- Eliminates thousands of maritime jobs (ship crew, pilots, tugboat operators) across UK ports and coastal communities without guaranteed retraining or alternative employment support"",""- Creates liability gaps: unclear who is legally responsible (the company, the AI developer, or the ship owner) if an autonomous vessel causes environmental damage, collision, or loss of life"",""- Undermines port security and national resilience by removing trained human crew who can respond to piracy, stowaways, smuggling, or sabotage of critical infrastructure at sea"",""- May disadvantage smaller UK shipping companies and fishing fleets that cannot afford expensive autonomous technology, allowing only large corporations to benefit while smaller operators fail""]"
253,"[""- Airlines and airports face significant upfront capital costs to retrofit terminals, aircraft, and systems to meet accessibility standards, potentially increasing ticket prices for all passengers"",""- Smaller regional airports may struggle disproportionately with compliance costs, potentially leading to reduced services or route closures in less profitable areas"",""- Prescriptive legal requirements may be rigid and not account for evolving technology or regional differences, creating bureaucratic inefficiency rather than proportionate solutions"",""- Compliance monitoring and enforcement creates administrative burden on operators and may result in resources being diverted from other safety or service improvements""]"
258,"[""- Implementing new standardised guidance across multiple NHS trusts and private healthcare providers would require significant funding and staff retraining, diverting resources from other children's health priorities"",""- Mandatory guidance might oversimplify complex allergy cases where individual infants have unique circumstances, potentially reducing personalised medical care from GPs and paediatricians"",""- Creating another layer of statutory guidance could increase bureaucracy and compliance costs for healthcare providers without evidence that fragmented current advice is causing measurable harm"",""- The bill's scope and enforcement mechanisms are unclear, it's uncertain whether guidance would be legally binding or merely advisory, potentially making implementation inconsistent regardless""]"
262,"[""- May slow down enforcement of legitimate court orders, delaying landlords' or lenders' ability to regain possession of their own properties after winning cases in court"",""- Could increase costs for bailiff companies through additional compliance requirements, potentially raising fees that are passed to creditors or making enforcement economically unviable for smaller cases"",""- Might create loopholes or procedural requirements that allow occupants to obstruct enforcement through technical legal arguments, even when court orders are final and just"",""- Could place bailiffs in difficult positions if required to make subjective judgments about vulnerability or circumstances, creating inconsistency and potential liability if decisions are later challenged""]"
269,"[""- Undermines the Bank of England's operational independence, which has been credited with keeping inflation lower and more stable since the 1990s"",""- Risks making monetary policy subject to short-term political pressures and electoral cycles rather than long-term economic stability"",""- Could reduce business and investor confidence by introducing uncertainty about whether inflation targets will change based on political circumstances"",""- May harm the Bank's credibility in controlling inflation, as markets and wage-setters may doubt the commitment to price stability if targets become politically negotiable""]"
272,"- Creates moral hazard: Banks may take excessive risks knowing the government will bail them out through recapitalisation, reducing incentives for prudent management and shifting risk from financial institutions onto taxpayers
- Lack of democratic scrutiny: Powers to recapitalise banks may be exercised by regulators during crises with limited parliamentary oversight, allowing major public expenditure decisions to occur without full democratic accountability
- Uncertain costs to taxpayers: The act provides a mechanism for injecting public funds but doesn't guarantee full recovery of those investments, potentially creating substantial, unquantified liabilities for the public purse with unclear long-term fiscal consequences
- Unfair burden-sharing: While shareholders and creditors may face losses, ordinary taxpayers effectively subsidise financial institutions that failed to manage their own risk, creating inequity when other sectors and individuals receive no equivalent state support"
285,"- Imposes additional regulatory compliance costs on banks, which may be passed to consumers through higher fees for other banking services. - Could require banks to serve customers they perceive as high-risk or unprofitable, potentially forcing them to maintain loss-making services or increase capital reserves. - May limit banks' legitimate ability to refuse service to customers involved in financial crime, money laundering, or fraud by imposing burdensome appeals processes. - Could be undermined by technological and market changes, as the shift to digital banking and fintech alternatives may make traditional bank branch requirements less relevant and costlier to enforce."
289,"Voting against this bill means you think homeowners should keep the freedom to excavate basements without extra bureaucracy and delays. Opponents worry this will make home improvements more expensive and time-consuming, and give councils too much control over what people do with their own property."
299,"- Creates additional regulatory costs and compliance burdens for renewable energy companies during a period when the UK is trying to incentivize rapid decarbonization and investment in green infrastructure - May reduce the economic viability of battery storage projects, particularly smaller operations, potentially slowing deployment of storage capacity needed to balance renewable energy on the grid - Prescriptive safety requirements could become outdated as battery technology evolves, locking in standards that may prove overly restrictive compared to newer, safer alternatives - May unfairly advantage larger operators who can absorb compliance costs, creating barriers to entry for smaller competitors and reducing market competition in the energy storage sector"
305,"Voting against this bill means you have concerns about the licence fee system - for example, you might think it's unfair that everyone has to pay, or that the BBC shouldn't be funded this way. People opposing it might want the BBC funded differently or have other objections to the proposals."
312,"Voting against this bill means you believe over-75s should follow the same rules as everyone else regarding licence fees. Opponents worry it's unfair to other age groups, could reduce BBC funding, or sets a difficult precedent for other laws."
313,"Voting to oppose this bill means you want to keep the current rules where everyone, including over-75s, must pay the licence fee or face legal consequences. Opponents might worry this creates unfairness for younger people who have to pay, or that it reduces funding for the BBC."
314,"[""- Creates unfair exemption where over-75s pay no criminal penalty while younger citizens face prosecution for identical non-payment, undermining equal application of law"",""- Reduces enforcement effectiveness and licence fee revenue, ultimately funded by other licence payers, effectively subsidising one age group at others' expense"",""- The current system already allows flexible payment plans and has exemptions for eligible low-income households; decriminalisation may be unnecessary given existing protections"",""- May set precedent for other age groups or demographics to claim exemption from criminal liability, weakening general legal enforcement and creating special legal status based on age""]"
317,"A vote against this bill means you want to keep the BBC as a publicly-owned service funded by TV licence fees. Opponents worry that privatisation could lead to job losses, fewer programmes for rural areas, higher costs for viewers, or less focus on educational and cultural content that doesn't make much profit."
326,"Voting against this bill means you're concerned it could unfairly deny help to vulnerable people who genuinely need support. Opponents worry the restrictions could harm low-income families, disabled people, or those temporarily out of work who depend on these payments to survive."
337,"[""- Creates additional funding obligations for schools and NHS trusts during periods of public sector budget constraints, potentially diverting resources from other essential services"",""- May burden teachers and school staff with expanded pastoral and bereavement responsibilities without sufficient additional training or dedicated staffing, affecting their ability to teach"",""- Could establish state involvement in what some argue is primarily a family and community responsibility, potentially shifting expectations away from informal support networks"",""- Risks creating bureaucratic referral processes and one-size-fits-all approaches that may not suit all children's individual circumstances, family beliefs, or cultural practices around grief""]"
343,"Voting to oppose this bill means you have concerns about allowing Welsh in jury trials. People might worry about extra costs, delays in trials, the need for Welsh-speaking judges and translators, or whether it could create confusion if not all court staff speak Welsh."
345,"[""- May impose constraints on UK fishing industry operations in international waters through marine protected areas or environmental restrictions, potentially increasing costs for British fishing vessels and reducing access to profitable fishing grounds"",""- Surrenders some UK decision-making autonomy by binding the country to international governance bodies and enforcement mechanisms that the UK cannot unilaterally control or exit from easily"",""- Requires government spending on compliance, monitoring, and enforcement mechanisms with uncertain long-term costs, while benefits from marine genetic resource-sharing remain speculative and long-term"",""- Creates regulatory complexity and potential conflicts between UK domestic ocean policy and international obligations, with enforcement against other nations' violations uncertain and reliant on international cooperation""]"
348,"A vote against this bill means you believe the Church should maintain its current practices regarding bishops, or you think this decision should be made by the Church itself rather than Parliament. Opponents might have religious or traditional concerns about changing long-established Church practices."
350,"Voting to oppose this bill means you want to keep current donation restrictions in place. Concerns might include worries about blood safety, whether the NHS has the right testing systems in place, or disagreement about changing long-standing rules without enough evidence."
355,"- Raises human rights concerns, particularly regarding offshore asylum processing, which may breach international obligations to provide fair hearings and could place vulnerable people in unsuitable conditions far from legal support
- Increases costs significantly through offshore processing infrastructure and detention facilities, potentially costing more than the current system while being less transparent and harder to scrutinise
- Reduces legal routes for asylum seekers, pushing desperate people toward dangerous irregular migration and people smuggling rather than safe, documented pathways to claim protection
- Creates practical problems with deportations, as many countries refuse to accept their nationals back, meaning the bill's enforcement powers may prove ineffective while still restricting asylum access"
356,"[""- Increases barriers to family reunification by making it harder for UK residents to bring spouses, partners and children into the country, separating families and placing emotional and financial strain on relationships"",""- Discriminates against lower-skilled workers and developing nations by prioritising only high-earning professionals, reducing opportunities for nurses, care workers, agricultural workers and other essential but lower-paid roles"",""- Raises citizenship requirements unfairly by requiring longer residency periods (12 years for some) and expensive tests, making it harder for established residents to become British citizens and participate fully in society"",""- Grants excessive enforcement powers to border agencies with limited parliamentary oversight, risking arbitrary decisions, invasive data collection, and potential misuse of biometric information without adequate safeguards or transparency""]"
366,"- A formal review could delay implementation of screening improvements while evidence is gathered and analysed, potentially leaving women without needed changes during the review period
- Mandatory reviews create administrative burden and costs for NHS bodies, diverting resources from frontline screening services and clinical staff to review processes
- Frequent changes to screening guidance (age ranges, frequency) based on reviews may confuse women about whether they should participate, potentially reducing screening uptake rates
- The review's scope could be used to justify restricting or narrowing the screening programme if cost-cutting is prioritised, potentially reducing access to screening rather than improving it"
375,"A vote to oppose this bill means voting to keep the BBC in public ownership. Opponents worry that privatisation could lead to higher costs for viewers, loss of quality programming, reduced coverage of less profitable areas, and that profit-focused owners might cut services."
376,"Voting against this bill means you want the BBC to remain publicly-owned and funded by the TV licence fee. Opponents worry that privatisation could lead to higher costs for viewers, loss of public service programming (like educational content), and that profit-driven companies might focus only on popular shows rather than serving all audiences fairly."
378,"[""- Threatens universal access to news and programming, as a private company would likely cut services that serve niche audiences or rural areas that aren't commercially profitable, undermining public service broadcasting"",""- Could lead to increased advertising and subscription costs for viewers, meaning access to BBC content becomes based on ability to pay rather than citizenship, disadvantaging lower-income households"",""- Eliminates the BBC's obligation to produce educational, cultural, and regional content that serves the public rather than shareholders, potentially reducing programming diversity and quality in favour of commercial ratings"",""- Risks losing the BBC's independence: private ownership could mean control by wealthy individuals or commercial interests with their own agendas, while privatisation doesn't guarantee freedom from political interference""]"
381,"Voting against this bill means you have concerns about prioritising British goods in public sector purchases. Critics worry this could mean paying more for lower-quality products, break international trade rules, harm UK relationships with other countries, or make public services less efficient and more expensive."
383,"[""- May be seen as entrenching colonial-era territorial claims against the preferences of Mauritius and international opinion, potentially damaging diplomatic relationships in the Indian Ocean region"",""- Risks being perceived as prioritising strategic military interests over the rights and welfare of the indigenous Chagotian population to return to their homeland"",""- Could face legal challenges at international courts, where the territory's status remains disputed, resulting in costly litigation and uncertain outcomes"",""- May inadequately address historical injustices of forced displacement or fail to provide meaningful compensation and return mechanisms for Chagotians, perpetuating past wrongs""]"
389,"Voting to oppose means you believe these territories should keep their independence and make their own decisions without more interference from Parliament. People might worry that giving Parliament more power could ignore what local people actually want, or damage the territories' economies and self-governance."
392,"[""- May increase construction costs for developers and homebuyers if domestic brick prices are higher than imports, making housing and building projects more expensive"",""- Could trigger retaliatory trade measures from other countries against UK goods, damaging export industries and international trade relationships"",""- Limits consumer and builder choice by restricting access to specialist brick types or quality products that may only be cost-effectively available from abroad"",""- Diverts government spending and resources toward supporting one industry, potentially crowding out investment in other sectors or alternative building materials that may be more sustainable or cost-effective""]"
395,"Voting against this bill means you're concerned about restricting how sports organizations can sell their broadcasting rights. Opponents worry that protecting free-to-air coverage could reduce the money sports receive, harm investment in the sport, or limit consumer choice about how people watch events."
406,"[""- Reduces government flexibility in responding to emergencies or economic crises by imposing rigid fiscal rules that may prevent necessary spending when circumstances change rapidly"",""- Shifts decision-making power away from elected politicians toward unelected fiscal bodies, potentially constraining democratic choices about public investment in healthcare, education, or infrastructure"",""- May result in pressure for public service cuts or tax increases during economic downturns, when countercyclical spending could actually support the economy and prevent deeper recessions"",""- Creates additional bureaucratic reporting requirements and administrative costs without guaranteeing better economic outcomes, particularly if fiscal rules prove too inflexible for a changing economy""]"
411,"[""- Increases upfront construction costs for developers and builders, which may be passed to homebuyers and renters, making housing less affordable in an already tight market"",""- Creates bureaucratic compliance burdens and delays in building projects through additional inspections, paperwork, and regulatory approval processes that slow housing delivery"",""- May impose disproportionate costs on small builders and renovation contractors who lack resources to adapt to new standards, potentially reducing competition and market diversity"",""- Could be seen as excessive government intervention in private property development, restricting business flexibility and innovation in construction methods and design choices""]"
413,"- Safety concerns: Rushing approval processes or using simplified regulations may compromise thorough safety inspections, potentially allowing substandard construction or overlooking fire safety and structural integrity issues. - Reduces local control: Streamlined national regulations could override local planning concerns, allowing developments that communities object to and weakening council oversight of their areas. - Quality degradation: Pressure to build quickly with prefabricated materials might prioritise speed over quality, leading to poor-quality housing stock that becomes costly to maintain or repair long-term. - Environmental impact: Fast-track approvals could bypass proper environmental assessments, leading to overdevelopment, loss of green spaces, and inadequate infrastructure planning in local communities."
419,"- Employers, particularly small businesses, face significant compliance costs including policy development, mandatory training programmes, and potential administrative burdens from investigation procedures, without clarity on who pays when multiple parties are involved. - Broad definitions of 'bullying' could lead to excessive litigation and tribunal claims over subjective interpretations of workplace interactions, increasing legal uncertainty and creating a culture of complaints rather than resolution. - The bill may impose liability on employers for employee-to-employee conduct beyond their reasonable control, potentially holding companies responsible for bullying they cannot realistically prevent or detect. - Prescriptive statutory requirements could reduce workplace flexibility and managerial discretion, imposing one-size-fits-all solutions that don't account for different industry cultures or organisational contexts."
426,"[""- Franchising schemes require substantial upfront investment and ongoing subsidies from council budgets, potentially diverting funds from other services like social care and libraries during cost-of-living pressures"",""- May reduce competition and private sector efficiency; operators argue that franchising leads to higher costs and less innovation compared to the competitive market model"",""- Creates unequal treatment across the country, wealthy councils may afford comprehensive franchising while poorer areas cannot, widening regional disparities in service quality"",""- Increased regulation and bureaucratic oversight could slow decision-making and make bus services less responsive to passenger demand compared to market-driven operations""]"
427,"Voting to oppose this bill means you think the consultation requirement could slow down decision-making or add unnecessary costs for bus companies. Some might argue that bus operators should have flexibility to make quick changes without lengthy consultation processes, or that existing consultation methods are already sufficient."
428,"[""- Returning to local authority control of routes and fares risks politicizing transport decisions and creating inefficiencies, as councils may prioritize politically popular routes over commercially viable ones, ultimately costing taxpayers more"",""- Bus operators face reduced commercial freedom and flexibility, potentially discouraging private investment and innovation in the sector, with smaller operators possibly exiting the market entirely"",""- Increased public subsidy and control of fares may mask the true cost of bus services, leading to long-term fiscal pressure on local authority budgets at a time when councils face severe funding constraints"",""- The bill does not adequately address driver shortages and recruitment challenges, meaning more funding may simply go toward higher wages rather than expanding service capacity or improving passenger experience""]"
447,"[""- Removes important consumer protections that caravan site licensing provides, including safety standards, waste management, and emergency procedures that protect motor home occupants' welfare and wellbeing"",""- May create loopholes allowing unregulated development of motor home 'sites' that could harm local communities through poor facilities, environmental damage, or inadequate planning oversight"",""- Could disadvantage traditional caravan sites (which remain regulated) by creating an uneven playing field where motor home operators face fewer requirements and associated costs"",""- Risks undermining local planning control by exempting motor home clustering from scrutiny, potentially enabling unauthorised or inappropriate developments that councils would normally regulate through the caravan licensing system""]"
458,"[""- Imposes substantial upfront costs on building owners and landlords for retrofitting existing properties with new heating systems and insulation, potentially passed to renters through higher rents."",""- Places disproportionate burdens on small businesses and private landlords with limited capital compared to large property developers, potentially accelerating sales of family-owned rental properties."",""- Sets demanding timescales that may be technically or logistically unfeasible given current supply chain capacity for heat pumps, skilled tradespeople, and building materials."",""- May increase construction costs and reduce housing supply if building regulations become more expensive to comply with, worsening housing affordability during a shortage.""]"
475,"- Imposes significant additional costs on care providers and local authorities through increased wage and training requirements, potentially leading to service closures or reduced care availability in less profitable areas
- Creates complex new bureaucratic processes for assessing and delivering carer support, which may delay service delivery and increase administrative burden on already stretched local authority budgets
- May result in care home and domiciliary care fees rising substantially for families and the NHS, disproportionately affecting those paying privately or on fixed incomes
- Lacks clarity on funding mechanisms and does not guarantee adequate government investment, risking unfunded mandates that place burdens on councils already facing significant budget cuts"
483,"A vote to oppose this bill means you have concerns about the new rules. Critics might worry about increased costs for businesses, difficulties importing ceramics, or doubt whether country-of-origin labels actually help consumers or the UK pottery industry."
484,"[""- Increases compliance costs for retailers, importers, and manufacturers who must implement new labelling systems, potentially raising consumer prices and affecting small businesses disproportionately"",""- Creates administrative burden for enforcement, requiring government resources to monitor compliance across supply chains and pursue violations without clear cost-benefit analysis"",""- May harm international trade relationships and provoke retaliatory measures from trading partners if seen as protectionist, potentially disadvantaging UK exporters in other sectors"",""- Questions whether country-of-origin labelling meaningfully addresses quality or safety concerns, as manufacturing standards vary within countries and the measure may oversimplify consumer decision-making""]"
493,"[""- May increase water bills: Stricter environmental requirements on water companies could lead to higher treatment and restoration costs passed to households through increased water charges"",""- Limits water availability for growth: Restrictions on water abstraction could constrain water supply for new housing developments and businesses in water-stressed southern England regions"",""- Creates compliance burdens: Water companies and landowners may face costly obligations to monitor compliance, conduct restoration work, and implement new operational procedures"",""- Questions effectiveness vs. cost: Critics argue that chalk stream decline is driven primarily by climate change and broader water scarcity, making the bill's specific regulations potentially expensive relative to their impact""]"
494,"[""- Increases bills for consumers: Mandatory capital investment will be recovered through higher water charges, placing additional financial burden on households already facing cost-of-living pressures"",""- Imposes disproportionate costs on specific regions: Water companies serving chalk stream areas face higher compliance costs, potentially making their services more expensive than competitors in other regions"",""- May not address root causes: Agricultural runoff and diffuse pollution from farming contribute significantly to chalk stream damage; sewerage-focused investment alone cannot solve the full problem"",""- Creates regulatory uncertainty: Prescriptive investment mandates may be inefficient, preventing companies from choosing cost-effective solutions and potentially duplicating infrastructure investment already planned""]"
495,"[""- May restrict water supply: Tighter protections on water abstraction could limit chalk stream water use for agriculture, industry, and public water supplies, potentially increasing costs or supply challenges during droughts"",""- Creates bureaucratic burden: UNESCO designation and associated regulations could impose additional compliance requirements on landowners, farmers, and businesses operating near chalk streams, increasing administration costs"",""- Questions effectiveness of designation: Opposing voices argue that UNESCO status is largely symbolic and won't solve underlying problems like climate change, agricultural runoff, and industrial pollution without substantial additional investment"",""- May affect property rights: Enhanced environmental protections could limit what landowners can do with their property near chalk streams, potentially reducing land value and creating resentment among those whose livelihoods depend on current land use practices""]"
502,"Voting to oppose this bill means you have concerns about giving religious institutions special charitable status. Opponents worry this could mean less tax income for the government, or that some religious groups might not deserve the same benefits as non-religious charities."
510,"- Places significant discretionary power with Cheltenham Borough Council to set fees, rules, and trading conditions, which could be used to exclude certain traders or types of markets based on council preferences rather than objective criteria
- May result in increased costs for market traders if the council raises licensing fees or introduces new charges, potentially making it harder for small businesses and street traders to afford market access
- Could reduce flexibility and innovation in how markets operate if councils impose overly rigid regulations, stifling the development of new market formats or traders wanting to experiment with different trading models
- Lacks specific safeguards in the bill text to prevent the council from using its powers arbitrarily or unfairly, with limited appeal mechanisms for traders who believe decisions are unjust"
512,"- May limit the discretion of judges to consider exceptional circumstances where returning a child to their 'habitual residence' could put them at serious risk of harm or expose them to abuse. - Could make it harder for mothers and children fleeing domestic violence to gain protection if the abusive partner uses the act's return mechanisms to pursue them across borders. - Places significant administrative burden on family courts already facing backlogs, potentially diverting resources from other child protection cases. - May disadvantage vulnerable parents in poorer countries whose legal systems are less developed, as enforcement becomes stricter and more asymmetrical in favour of wealthier nations with stronger legal infrastructure."
518,"[""- May reduce accountability for serious crimes by allowing children to claim exploitation as a defence, potentially limiting justice for victims of crimes committed against them"",""- Could increase complexity in prosecution, as prosecutors must prove exploitation occurred, creating barriers to securing convictions against dangerous offenders"",""- Requires significant additional training and resources for police, courts, and social services to implement properly, raising costs during public sector budget constraints"",""- May be insufficiently targeted, potentially offering protection to children who made genuine choices to commit crimes, or could disadvantage victims if exploited children receive lighter sentences than appropriate""]"
519,"[""- May place significant additional workload and costs on already stretched child protection services, schools, and police forces without sufficient funding or resources"",""- Could expand criminal liability in ways that inadvertently criminalise young people involved in exploitation rather than their abusers, depending on implementation and enforcement"",""- Might create privacy concerns or require intrusive monitoring and information-sharing between agencies without robust safeguards for children's data and confidentiality"",""- May prove difficult to enforce effectively if it relies on complex definitions of 'exploitation' that courts struggle to consistently apply, leading to inconsistent outcomes""]"
528,"- Carries substantial fiscal cost (estimated at £2-3 billion annually by the Institute for Fiscal Studies), requiring either budget reallocation from other public services or increased taxation during a period of constrained public finances
- May not target support efficiently, as some families receiving the benefit do not live in poverty, meaning public money would reach those not in financial need alongside those who are
- Could potentially reduce incentives for fiscal responsibility in family planning, as the removal of financial consequences for larger families might influence reproductive decisions independent of ability to support children
- Risk of unintended consequences on other benefits and support systems, as the interaction between this change and housing costs, childcare support, and other targeted assistance requires careful consideration to avoid creating perverse outcomes"
533,"Critics might worry that the Act could make it harder for abuse survivors to stay hidden from dangerous ex-partners, or that it could put extra burden on already stretched courts and child support services. Some may also be concerned about how the Act balances getting money to children with protecting people from abuse."
535,"Critics worry about the quality of childcare provision and whether settings have enough staff and resources. Some also question whether the funding covers the true cost of childcare, potentially putting pressure on childcare providers and parents to pay top-up fees."
556,"- Infringes on parental freedom and family autonomy by creating state surveillance of educational choices and potentially forcing children into institutional settings against parental preference or family circumstances
- Places significant bureaucratic burdens on home-educating families who already monitor their own children's progress, requiring excessive paperwork and registration that could deter legitimate home education
- Lacks sufficient safeguards against state overreach, as local authorities could use register data to challenge parents' decisions disproportionately, particularly affecting minority religious communities and alternative education philosophies
- May be poorly targeted, catching families in temporary transition between schools or those with legitimate reasons for part-time education, while not effectively reaching the genuinely hidden children due to enforcement limitations"
560,"Voting to oppose this bill means you think children's clothes should keep the current tax rate. Concerns might include that it reduces government tax income, or that other essentials like food are already tax-free so children's clothes don't need special treatment."
561,"- Results in lost tax revenue for the government (estimated at hundreds of millions of pounds annually), requiring cuts elsewhere or tax rises
- Benefits wealthier families disproportionately in absolute terms, as they purchase more and higher-priced children's clothing
- May cause inflation if retailers don't pass savings directly to consumers, reducing the real benefit to families
- Could be less effective than targeted support like increasing child benefit or tax credits, which directly help families most in need"
562,"[""- Requires significant public expenditure at a time when NHS and public service budgets are constrained, potentially diverting funds from other healthcare priorities"",""- May reduce charitable donations to hospices if donors assume government funding replaces the need for private contributions, paradoxically weakening overall funding"",""- Creates dependency on government funding, making hospices vulnerable to future budget cuts or political changes in funding priorities"",""- Does not address underlying issues in children's palliative care infrastructure, such as lack of specialist training pathways or coordination between NHS and hospice services""]"
563,"- The bill may place additional administrative and training burdens on schools already stretched by budget constraints, diverting resources from teaching and academic support
- Without sufficient NHS capacity and funding to match demand, the bill risks creating referral pathways to services that cannot actually provide timely treatment, raising expectations schools cannot fulfill
- Increased mental health focus in schools could medicalize normal childhood behaviour and emotions, over-relying on diagnosis and intervention rather than resilience-building and natural development
- Concerns that expanded data collection and monitoring for safeguarding purposes could create excessive surveillance of children and families, with unclear data protection safeguards and potential for misuse"
564,"Voting against this bill means you're concerned about the impact on government finances or don't think it's the best way to help families. Critics might argue the lost tax money could be spent on other services, or that the savings might not reach lower-income families if shops don't pass on the full discount."
567,"[""- May be seen as unnecessary intervention in Church of Scotland internal affairs, when the church should have complete independence to determine its own constitutional arrangements"",""- Could entrench an anachronistic ceremonial position that ties a modern, diverse church too closely to royal and state institutions, rather than allowing secular separation"",""- The costs of maintaining this formal office and the Lord High Commissioner's duties could be better spent on direct charitable or pastoral work within the church"",""- Potential restrictions on who can be appointed (based on eligibility criteria in the bill) might exclude qualified individuals or be seen as imposing external constraints on the church's internal selection""]"
571,"Voting against this bill means you have concerns about the idea. People might worry that randomly selected citizens lack expertise, that it could slow down decision-making, or that politicians might ignore the recommendations anyway."
577,"[""- Grants significant deregulatory powers to the City of London Corporation without sufficient parliamentary scrutiny, potentially weakening environmental, safety, or trading standards oversight"",""- May enable increased commercialization or privatization of markets that have traditionally operated as public trading spaces, potentially raising costs for small traders and businesses"",""- Could facilitate property redevelopment or gentrification of market areas if the Corporation prioritizes real estate value over traditional market functions and community access"",""- Transfers control of important public assets and trading infrastructure to an unelected body with limited democratic accountability to London residents or market users""]"
588,"Voting against this bill means you believe civil partnerships should remain only for same-sex couples, or that marriage is the appropriate legal option for different-sex couples. Opponents might worry about confusion between civil partnerships and marriage, or feel the change is unnecessary."
599,"[""- Could impose significant compliance costs on businesses, particularly manufacturing, transport, and energy sectors, potentially increasing prices for consumers or requiring substantial capital investment in pollution controls"",""- May create excessive litigation risk, allowing citizens to bring numerous lawsuits against councils, hospitals, and public bodies, diverting resources from service delivery to legal defence and settlements"",""- Sets air quality standards based on WHO guidelines that may be technically or economically difficult to achieve in urban areas within realistic timeframes, creating legal obligations the government cannot feasibly meet"",""- Could shift regulatory power from elected bodies and expert agencies to courts, where judges rather than democratic processes determine environmental policy and enforcement priorities""]"
600,"- Imposes significant compliance costs on industry, particularly manufacturing, transport, and energy sectors, which may be passed to consumers through higher prices or lead to business relocations overseas. - Creates potential legal liability exposure for government, which could face constant lawsuits from citizens and environmental groups, diverting resources and creating uncertainty in policy implementation. - The bill's air quality standards may be economically unachievable without massive disruption to transport, heating, and industry, potentially requiring restrictions on driving or heating in winter months. - Shifts environmental regulation primarily to courts rather than elected Parliament and expert regulators, meaning judges rather than democratically-accountable bodies would determine how strictly standards are enforced and what measures are required."
605,"[""- Fixed penalty schemes may disproportionately affect lower-income households who cannot afford fines, criminalising poverty rather than addressing root causes of littering and vandalism"",""- Expands enforcement powers without adequate safeguards, risking inconsistent application across different councils and potential overuse against vulnerable groups"",""- Shifts responsibility onto cash-strapped local authorities already facing budget cuts, without necessarily providing additional funding to implement these enforcement measures"",""- May prioritise punishment over prevention and education; investing in waste management infrastructure and community engagement could address environmental problems more effectively than fines""]"
610,"[""- Strict emissions targets may increase energy bills for households and production costs for businesses, particularly manufacturing and agriculture, with costs potentially passed to consumers or causing job losses in carbon-intensive sectors"",""- Ambitious timelines for nature recovery require significant land use changes that could affect farming practices, food production, and rural livelihoods without guaranteed compensation or transition support for affected communities"",""- Regulatory complexity and new enforcement mechanisms create additional bureaucratic costs for businesses and local authorities, potentially diverting resources from other public priorities and slowing decision-making"",""- International competitiveness concerns: stricter UK standards than competing economies (EU, US, China) may disadvantage British manufacturers and industries without equivalent global action, risking carbon leakage abroad""]"
617,"Voting to oppose this bill means you have concerns about the targets themselves - perhaps they're too strict and would cost jobs, or too loose and won't actually help the environment. Some may also worry about the costs to businesses or whether other countries are doing their fair share."
618,"A vote to oppose this bill means you have concerns about the approach. People might worry that sector-specific targets could be expensive for businesses, might not be flexible enough to respond to new technology, or could unfairly burden certain industries compared to others."
621,"- Could increase energy bills in the short term if fossil fuel subsidies are removed without sufficient renewable capacity, disproportionately affecting low-income households already struggling with cost of living despite long-term savings. - May harm UK fossil fuel workers and communities dependent on coal, oil, and gas industries without guaranteed transition support, retraining programmes, or investment in alternative local employment, risking job losses in regions like Wales and northern England. - Creates competitive disadvantage if other countries (particularly major economies like China and India) continue subsidising cheap fossil fuels, potentially making UK manufacturing less cost-competitive and encouraging carbon-intensive production to relocate overseas. - Reduces government flexibility in energy policy during emergencies or volatile markets if fossil fuel capacity is rapidly scaled down, and risks energy security if renewable infrastructure is not reliably developed fast enough to meet demand."
623,"- Mass surveillance concerns: Widespread CCTV promotion could enable constant monitoring of public movements, potentially chilling free speech, protest, and everyday liberty without clear evidence that this level of surveillance is necessary. - Privacy erosion: Citizens may be filmed without meaningful consent in many everyday situations (shops, streets, transport), creating detailed records of their movements and habits that could be misused or breached. - Disproportionate impact on marginalised groups: Evidence suggests CCTV systems can embed bias in policing and security, with certain communities disproportionately monitored and targeted based on existing stereotypes. - High costs with unclear returns: Significant public spending on CCTV infrastructure, maintenance, and monitoring may deliver limited crime reduction benefit compared to investment in community policing, youth services, or social interventions with stronger evidence bases."
626,"Some people might worry that banning these weapons could weaken the UK's military capabilities or defence options. Others might argue that the ban should be international rather than just UK-based, since other countries could still use cluster munitions elsewhere in the world."
631,"Voting against this bill means you believe the current law is fine as it is, or you're concerned it gives too many marriage-like benefits to people who chose not to marry. Some people worry it could encourage couples not to marry, create complicated legal disputes, or that marriage should remain special with its own unique protections."
645,"Voting against this bill means you think landlords should keep the right to include upward-only rent clauses in their contracts. Opponents worry that removing this option could discourage property investment, reduce business properties available to rent, and harm landlords' ability to cover rising costs."
647,"Voting against this bill might mean you think the current system works fine, or you're worried that a new committee could slow down the award process or make it too complicated. Some might argue it's unnecessary bureaucracy or that it takes decision-making away from existing authorities."
656,"[""- Grants exemptions and immunities that place these organisations above standard UK law and regulation, potentially creating accountability gaps if they cause harm or misuse their privileged status without adequate oversight mechanisms"",""- The International Committee of the Red Cross may receive preferential treatment in the UK despite not being a democratically accountable body, raising concerns about unelected organisations operating with special privileges without UK parliamentary scrutiny"",""- Could set a precedent for other international organisations to claim similar status, progressively eroding UK regulatory authority and creating a patchwork of exemptions that undermine consistent application of the law"",""- The specific immunities granted are not clearly detailed in the bill title alone, making it difficult for Parliament to scrutinise exactly what exemptions are being provided and whether they are proportionate to the organisations' actual needs""]"
661,"[""- A review may delay meaningful action; producing recommendations without binding implementation timelines could result in further studies without concrete policy change or funding commitments"",""- Community energy projects typically operate at smaller scales and higher per-unit costs than utility-scale renewables, potentially representing less efficient use of limited public investment compared to larger renewable infrastructure"",""- May impose regulatory complexity or additional compliance burdens on small community groups and local councils managing projects, diverting limited volunteer effort and funding away from actual energy generation"",""- Does not guarantee new funding or grid infrastructure investment; without accompanying financial mechanisms or grid upgrades, communities may still face prohibitive costs to connect projects to the national electricity system""]"
666,"[""- Creates excessive bureaucratic burden and compliance costs for small and medium-sized enterprises (SMEs) who lack large legal teams, potentially stifling entrepreneurship and business growth"",""- Introduces vague legal standards around 'stakeholder interests' that give courts too much discretionary power to second-guess business decisions, creating legal uncertainty for directors"",""- Increases personal legal liability for directors may deter talented professionals from taking directorships, particularly in high-risk sectors, reducing the quality of business leadership"",""- Disproportionately disadvantages UK companies compared to international competitors who face less stringent director accountability rules, potentially driving investment and jobs overseas""]"
675,"[""- Could stigmatize abortion care by creating a separate reporting requirement not applied equally to other medical procedures, suggesting abortion is uniquely risky"",""- May discourage women from seeking abortion services if complication data is presented without context comparing it to risks of continuing pregnancy or other medical procedures"",""- Places administrative burden on already-stretched NHS resources without clear evidence that a dedicated annual report is more effective than existing adverse event monitoring systems"",""- Risks being used politically to influence abortion policy rather than improve medical practice, particularly if reported data lacks scientific context or comparative analysis""]"
678,"Critics worry about the cost to local councils and taxpayers who have to pay for free bus passes. Some argue that the money could be spent on other services, or that means-testing (only giving help to those who really need it) would be fairer."
693,"Critics might worry that the government is spending too much money or spending it on the wrong things. During the 2008-2009 financial crisis, some people were concerned about how much debt the country was taking on."
699,"Voting against this bill means you have concerns about creating a new Constitutional Convention. Opponents might worry it could be expensive, slow down decision-making, or that such major constitutional discussions should be decided by Parliament directly rather than by a separate convention."
710,"[""- May strain diplomatic relationships with foreign governments if the UK regularly intervenes in their legal proceedings, potentially damaging broader trade and security interests"",""- Could create significant costs to the Foreign Office, requiring dedicated legal teams and resources to support potentially numerous cases across different jurisdictions"",""- Might encourage riskier journalism by signalling government protection exists, potentially putting journalists in greater danger if they feel protected by state backing"",""- Could be exploited by non-journalists claiming to be reporters, or may be difficult to define which individuals qualify as 'journalists' in the age of independent online publishing""]"
717,"- Increases costs for manufacturers who must conduct safety testing and reformulate products to comply with new regulations, potentially raising prices for consumers and disadvantaging small businesses unable to absorb compliance expenses. - Creates unnecessary barriers to innovation by imposing strict pre-approval requirements that may slow the introduction of new antimicrobial technologies and products to market. - Duplicates existing safety frameworks, as consumer products are already regulated under other legislation (such as the Health and Safety at Work Act), creating bureaucratic overlap without additional consumer benefit. - Reduces consumer choice by potentially banning or restricting biocides in products where consumers actively want antimicrobial properties (such as antibacterial soaps or food storage containers), overriding individual preference with regulatory paternalism."
738,"[""- Slows down the government's ability to respond quickly to new dangerous drugs emerging on the market, potentially delaying protections for public health while Parliament goes through lengthy debate and voting procedures"",""- Places an additional burden on Parliament's already stretched timetable, forcing MPs to spend time on drug scheduling votes that could be spent on other legislation and constituency matters"",""- May lead to less consistent or coherent drugs policy if Parliament becomes a forum for political point-scoring rather than evidence-based decisions about which substances are genuinely harmful"",""- Risks creating legal loopholes if drugs are not banned quickly enough through the slower parliamentary process, allowing new psychoactive substances to remain available while waiting for legislative approval""]"
750,"Voting against this bill means you have concerns about the new housing model or how it might work in practice. People might worry about legal complications, unclear responsibilities between co-op members, or whether this could create problems for lenders and property transactions."
751,"[""- Imposes additional regulatory and administrative burdens on co-operative housing groups, requiring compliance with governance frameworks that may be complex and costly for smaller or volunteer-run organisations"",""- Limits individual property ownership and wealth accumulation; members cannot sell their stake at market rates or pass on property as inherited assets like traditional homeowners"",""- May create complexity in the housing market by introducing a third tenure type alongside renting and ownership, potentially confusing buyers and complicating property transactions"",""- Requires members to participate in collective decision-making and management, which demands time commitment and may lead to disputes when members disagree on maintenance, rules, or financial decisions""]"
752,"Voting to oppose this bill means you have concerns about co-operative schools. People might worry that sharing decision-making power could slow things down, that not all parents/staff want to be involved in management, or that schools need clear leadership rather than group decision-making."
754,"Voting against this bill means you have concerns about permanent shares - perhaps worrying that investors' money could get stuck, or that this change might make co-operatives too similar to regular companies and lose what makes them special. People might also fear it could be risky for people investing their money."
761,"- Adds curriculum requirements and costs to schools already stretched financially, potentially diverting resources from core subjects like mathematics, English, and science. - Questions whether Cornish language education has practical utility compared to learning widely-spoken languages like Spanish or Mandarin that benefit career prospects. - Raises concerns about whether mandatory education in Cornish could create divisions between Cornish-heritage families and other residents, or place pressure on students who may not wish to learn the language. - Suggests that heritage preservation might be better achieved through voluntary community initiatives and cultural organisations rather than compulsory state education."
806,"- Removes important safeguards that in-person hearings provide, including difficulty assessing witness credibility through body language and the risk of technical failures that could delay or compromise justice. - May disadvantage defendants and litigants without reliable internet access or digital literacy, potentially creating a two-tier system where wealthier individuals can access better remote facilities while vulnerable people struggle with technology. - Risks undermining the principle of open justice and public confidence in courts, as remote hearings may reduce transparency and the public's ability to observe proceedings, particularly important in criminal cases. - Could compromise the right to a fair trial by making it harder for lawyers to communicate privately with clients, prepare evidence documents, and cross-examine witnesses effectively compared to courtrooms designed for these purposes."
807,"[""- May restrict access to justice if fees increase or if certain fee exemptions are removed, making it harder for low-income individuals to bring claims to court or tribunal"",""- Online and remote hearings could disadvantage vulnerable people, those without digital skills, those without reliable internet access, or those who need face-to-face support during proceedings"",""- Could weaken legal protections or procedural safeguards if rules are changed without sufficient scrutiny, potentially affecting the fairness of hearings or the quality of justice"",""- Proposed changes to tribunal structures or jurisdiction could make it harder for workers, tenants, or consumers to enforce their rights if specialist tribunals lose independence or resources""]"
809,"Voting against this bill means you have concerns about moving too much of the legal system online. People might worry that online hearings disadvantage those without good internet access, make it harder for vulnerable people to get fair treatment, or remove the formality and protections of in-person court appearances."
815,"- Could significantly increase vaccine hesitancy by suggesting vaccines cause widespread harm, potentially discouraging take-up of future vaccines during public health emergencies - Creates potential for fraudulent claims or claims based on coincidental illnesses unrelated to vaccination, requiring costly investigation and adjudication - May expose taxpayers to substantial, unquantified financial liability if the scheme attracts large numbers of claims - Could undermine confidence in vaccine safety decisions made by medical regulators and the government, despite extensive monitoring data showing Covid vaccines have favourable safety profiles"
819,"- May create financial liability for the government and potentially set a precedent for no-fault compensation across other medical treatments, with uncertain long-term costs. - Could undermine public confidence in vaccine safety by implying vaccines carry significant risk of serious injury, potentially reducing future vaccination uptake during health emergencies. - Raises questions about causation: determining which health conditions are genuinely caused by vaccines versus coincidental timing is medically and legally complex, risking inappropriate payouts. - May reduce manufacturer accountability if compensation is paid by the state rather than through legal claims, potentially weakening incentives for safety standards in future vaccine development."
831,"[""- Expands police stop-and-search powers which disproportionately affect Black, Asian and minority ethnic communities, raising concerns about discrimination and erosion of civil liberties"",""- Introduces broadly-worded offences around protest that could criminalize legitimate political expression and peaceful demonstration, potentially chilling democratic participation"",""- Gives police significant discretion in defining what constitutes disruptive protest, with limited parliamentary oversight and potential for inconsistent or prejudicial enforcement"",""- Prioritizes enforcement powers over investment in community policing and crime prevention, and does not address underlying causes of crime such as poverty or lack of social services""]"
834,"- Could overwhelm the CCRC with frivolous or unfounded petitions, diverting resources from serious cases and delaying genuine reviews of potential miscarriages of justice
- May undermine the CCRC's independence and professional judgment by forcing it to justify decisions to public pressure and petitions, potentially compromising impartial case assessment
- Risks reopening cases based on public opinion or media campaigns rather than genuine legal merit, creating instability in the finality of criminal convictions and unsettling victims
- Could increase costs to the criminal justice system and the CCRC without clear evidence that public petitions would identify cases that trained legal professionals would have missed"
843,"[""- Creates additional bureaucratic costs and delays by adding a formal review process rather than making direct improvements to help victims more quickly"",""- May raise expectations among victims and campaigners that significant changes will follow, risking disappointment if recommendations are ignored or underfunded"",""- Could increase CICA's administrative burden and costs during the review period, potentially reducing resources available for processing actual compensation claims"",""- Risks becoming a time-consuming process that postpones needed reforms rather than implementing immediate changes to help victims who need compensation now""]"
862,"[""- Reduces the Crown's independent financial security and traditional property rights, undermining the constitutional separation between the monarchy and government control"",""- May discourage long-term investment in Crown Estate assets if profits are diverted to short-term government spending rather than reinvested in maintaining and improving properties"",""- Shifts significant wealth from the monarchy to the state without corresponding reduction in taxpayer funding for the royal household through the Sovereign Grant, effectively double-taxing the Crown"",""- Sets a problematic precedent for retroactively changing centuries-old property arrangements and could invite future political interference in other traditional institutions or property rights""]"
863,"Voting against this bill means you want the Crown Estate to remain under UK-wide control. Concerns might include that Wales could lose funding, that splitting up the Crown Estate could be inefficient, or that this is a step towards breaking up the United Kingdom."
864,"[""- Reduces UK Treasury income: The Crown Estate currently contributes significantly to UK-wide finances; Welsh devolution would reduce central government revenue available for England, Scotland, and Northern Ireland."",""- Creates complexity and inefficiency: Splitting Crown Estate management across four different authorities (England, Scotland, Wales, and Northern Ireland) could duplicate costs, create administrative overlap, and complicate large-scale projects affecting multiple regions."",""- Unequal bargaining power: A Welsh Crown Estate body might lack negotiating strength with large corporations on major infrastructure projects compared to the current centralized entity, potentially resulting in less favorable terms."",""- Sets precedent for fragmentation: Could encourage further demands for devolution of other UK-wide assets and institutions, potentially weakening integrated UK approaches to energy policy, infrastructure, and economic management.""]"
865,"[""- Could expose the prison service to significant financial liability and compensation payouts, potentially diverting resources from rehabilitation programmes and prison operations to legal costs and damages"",""- May discourage experienced prison staff and managers from working in the service if they face increased personal and institutional legal exposure for decisions made in complex, high-risk environments"",""- Could lead to defensive decision-making where prisons restrict prisoner activities or impose harsher conditions to minimise legal risk, rather than improving rehabilitation and rehabilitation outcomes"",""- May create a flood of litigation that overwhelms courts and the prison system, particularly from prisoners with limited access to legal advice, resulting in lengthy delays for legitimate claims""]"
872,"- Mandatory reporting may deter victims from disclosing incidents due to reputational damage, loss of customer confidence, or share price falls, particularly for publicly listed companies or those in sectors like finance and healthcare. - Organisations may face competitive disadvantage if reporting reveals commercially sensitive information about their security vulnerabilities, attack vectors, or the scope of data compromised. - Small businesses and charities lack resources to manage compliance, implement robust reporting systems, and deal with potential regulatory investigations, creating disproportionate burden on non-large enterprises. - Cybercriminals may escalate violence or threats against organisations they know will report them, or shift tactics to avoid reporting requirements, potentially making the reporting requirement ineffective at reducing actual harm."
873,"- Imposes significant compliance costs on businesses, particularly mid-sized companies, who must invest in new security infrastructure, staff training, and reporting systems to meet stricter regulatory requirements. - Creates potential bureaucratic delays and administrative overhead through mandatory incident reporting and regulatory investigations, which could slow response times rather than improve them if processes become unwieldy. - May disadvantage UK businesses competing globally if international competitors face less stringent cyber security regulations, potentially pushing investment and operations overseas. - Grants regulators broad enforcement powers with substantial fines, creating concerns about disproportionate penalties for unintentional non-compliance and unclear standards that could be interpreted inconsistently across different sectors."
874,"A vote to oppose this bill means you don't want to make helmet-wearing compulsory by law. People who oppose it might worry about the cost of helmets for families, whether laws are the best way to change behaviour, or concerns about restricting personal freedom and responsibility."
877,"[""- Increases consumer costs for milk and dairy products by limiting cheaper imports, placing greater financial burden on low-income households and families"",""- May trigger retaliatory trade measures from other countries, potentially damaging UK exports of other agricultural and non-agricultural goods"",""- Creates complex regulatory compliance requirements and bureaucratic costs for smaller farms that lack resources for extensive paperwork and inspections"",""- Could reduce consumer choice and product variety by restricting access to imported dairy products, limiting options available on supermarket shelves""]"
886,"[""- Weakening restrictions on high-risk dog types could increase serious injuries and deaths, particularly among children and vulnerable people, if enforcement of individual assessments is inadequate"",""- Assessment procedures for individual dogs may be inconsistent, under-resourced, or poorly enforced across local authorities, creating dangerous loopholes in public safety protection"",""- Places greater burden on police and local councils to prove owner negligence rather than relying on clear breed restrictions, potentially making enforcement slower and less effective"",""- May be seen as reversing public safety protections introduced after high-profile fatal dog attacks, potentially reducing public confidence in government commitment to preventing dog-related injuries""]"
889,"[""- Places significant compliance burdens and costs on small businesses and charities that lack dedicated data teams, potentially disadvantaging them against large tech companies with extensive resources"",""- Data access provisions for researchers and public bodies could risk privacy if anonymisation is inadequate or re-identification becomes possible through data linking"",""- Restricts certain legitimate business uses of data (such as targeted advertising or algorithmic decision-making) that some argue drive innovation and free digital services"",""- Creates ambiguity about which organisations must comply and how rules apply across different sectors, potentially leading to inconsistent enforcement and legal disputes""]"
894,"[""- May impose significant administrative and financial costs on government departments responsible for immigration, requiring new systems, staffing, and processes to meet mandatory data publication standards"",""- Could restrict government flexibility in responding to emerging immigration challenges, as legal obligations to publish data in fixed formats may prevent adapting statistics to new policy priorities or changing circumstances"",""- Risks publishing data that could be misinterpreted or weaponised in political debate, as raw statistics without sufficient context might fuel misleading narratives about immigration regardless of accuracy standards"",""- May create privacy concerns by requiring publication of detailed demographic data that, while anonymised, could potentially allow identification of individuals or vulnerable groups in certain contexts""]"
899,"[""- Represents a direct cost to UK taxpayers, potentially in the millions of pounds, that could alternatively fund domestic public services like the NHS or social care"",""- May reward poor governance or corruption in developing countries if debt relief is not conditional on transparency, democratic reforms, or anti-corruption measures"",""- Could create moral hazard by signalling to other debtor nations that the UK will forgive loans, potentially encouraging future governments to borrow irresponsibly"",""- Unfairly transfers the burden of relief to UK citizens while private creditors and other wealthy nations avoid write-offs, creating an unequal distribution of the cost""]"
902,"Voting against this bill means you have concerns about how the government plans to reduce emissions or manage the economic changes involved. People might worry about costs to businesses, impacts on jobs in traditional industries, or whether the plans are realistic and well-thought-out."
906,"[""- Raises privacy concerns by requiring candidates to publicly disclose personal financial information, including sources of income and gifts, which some argue is an excessive intrusion into private affairs"",""- May deter qualified candidates from running for office, particularly those with complex legitimate business interests or family wealth, who may face scrutiny or become targets for harassment based on disclosed information"",""- Could be ineffective if enforcement mechanisms are weak or if wealthy individuals simply hide assets through shell companies or other legal structures, placing a burden only on transparent candidates"",""- Assumes Russian electoral authorities will enforce declarations fairly and impartially, but critics question whether such transparency measures work in systems where institutional independence or rule of law is limited""]"
908,"Opponents worry that deep sea mining could harm ocean ecosystems and wildlife that we don't fully understand yet. They're concerned about pollution, damage to fish populations, and that the long-term effects on our oceans are too risky."
924,"[""- May increase costs for dentists, particularly small practices and independents, as mandatory insurance premiums will become a fixed business expense that could be passed to patients through higher fees"",""- Could impose bureaucratic requirements and compliance obligations that divert resources from clinical care and practice management, especially for smaller dental teams"",""- May exclude or create barriers for certain practitioners (rural dentists, newly qualified professionals, or those with claims history) if insurance becomes unaffordable or unavailable at reasonable rates"",""- Could be seen as unnecessary regulation if existing professional indemnity insurance uptake is already high, imposing legal requirements that replicate voluntary market behaviour""]"
940,"[""- Risks creating stateless persons: Even with modifications, the bill could leave individuals without any nationality, which violates international law under the UN Convention on the Reduction of Statelessness, which the UK has signed."",""- Vague definition of 'promotion': The term 'promotion of terrorism or violence' is broad and could capture legitimate political speech, protest, or journalism. The threshold for deprivation may be lower than criminal conviction, removing due process protections."",""- Undermines citizenship as a fundamental right: Citizenship shouldn't be conditional or revocable based on speech or political views. This sets a precedent where the state can withdraw fundamental legal status without full criminal trial."",""- Practical ineffectiveness and displacement: Stripped individuals remain physically present in the UK or simply relocate to other countries where they may pose greater security risks with reduced oversight. It does not address the underlying threat.""]"
941,"[""- Removes practical citizenship rights before appeals are concluded, potentially leaving individuals stateless or in legal limbo if they later win their appeal, causing irreversible harm"",""- Weakens procedural fairness by taking away citizenship during the appeal process itself, when cases are actively being reviewed for legal correctness"",""- May breach international obligations on statelessness and the right to fair process, particularly the European Convention on Human Rights protections for legal proceedings"",""- Disproportionately affects vulnerable groups who may struggle to mount effective legal challenges while already deprived of citizenship status and its associated protections""]"
944,"Voting against this bill means you're concerned that removing regulations could harm workers, the environment, or consumers. Opponents worry that rules exist to protect people's safety, fair working conditions, and standards - and removing them could put vulnerable groups at risk."
956,"[""- Creating separate immigration systems across the UK could create significant practical complexity for employers, migrants, and enforcement agencies operating across borders, increasing administrative burden and costs"",""- Different immigration rules between Scotland and the rest of the UK could incentivize migration patterns that destabilize the broader UK labour market or create unequal treatment of UK citizens based on location"",""- This could be a step toward further Scottish independence and constitutional fragmentation of the UK, raising questions about whether partial devolution of immigration policy is sustainable long-term"",""- Scotland currently benefits from cross-border labour mobility within the UK; separate systems might restrict this freedom and harm businesses and workers who operate across Scotland's borders""]"
963,"- Disregards the rights and interests of the Chagossian people, who were forcibly removed from the islands in the 1960s-70s and remain unable to return to their homeland, raising serious human rights concerns. - Contradicts a 2019 UN advisory opinion and ongoing international pressure favouring Mauritius's territorial claim, potentially isolating the UK diplomatically and damaging its reputation on decolonisation issues. - Perpetuates the use of BIOT as a location for rendition and controversial military operations, with concerns about lack of oversight and accountability for actions on the base. - Prioritises military interests over resolving historical injustices and may complicate efforts toward a negotiated settlement with Mauritius and compensation for displaced Chagossians."
966,Critics worry the Act gives too much power to internet providers to disconnect people suspected of illegal file-sharing without proper court involvement. Others are concerned it could slow down internet speeds and may not actually stop piracy effectively.
979,"Critics worry the Act keeps the old EU subsidy system in place, which may benefit large farms more than small ones. Some argue the money should be used differently to encourage more sustainable or environmentally-friendly farming instead."
1003,"Voting against this bill means you have concerns about the proposed changes to divorce finances. People might worry it could disadvantage certain groups (like stay-at-home parents or lower earners), cost too much to implement, or that the current system works well enough."
1006,"Voting against this bill means you have concerns about the proposed changes to divorce finances. People might worry it could disadvantage certain groups (like stay-at-home parents), cost too much to implement, or that the current system works well enough."
1007,"Voting against this bill means you have concerns about the proposed changes to divorce financial rules. People might worry the changes could disadvantage one spouse (like stay-at-home parents), be too complicated, or cost too much to implement."
1017,"A vote to oppose this bill means you have concerns about the new rules or how they'll work in practice. Opponents might worry the bill is too strict on dog owners, could unfairly target certain dog breeds, or that it doesn't address the real root causes of dog-related problems."
1023,"[""- May grant farmers broad authority to harm or kill dogs with minimal evidence of threat, potentially endangering pets that wander onto farmland without attacking livestock"",""- Could disproportionately affect rural dog owners through strict liability rules, holding them accountable for their dogs' actions even when precautions are taken"",""- Risks criminalizing or penalizing dog owners excessively without proportionate consequences, potentially leading to destruction of dogs in cases of minor or non-lethal incidents"",""- May create conflict between rural and urban communities by establishing different standards of animal protection, with farm animals prioritized over companion animals in legal disputes""]"
1024,"[""- May impose excessive liability on dog owners for incidents they cannot reasonably control or foresee, particularly in areas where livestock and residential areas overlap"",""- Could disproportionately affect rural dog owners with stricter regulations than urban dog owners face, despite different circumstances and risk levels"",""- May result in unnecessary destruction of dogs in cases where incidents are accidental or where alternative solutions (like training or containment improvements) could resolve the issue"",""- Could increase legal costs and insurance premiums for dog owners without proportionally reducing actual livestock losses if the root causes (poor fencing, inadequate supervision) aren't also addressed""]"
1025,"A vote against this bill means you have concerns about the registration requirement. People might worry about extra costs for dog owners, privacy issues with government databases, whether it would actually solve dog-related problems, or if the money could be spent better elsewhere."
1029,"[""- May increase prison populations further, leading to higher incarceration costs and potentially diverting resources from preventative services and victim support programmes"",""- Could create prosecution and evidential challenges, as proving aggravating factors requires additional evidence and may complicate cases or delay justice for victims"",""- Risks widening sentencing disparities if judges interpret aggravating factors inconsistently, potentially disadvantaging some victims depending on which court handles their case"",""- Focuses on criminal punishment rather than addressing root causes of domestic abuse such as perpetrator behaviour change programmes or economic support for leaving abusive relationships""]"
1030,"[""- Potential enforcement challenges: Courts and police already face resource constraints; adding pet-specific provisions may complicate investigations and divert attention from other aspects of abuse cases"",""- Definitional complexity: Distinguishing between legitimate pet discipline, accidents, and criminal abuse could be difficult and lead to inconsistent application or false accusations"",""- Risk of disproportionate focus: Emphasising pet protection might shift attention from physical harm to the victim themselves, or complicate cases where priorities need to be clearly ordered"",""- Alternative existing remedies: Animal cruelty is already illegal under separate legislation; opponents argue this bill duplicates protections rather than addressing gaps in how existing laws are applied in domestic abuse contexts""]"
1031,"[""- Imposes compliance costs on employers: smaller businesses may struggle with the administrative overhead of managing leave requests, verifying eligibility, and covering absent staff, potentially without dedicated HR resources"",""- Creates potential for misuse: without verification requirements, the bill could be exploited by employees claiming abuse when none has occurred, creating unfair advantage or leaving employers vulnerable to false claims"",""- Leaves key details undefined: the bill may lack clarity on how much leave is granted, how employers verify eligibility without intrusive questioning, and what documentation, if any, is required to prevent abuse"",""- May inadvertently harm privacy: despite intentions, workplace awareness of domestic abuse leave might signal vulnerability to colleagues, potentially affecting workplace relationships, promotion prospects, or creating additional safeguarding concerns""]"
1033,"[""- Increased regulatory compliance costs and insurance requirements may be passed to consumers through higher quotations, making building work less affordable for lower-income households"",""- Small builders and independent tradespeople may struggle to meet new administrative and qualification standards, reducing competition and choice in the market, or forcing consolidation into larger firms"",""- Prescriptive contract and qualification rules could create unnecessary bureaucracy without addressing root causes of poor workmanship, and may burden reputable builders with excessive red tape"",""- New enforcement bodies and dispute resolution schemes require public funding and create new bureaucratic agencies, with unclear effectiveness or cost-benefit compared to existing consumer law remedies""]"
1036,"Voting to oppose this bill means you think keeping VAT on energy at current levels is better. People might worry that reducing this tax could lose money the government needs for public services, or argue the money should help lower-income families in other ways instead."
1038,"[""- Reduces government tax revenue by several hundred million pounds annually, requiring either cuts to public services (NHS, schools, social care) or increased borrowing and debt that future taxpayers must service"",""- Provides a blanket subsidy to all households regardless of need, meaning wealthy households receive the same VAT cut as struggling families, making it an inefficient use of public money compared to targeted support"",""- May provide only temporary relief if energy companies absorb some of the tax saving rather than passing it fully to consumers, reducing the actual benefit to householders"",""- Does not address underlying causes of high energy costs such as supply chain issues, infrastructure investment needs, or international energy market volatility, offering a short-term fix rather than sustainable solutions""]"
1039,"[""- Delays action on climate change targets when homes account for significant UK carbon emissions, another consultation period wastes time we don't have to meet net-zero goals"",""- Merely calling for evidence without guaranteeing new legislation means the exercise could result in no meaningful policy change, leaving the current patchwork of weak standards in place"",""- Homeowners and renters currently lack protection or incentives for energy improvements, and a lengthy evidence-gathering process favours the status quo over pushing necessary change"",""- Other countries have already implemented successful mandatory efficiency standards without lengthy consultations, suggesting the UK could act faster rather than repeat consultation cycles""]"
1046,"Voting to oppose this bill means you have concerns about the rules. People might worry about the cost of making homes more energy-efficient, or that it could unfairly burden landlords and low-income homeowners who can't afford the upgrades."
1064,"- Disproportionate impact on low-income drivers: higher penalties may burden economically vulnerable people more severely, potentially trapping them in cycles of debt or pushing borderline drivers further into illegal non-compliance
- Administrative burden on enforcement: expanded enforcement powers require significant police and council resources for checking insurance details; this diverts resources from investigating serious crimes or addressing congestion
- Pushes drivers underground: drivers unable to afford insurance may simply avoid detection rather than obtain valid cover, reducing visibility of the problem and potentially increasing risky behaviour by uninsured drivers
- Limited effectiveness without root causes: the bill does not address why people drive uninsured, affordability of premiums, lack of awareness, or previous claims histories, so penalties alone may not reduce uninsured driving rates significantly"
1085,"- Significant implementation costs: Mandatory training requires funding for course development, staff time away from clinical duties, and ongoing updates; this diverts resources from direct patient care in already under-funded NHS services
- Prescriptive approach may be inefficient: A one-size-fits-all training requirement may not suit all healthcare roles equally; some professionals have minimal contact with eating disorder patients and resources might be better targeted
- Workload burden on healthcare staff: Adding mandatory training requirements increases administrative burden on already stretched professionals; compliance and quality of training delivery may suffer without proper resourcing
- Lacks clarity on enforcement: The bill may not specify who delivers training, minimum standards, or how compliance is monitored, risking inconsistent or ineffective implementation across different NHS trusts and regions"
1093,Critics worry that giving schools more independence could create unfair differences between well-run and poorly-run schools. Some are concerned about reduced funding for education and that disadvantaged areas might fall further behind without strong government oversight.
1097,"[""- Removes Christian heritage: Weakens recognition of Christianity's historical and cultural importance in British society and education, which some argue should be formally acknowledged"",""- Risks losing moral framework: Without explicit Christian content, schools may struggle to teach shared ethical values, potentially leaving assemblies as empty exercises rather than meaningful moral instruction"",""- Creates uncertainty for schools: Changes to assembly requirements could cause administrative confusion and require schools to develop new policies without clear guidance on what replaces current requirements"",""- May marginalise faith in schools: Reduces formal space for religious education and reflection, potentially pushing faith-based learning to margins rather than centre of school life""]"
1103,"Voting against this bill might mean you think current laws already protect students adequately, or you're concerned about the practical challenges of defining and accommodating non-religious beliefs in schools. Some may worry it could complicate existing religious education policies or create confusion about what counts as a 'philosophical conviction'."
1106,"[""- Risks imposing a narrow, state-defined version of 'British values' that may conflict with families' own cultural, religious, or philosophical beliefs and parental rights to guide children's values"",""- Could marginalise minority communities by framing certain values as distinctly 'British' rather than universal, potentially making students from immigrant or minority backgrounds feel excluded"",""- Diverts curriculum time and resources from core academic subjects like maths, science, and languages that directly affect educational outcomes and job prospects"",""- May be difficult to implement objectively, as 'values' are inherently subjective; schools could face pressure to teach values in ways that reflect political preferences rather than genuine civic education""]"
1113,"- Places significant financial and administrative burden on educational institutions with limited budgets, potentially diverting resources from teaching, infrastructure, or other student support services
- Risks medicalising normal adolescent stress or behavioural issues by requiring formal mental health assessment and referral procedures, potentially leading to over-diagnosis
- May create liability and legal exposure for institutions if they fail to identify at-risk students or if incidents occur, increasing insurance costs and defensive practices rather than genuine support
- Does not specify adequate government funding to implement these policies, meaning schools may be forced to implement mental health requirements without the resources to do so properly"
1119,"A vote against this bill means rejecting all-ethnic-minority shortlists. Opponents worry this could be unfair to white candidates, may conflict with equality laws, or argue that candidates should be selected based purely on merit regardless of ethnicity."
1123,"- Introduces significant costs to electoral administration; equipping all polling stations with accessible voting technology, training staff, and maintaining systems requires substantial public spending during an already resource-constrained period. - Creates practical implementation challenges across thousands of polling stations with varying facilities; retrofitting older buildings and coordinating national rollout could delay elections or create inconsistencies in service quality. - May introduce security concerns if new voting systems are not rigorously tested; audio or electronic voting methods require robust safeguards to prevent tampering, fraud, or accidental miscounting compared to traditional paper ballots. - Could be seen as unnecessary if alternative solutions already exist; some argue that current provisions allowing voters to bring companions or use postal voting provide sufficient accommodation without requiring major systemic changes."
1127,"- Weakens local representation: larger multi-member constituencies mean individual MPs are less accountable to a specific community, potentially reducing constituency casework quality
- Produces unstable governments: coalitions required to form majorities may lead to frequent compromises, backroom deals, and weaker decision-making on contentious issues
- Eliminates clear electoral outcomes: no single party winning a clear mandate makes it unclear what policies voters actually endorsed, creating confusion about democratic will
- Increases complexity: PR systems are harder for voters to understand and can give disproportionate power to smaller parties acting as kingmakers in coalition negotiations"
1150,"[""- May place additional compliance costs on e-bike manufacturers and retailers, potentially raising prices for consumers and disadvantaging smaller UK businesses against overseas competitors"",""- Creates new enforcement burdens for police and local authorities who must monitor compliance and safety, diverting resources from other priorities"",""- Could restrict access to cheaper, unregulated e-bikes from online retailers, limiting choice for budget-conscious consumers who currently purchase from abroad"",""- Risks creating a two-tier system where regulated UK e-bikes face higher costs and stricter rules than illegal imported models, potentially driving demand toward unregulated alternatives rather than legitimate suppliers""]"
1156,"Voting to oppose this bill means you have concerns about the restrictions it would place on e-cigarette companies. Opponents might argue that adults have the right to see adverts for legal products, that e-cigarettes are less harmful than tobacco, or that strict rules could unfairly target businesses without proven benefit."
1157,"A vote to oppose this bill means you think e-cigarettes shouldn't be regulated as heavily as regular cigarettes. People who oppose it might argue that e-cigarettes are less harmful than tobacco, help smokers quit, and that too much regulation could make them harder to access for adults trying to stop smoking."
1161,"- Adds curriculum content to already overcrowded school timetables, potentially displacing other important subjects or requiring reduction of existing teaching time - Requires significant teacher training and ongoing professional development costs that schools may struggle to fund, particularly in under-resourced areas - May create liability concerns for schools if students are injured during practical demonstrations or if they attempt to help in real situations - Does not address whether all schools have access to necessary equipment like AED trainers and appropriate supervision ratios for safe practical instruction"
1178,"Voting to oppose this bill means you have concerns about the proposed changes to dismissal and re-employment rules. People might worry it could make it harder for businesses to manage their workforce, increase costs for employers, or that the rules aren't clear enough about what employers can and cannot do."
1189,"Voting against this bill means you have concerns about whether the government can realistically create enough quality jobs, or worry about the cost to taxpayers. Critics might argue it's too expensive, could create low-quality jobs, or that the private sector, not government, should be responsible for job creation."
1196,"Critics worry this Act could make it harder for businesses to operate efficiently, especially in roles requiring in-person work like retail or manufacturing. Some also fear employers might discriminate against workers who request flexibility, or that productivity could suffer."
1203,"- May increase administrative burden and compliance costs for small businesses, potentially affecting hiring and wage growth
- Could reduce employer flexibility in managing workforce changes and responding quickly to business challenges
- Might lead to unintended consequences, such as employers reducing hiring or hours to avoid new obligations
- Could make UK businesses less competitive internationally if employment costs rise significantly compared to other countries"
1205,"[""- Police forces may face increased administrative burden and costs managing formal employment procedures, grievance systems, and potential compensation claims, straining public budgets already under pressure"",""- Extending employment rights might discourage police forces from recruiting special constables if they become legally expensive to manage, potentially reducing volunteer policing capacity rather than enhancing it"",""- The bill could create legal complexity by treating volunteers as workers in some respects but not others, leading to unclear boundaries and potential disputes over which employment laws apply"",""- Special constables accepted their role knowing its volunteer status; retrospective rights claims or changing the legal framework could create financial liability for police services and introduce unnecessary legal risk""]"
1207,"[""- May increase employment costs for small businesses and startups that rely on flexible contractor arrangements, potentially forcing them to reduce hiring or convert contracts to fewer full-time roles"",""- Could restrict genuine flexibility for workers who prefer self-employed status for autonomy and control over their working hours, income potential, and ability to work across multiple platforms simultaneously"",""- May create rigid definitions that don't account for the diversity of modern working arrangements, potentially harming innovative business models and forcing businesses to restructure operations significantly"",""- Could reduce the gig economy's appeal as a source of supplementary income or short-term work for people who value flexibility over full benefits, limiting options for those seeking part-time or temporary opportunities""]"
1211,"[""- Contracts for Difference shift market risks from private energy companies to taxpayers, who ultimately bear costs if market prices fall below guaranteed contract prices"",""- The extended role for nuclear power, particularly new plant construction, requires substantial public investment with uncertain timelines and cost overruns (Hinkley Point C example)"",""- Continued regulation of North Sea oil and gas production through the Oil and Gas Authority may be seen as delaying the transition away from fossil fuels needed for climate targets"",""- The competitive auction system for renewable contracts may disadvantage smaller independent producers in favour of larger energy corporations with greater resources""]"
1216,"- May increase energy bills for non-vulnerable households, as suppliers could pass costs onto standard tariff customers to offset subsidised social tariff losses
- Creates administrative complexity and cost for energy companies to verify eligibility and manage separate billing systems, potentially leading to higher operational expenses
- Could discourage competition and innovation in the energy market if suppliers view social tariff obligations as unprofitable or unmanageable, particularly affecting smaller suppliers
- Addresses symptoms rather than root causes, does not tackle underlying issues of low wages, inadequate benefits, or energy inefficiency in homes, so vulnerable people may still struggle with other living costs"
1217,"[""- Increases employment costs for businesses by extending statutory benefits to currently classified self-employed workers, potentially reducing flexibility and raising operating expenses for small businesses and startups"",""- May slow business competitiveness if energy transition requirements impose costly infrastructure upgrades without sufficient transition periods or financial support for affected industries"",""- Could lead to unintended consequences in the gig economy, where stricter employment classification might reduce work availability or force platforms to exit the market rather than reclassify workers"",""- Imposes significant public spending on energy infrastructure investment during a period of fiscal constraint, potentially diverting funds from other public priorities like health or education""]"
1222,"[""- May increase costs for other consumers: if suppliers absorb losses from lower pre-payment and social tariff pricing, they may offset this by raising prices for standard customers, shifting rather than solving the affordability problem."",""- Could reduce supplier investment: lower margins on vulnerable customers might discourage energy companies from investing in network upgrades, renewable energy projects, or customer service improvements in less profitable areas."",""- Creates administrative burden: energy suppliers would face significant compliance costs implementing and maintaining separate tariff schemes, social eligibility verification systems, and pricing oversight, costs potentially passed to consumers."",""- May not address root causes: this bill treats symptoms rather than systemic issues like low wages, poor housing insulation, and insufficient benefit levels. Without addressing these, vulnerable households remain energy-poor even with cheaper tariffs.""]"
1231,"Critics worry about the long-term cost to taxpayers, as the government is spending billions to subsidise energy prices. Some argue it doesn't fix the root problem of why energy is expensive, and that the money could be spent differently."
1236,"- May create significant inequality between wealthy areas that can fund devolved services and poorer regions that lack resources, potentially worsening regional disparities rather than solving them. - Removes safeguards and consistent standards in public services like healthcare and education, risking a 'postcode lottery' where quality of provision varies drastically depending on local funding and priorities. - Weakens the ability of central government to coordinate national priorities like climate change, pandemic response, or economic stability that require consistent action across England. - Risks favouring established local political elites and business interests over genuine community voices, particularly if devolved powers lack proper democratic scrutiny or transparency mechanisms."
1245,"Voting against this bill might mean you have concerns about how the reporting system would work in practice. Some might worry about enforcement costs, false reports causing problems for innocent people, or whether reporting changes would actually stop fly-tipping effectively."
1248,"- Imposes significant compliance costs on already-stretched public services: Hospitals, councils, and schools facing budget cuts will need to spend money on environmental reporting systems and retrofitting buildings rather than frontline services like healthcare and education.
- May disadvantage rural and deprived areas: Smaller councils and remote public authorities have fewer resources to meet uniform national targets, potentially widening service inequality or forcing closures of essential facilities to achieve environmental goals.
- Lacks clarity on target-setting flexibility: If targets are too rigid and don't account for different local circumstances (e.g., a rural hospital's transport needs versus an urban one), they could be inefficient or unachievable without disproportionate burden.
- Risk of judicial review litigation: Vague target definitions or enforcement mechanisms could lead to lengthy legal challenges, with public money spent on courts rather than environmental improvements, and uncertainty preventing strategic long-term planning."
1266,"Critics might worry that the Act's anti-theft measures could be expensive for businesses and homeowners to install. Others may be concerned about privacy if tracking or monitoring systems are involved, or whether the law unfairly targets certain groups."
1268,"[""- Represents a significant public expenditure at a time of fiscal constraint, potentially requiring taxpayer funding or drawing resources from other government priorities and public services"",""- May create difficult precedent for compensating losses in other financial institutions, potentially exposing the government to claims from customers of other failed banks and insurance companies"",""- Determining fair compensation levels is complex and contentious, some policyholders may receive more than others for similar losses, creating perception of unfairness or inadequacy in the compensation formula"",""- Delay in passing legislation means funds could have been better deployed years earlier, and some eligible policyholders may have died without receiving compensation they deserved""]"
1270,"- Delays direct action on e-scooter safety concerns, which some areas report as already causing injuries and conflict with pedestrians, a review adds time when immediate regulation could protect the public - Risks becoming a lengthy bureaucratic exercise that produces reports but no meaningful change, while e-scooter use continues unregulated in many areas - May not adequately address the inconsistency where e-scooters are illegal on most UK pavements and roads but thriving in unregulated pilot schemes, creating confusion that education alone won't solve - Focuses on awareness campaigns rather than enforcement, which may have limited impact if local authorities lack resources to implement or police whatever rules emerge from the review"
1277,"Voting against this bill means you believe an audit like this is unnecessary, too expensive, or won't provide useful answers. Opponents might argue the costs and benefits are already well-known, or worry that the audit could be politically biased depending on who conducts it."
1283,"Voting to oppose this bill means you want to keep the European Communities Act 1972 in place. People might oppose it because repealing this law could create legal confusion, damage trade relationships with Europe, or reverse the UK's decades-long ties to European institutions."
1296,"Voting against this bill means you believe such an audit is unnecessary, too expensive, or that it reopens settled questions about UK-EU relations. Opponents might argue that the costs and benefits of EU membership have already been extensively studied, or that the audit could cause political division."
1299,Voting against this bill might mean you have concerns about immigration levels or prefer stricter rules for non-UK citizens. Critics might worry it's too generous with rights or unclear about how it will be enforced.
1300,Critics worry that EU expansion dilutes decision-making power and that the UK gives up control over its own laws. Some also question whether new member states are ready to join or whether special deals for some countries are fair to others.
1306,"Voting against this bill might mean you believe the government already shares enough information, or you're concerned the bill could slow down decision-making by creating too many reporting requirements. Some might worry it focuses too much on EU matters rather than other priorities."
1307,"Voting against this bill means you think these information requirements are unnecessary or could create problems for negotiations. Critics might worry it could slow down government decision-making, cost money to implement, or that Parliament already has enough ways to get information about EU issues."
1309,"Voting against this bill means you might think the government shouldn't be forced to release all this information, or that it could cause problems with UK-EU relations. Critics might worry about costs, privacy concerns, or feel that some sensitive negotiations shouldn't be made public."
1318,Voting against this bill means you think pursuing claims against the EU could damage UK-EU relations or is unlikely to succeed. Opponents might worry it wastes time and money on legal battles instead of focusing on building a positive future relationship with Europe.
1324,"[""- Commits the UK to paying approximately £39 billion in financial obligations to the EU, which opponents argue represents poor value and a burden on public finances that could fund domestic priorities"",""- Extends the transition period during which the UK must follow EU rules without having a vote on EU decisions, which critics view as accepting ongoing EU control while losing political influence"",""- Creates a Northern Ireland 'backstop' arrangement (later replaced by the Protocol) that keeps Northern Ireland aligned with some EU rules, which opponents argue undermines the integrity of the UK and creates trade barriers within the country"",""- Lacks clarity on long-term arrangements for trade, security, and other key areas, leaving crucial details to be negotiated later, which opponents contend creates ongoing uncertainty for businesses and citizens""]"
1333,"Voting to oppose this bill means you disagree with the proposed changes. People might have concerns that the amendments could weaken Parliament's control over EU matters, or alternatively, that they could make UK-EU cooperation more difficult."
1334,"Voting to oppose this bill means you don't want these changes made to the European Union Act 2011. People might oppose it if they think the changes could give Parliament too much or too little power over EU matters, or if they're concerned about the impact on UK-EU relations."
1336,"Voting to oppose this bill means you want to keep voting rights restricted to British citizens only. Opponents may worry about non-citizens influencing UK elections, or believe that only British nationals should decide British politics."
1341,"Critics worried the referendum question was too complicated for a simple yes/no vote, and that misleading campaign information might influence people's choices. Some also argued that major constitutional decisions shouldn't depend on a one-off public vote that could be easily swayed by campaigns."
1346,"Voting against this bill means you believe Parliament should make the decision on the Withdrawal Agreement without holding another public vote. Opponents might argue that we've already had referendums, that another vote would be costly and time-consuming, or that it would delay the process further."
1354,"[""- Creates a tax exemption that narrows the VAT base and shifts the tax burden to other businesses and taxpayers, while benefiting only a small subset of religious organizations with listed status"",""- May disproportionately benefit established religions with older, historically listed buildings while excluding newer places of worship or those of minority faiths not yet designated as listed"",""- Could be seen as government subsidy of religious institutions through tax relief, raising concerns about separation of church and state and fairness to non-religious organizations"",""- Provides a tax break to wealthy institutions that may have substantial endowments or property portfolios, when targeted grants or maintenance funds might more fairly help genuinely struggling communities""]"
1356,"[""- Reduces government tax revenue from VAT exemptions, meaning less money available for public spending on NHS, schools, and infrastructure unless taxes are raised elsewhere"",""- Creates unfair competition by exempting some businesses from VAT while their competitors must charge the full tax, potentially distorting markets and disadvantaging taxed businesses"",""- May benefit wealthier consumers disproportionately if exemptions apply to luxury or non-essential items, rather than targeting genuinely vulnerable groups"",""- Increases complexity in VAT administration if the exemptions are narrowly defined or create loopholes, requiring more government resources to enforce and compliance work from businesses""]"
1357,"- Reduces tax revenue for the government at a time of fiscal pressure, potentially requiring cuts elsewhere or increased taxes on other goods and services - Creates an unequal subsidy that primarily benefits wealthier individuals who can afford electric vehicles, while the cost is spread across all taxpayers including those who cannot access or afford EVs - May be unnecessary if private companies are already investing in charging networks profitably, meaning the exemption simply transfers wealth to businesses rather than genuinely enabling new infrastructure - Sets a precedent for VAT exemptions on other transport technologies, making it difficult to justify why other sectors or technologies should not receive similar tax breaks"
1382,"[""- Increases operational costs for ferry companies through new regulatory compliance, safety upgrades, and environmental standards, potentially leading to higher ticket prices for passengers or reduced private investment in the sector"",""- Grants government significant control over route planning and service levels, risking political interference in commercial decisions and potentially favoring certain communities over others based on political considerations rather than need"",""- Creates bureaucratic overhead through new regulatory bodies and monitoring mechanisms, diverting public resources away from other transport priorities and adding administrative burdens to small ferry operators"",""- May protect inefficient or commercially unviable routes through subsidies, creating dependency on public funding and preventing market-driven consolidation or innovation that could improve service efficiency""]"
1385,"- Creates additional costs and administrative burdens for employers, particularly small and medium-sized businesses, who must manage staffing absences and potential temporary cover arrangements
- May create perverse incentives where employers become reluctant to hire people of childbearing age or those known to be seeking fertility treatment, potentially increasing hidden discrimination
- Sets a precedent that could lead to demands for similar paid time-off rights for other non-emergency medical conditions, creating uncertainty about employment law boundaries
- Does not address the underlying issue that fertility treatment remains expensive and not universally available on the NHS, so time off alone does not fully solve access problems for low-income families"
1387,"[""- Increases bureaucratic burden and costs for festival organisers through licensing fees and compliance requirements, potentially pricing out smaller independent festivals and harming cultural diversity"",""- Grants local authorities significant discretionary power to approve or reject festivals, risking political bias and inconsistent decision-making that could suppress legitimate cultural events"",""- May stifle grassroots music culture and emerging artists by making it prohibitively expensive and administratively difficult to organise smaller community-based festivals"",""- Imposes strict liability on organisers for incidents beyond their reasonable control, potentially exposing them to unfair financial penalties and discouraging investment in UK festival infrastructure""]"
1394,"Critics worry the Act might unfairly affect lower-income people or small businesses. Some oppose specific tax changes, fearing they could damage the economy or cost jobs in certain industries."
1400,"Some people worry the Act might increase taxes on certain groups, reduce public spending on services they rely on, or unfairly affect low-income families. Others may disagree with how the government plans to spend the money."
1401,"Some people worry the Act might increase taxes for certain groups or businesses, making it harder for them financially. Others may be concerned about how the tax changes affect lower-income families or small businesses trying to survive."
1403,"Critics might worry about tax increases on businesses or individuals, cuts to certain public services, or that the policies unfairly affect lower-income families. Some may also disagree with how the money is being spent."
1405,"[""- May include tax rises on working families or small businesses during periods of economic difficulty, potentially reducing disposable income, consumer spending, and business investment at times when the economy is already struggling"",""- Often contains complex compliance requirements and new administrative burdens on businesses and individuals, increasing costs for accountants, payroll teams, and tax authorities without delivering proportionate benefits"",""- May introduce regressive tax changes that disproportionately affect lower-income households (such as increases in duties on fuel, alcohol, or tobacco) while offering relief to higher earners or large corporations"",""- Can be used to implement poorly-evidenced or ideologically-driven tax changes that lack proper scrutiny, as Finance Acts are often passed quickly without sufficient parliamentary debate or consideration of unintended consequences""]"
1407,"Critics might worry about how the money is being spent, whether certain groups are unfairly affected by tax changes, or if the Act reduces funding for services people rely on. Some may feel the measures don't do enough to help lower-income families."
1411,"I cannot generate opposition arguments without knowing the bill's specific provisions. Once the Finance Act 2026 is published, opponents might raise concerns such as: - tax increases affecting certain groups or sectors, - cuts to public spending in particular areas, - reduced support for disadvantaged communities, or - measures seen as unfair or economically damaging. To understand genuine opposition arguments, you should consult statements from opposing MPs, think tanks, and affected organisations once the bill is formally introduced."
1414,Critics worry the Act raises taxes on workers and businesses when people are struggling financially. Some are concerned it doesn't do enough to help lower-income families or that the tax changes aren't fair to everyone.
1415,"[""- Commits significant public money at a time when UK public services face budget pressures, with critics arguing domestic priorities (NHS, schools, social care) should take precedence over foreign aid"",""- Creates open-ended spending authority without fixed limits or sunset clauses, potentially allowing extensive long-term commitments without clear definition of total costs or end conditions"",""- Risks entangling the UK deeper in a prolonged conflict without clear diplomatic strategy or exit conditions, potentially making Britain a direct stakeholder in an unresolved geopolitical conflict"",""- Raises questions about parliamentary oversight, as delegating spending decisions reduces direct democratic accountability compared to individual votes on specific aid amounts and purposes""]"
1416,"[""- Places additional curriculum demands on schools already stretched with competing priorities, potentially reducing time for other core subjects without clear evidence of effectiveness"",""- Risks oversimplifying complex financial systems, potentially giving false confidence that poor financial outcomes are purely due to individual knowledge gaps rather than systemic inequality"",""- Diverts public funding toward school programmes when targeted support for specific vulnerable groups (low-income adults, elderly people) may deliver better returns per pound spent"",""- Does not address underlying structural issues like wage stagnation and housing costs that create genuine financial hardship independent of education, potentially deflecting blame onto individuals""]"
1440,"[""- May infringe on property rights and livelihood, as individuals could lose firearms needed for work (rural pest control, farm management) based on historical domestic disputes that may be disputed or context-dependent"",""- Creates potential for misuse if domestic violence allegations, which can be made during acrimonious separations, are used to unfairly deny licenses to people later found not guilty or where accusations were false"",""- Adds bureaucratic burden and costs to licensing authorities, requiring new data-sharing systems and staff training without guaranteed funding, potentially delaying legitimate applications"",""- May not address root causes of domestic violence or improve outcomes for victims if resources aren't simultaneously directed to support services, counselling, and enforcement against actual abusers""]"
1442,"[""- May be difficult to enforce effectively, as 3D printing technology is dual-use (legitimate applications exist) and regulating software or digital files raises practical and jurisdictional challenges"",""- Could infringe on legitimate uses of 3D printing technology in engineering, manufacturing, and hobbyist sectors through overly broad definitions of prohibited equipment or materials"",""- Raises civil liberties concerns about government regulation of technology and digital designs, with potential implications for freedom of information and technical knowledge sharing"",""- Unlikely to deter determined criminals, who can source weapons through existing illegal channels, while primarily affecting law-abiding citizens interested in the technology""]"
1445,"Voting to oppose this bill means you have concerns about the proposals. People might worry that stricter gun rules could affect law-abiding people unfairly, or they might disagree with how 'hate crimes' are defined or punished."
1447,"[""- Restricts traditional celebrations and cultural events by limiting when and how fireworks can be used, potentially affecting Bonfire Night, New Year's Eve, and Diwali celebrations"",""- Creates additional costs and compliance burdens for legitimate fireworks retailers through licensing fees and training requirements, potentially reducing business viability"",""- Relies on enforcement that may be difficult and resource-intensive for local councils already stretched financially, risking inconsistent application across different areas"",""- Does not address underlying issues such as illegal fireworks or anti-social behaviour comprehensively, potentially pushing demand toward unregulated black market alternatives""]"
1448,"[""- Restricts personal freedom and tradition: Limits citizens' ability to independently enjoy fireworks during cultural celebrations without requiring government permission or facing penalties"",""- Disproportionately affects small retailers and businesses: Fireworks shops and small traders could face reduced sales if regulations make consumer purchasing more difficult or expensive through permit requirements"",""- Enforcement challenges and costs: Police resources are already stretched; implementing and monitoring compliance with noise limits and permit systems would require significant public spending with unclear effectiveness"",""- Risk of inconsistent application: Permits might be granted inconsistently across different councils, and defining 'excessive noise' objectively is difficult, leading to unfair enforcement and legal disputes""]"
1464,"Voting to oppose this bill means you want to keep fixed 5-year terms between elections. Opponents worry that giving the Prime Minister power to call elections whenever they want could be unfair, as they might choose election dates that benefit their own party rather than what's best for the country."
1465,"Voting against this bill means you want to keep fixed 5-year terms between elections. Opponents worry that letting the Prime Minister call elections whenever they want gives them an unfair advantage, as they could choose a time when their party is most popular."
1466,"Voting against this bill means you want to keep fixed 5-year terms between elections. Opponents worry that letting the Prime Minister choose when to hold elections gives them an unfair advantage, as they could call an election when their party is most popular rather than at a set time."
1480,"[""- Mandatory labelling could be perceived as stigmatising halal and kosher meat and the religious communities that follow these practices, potentially fuelling discrimination"",""- Implementation costs for businesses relabelling products and updating supply chains would be significant, particularly for small retailers and producers"",""- The bill may be seen as unnecessary regulatory burden when consumers can already research products independently or ask retailers about sourcing and slaughter methods"",""- Religious slaughter methods (halal and kosher) have their own regulatory frameworks and certification standards; additional labelling requirements may duplicate existing oversight mechanisms""]"
1481,"[""- Compliance costs could disproportionately burden small food businesses and manufacturers who may lack resources to redesign packaging and reformulate products to meet new standards"",""- Restrictive health claims regulations may limit legitimate marketing of genuinely healthy products and reduce consumer choice by preventing companies from communicating authentic nutritional benefits"",""- Rules may be overly prescriptive about label format and design, reducing flexibility for businesses to innovate in how they communicate with consumers or differentiate their products"",""- Responsibility for healthy eating choices should rest with consumers and education rather than heavy-handed regulation that assumes people cannot make decisions without government-mandated label formats""]"
1488,"- Increases costs for public institutions and taxpayers by requiring compliance with stricter standards and potentially favouring higher-priced domestic suppliers over competitive international alternatives, raising the price of school meals and NHS catering
- Creates trade barriers that may breach international trade agreements and invite retaliatory measures from other countries, ultimately limiting consumer choice and increasing prices for imported foods
- Places bureaucratic burdens on small food businesses through new compliance requirements, labelling regulations, and paperwork, potentially forcing smaller producers out of the market and reducing competition
- May reduce consumer choice by restricting certain products or ingredients deemed unacceptable under new regulations, limiting availability of affordable food options for lower-income households"
1490,"[""- Imposes significant compliance and reporting costs on businesses, particularly small and medium-sized enterprises, which may struggle with new administrative burdens and technology requirements"",""- May place liability risks on food businesses and charities involved in food redistribution, potentially discouraging donation programmes despite legal protections"",""- Sets ambitious 2030 targets that some sectors argue are unrealistic without major investment in new infrastructure and technology, risking penalties for non-compliance"",""- Focuses on regulation rather than addressing root causes like supermarket over-ordering, cosmetic produce standards, and consumer behaviour, which critics argue would be more cost-effective solutions""]"
1494,"- Cost and competitive burden: Mandatory equal investment could strain smaller clubs financially, potentially forcing them to reduce men's team spending or go into debt to meet women's football commitments. - Market-driven concerns: Women's football currently generates lower matchday revenues and sponsorship than men's football; mandating equal spending could be economically inefficient and mask underlying demand differences. - Implementation complexity: Determining what constitutes 'equal' resources across different league structures and business models may be impractical, and enforcement could be costly and bureaucratic. - Risk of unintended consequences: Forced parity could lead clubs to reduce women's teams entirely rather than comply, or create resentment that harms the sport's development and fan relations."
1499,"- Introduces government regulation into football for the first time, potentially reducing club autonomy and allowing political interference in sporting decisions
- Creates additional bureaucratic costs and compliance burdens for clubs, particularly smaller ones that may lack resources to navigate complex regulatory requirements
- May deter investment by foreign owners concerned about regulatory uncertainty and state oversight, potentially reducing available capital for club development and transfers
- Could empower a single regulator with excessive power to intervene in club operations, risking politically-motivated decisions that prioritise certain clubs or agendas over sporting merit"
1501,"Voting against this bill means you think supporters shouldn't have this level of control over clubs. Critics worry it could slow down decision-making, that not all fans would be fairly represented, or that clubs need owners to make quick business decisions without waiting for supporter votes."
1530,"[""- Requires substantial government investment in data integration systems to identify eligible children and coordinate with schools, with costs that may be unclear or potentially significant"",""- Raises data privacy concerns about automatic data-matching between government departments (DWP, HMRC) and schools without explicit parental consent"",""- May register children whose families would prefer to opt out due to cultural, religious, or personal reasons around school meal provision"",""- Diverts resources toward automatic enrollment rather than addressing root causes of child poverty, or investigating why takeup remains low despite existing entitlements""]"
1535,"[""- May reduce legal protections for religious individuals and communities from offensive speech by narrowing what counts as religiously motivated harassment or hate speech"",""- Could allow inflammatory or deliberately dehumanizing speech about religious groups under the guise of 'expressing beliefs,' potentially emboldening extremist rhetoric"",""- May create legal ambiguity in distinguishing between legitimate criticism and targeted campaigns designed to demean or intimidate people based on their faith"",""- Might undermine existing equalities legislation if interpreted as overriding protections in the Equality Act 2010, potentially creating conflicts in discrimination law""]"
1547,"- Risk of excessive police powers: Expanded stop-and-search authority and surveillance capabilities could lead to disproportionate targeting of certain communities or innocent motorists, with limited independent oversight of how these powers are used.
- Criminalises poverty and survival: Increased sentences may unfairly impact people stealing goods out of desperation rather than organised criminals; resources might be better spent on prevention and addressing root causes of theft.
- Burden on small transport businesses: Small haulage firms and independent operators may struggle with mandatory compliance and information-sharing requirements, creating administrative costs that undercut their competitiveness against larger companies.
- Unclear effectiveness: Existing laws already cover most freight crimes; this bill's additional measures may duplicate existing powers rather than address underlying issues like inadequate police resources, low prosecution rates, or insufficient border controls."
1558,"[""- Economic impact on heritage industries: Affects UK businesses involved in fur trading, vintage fur sales, and luxury fashion sectors, potentially causing job losses in established enterprises that have operated legally for decades."",""- Infringes personal freedom: Restricts what adults can legally purchase and own, treating fur ownership differently from other animal products like leather, which some argue is philosophically inconsistent."",""- Enforcement challenges: May prove difficult and costly to monitor, with traders potentially circumventing restrictions through online sales, imports from abroad for 'personal use,' or relabeling products."",""- Limited global impact: As a unilateral UK measure, it may simply shift fur production and sales to other countries rather than reduce overall animal suffering, while disadvantaging UK businesses against foreign competitors with no such restrictions.""]"
1565,"Voting against this bill means you have concerns about the proposed changes. People might worry that new rules could harm businesses, cost jobs, be difficult to enforce, or not actually solve gambling problems - or they might think the changes don't go far enough to protect vulnerable people."
1566,"[""- Increasing monetary limits could encourage problem gambling by making lottery participation more financially significant and addictive, particularly among vulnerable groups with lower incomes who may spend disproportionately on higher-prize lotteries"",""- Raising prize limits without concurrent consumer protection measures may lead to greater losses for individual participants and could place additional strain on gambling addiction support services without corresponding funding increases"",""- Relaxing financial restrictions on lotteries could benefit large commercial operators disproportionately over small community lotteries, potentially distorting the competitive landscape and concentrating gambling revenue among fewer corporate entities"",""- The bill may be introduced without sufficient public consultation or impact assessment, potentially missing unintended consequences for vulnerable populations and failing to establish whether higher limits genuinely serve the public interest""]"
1576,"[""- Significant cost and resource burden: Statutory inquiries are lengthy and expensive (comparable inquiries cost tens of millions); these resources might be better used for immediate humanitarian aid or other public services"",""- May prejudice ongoing processes: International investigations (ICC, UN fact-finding missions) are already examining the conflict; a UK inquiry could duplicate efforts, create conflicting findings, or compromise international legal processes"",""- Risks politicizing the conflict: A domestic inquiry could be seen as one-sided criticism of allies (Israel) or the government, potentially damaging UK diplomatic relationships or appearing to pick sides in an active conflict"",""- Limited practical impact: Even with findings and recommendations, implementing inquiry conclusions depends on government action; an inquiry has no enforcement power and may not lead to concrete policy change or accountability""]"
1577,"Voting against this bill means you have concerns about how it might work in practice. Common concerns include questions about how it affects existing equality laws, potential impacts on single-sex spaces, or worries about the balance between different people's rights and freedoms."
1583,"[""- Increases regulatory burden and compliance costs on local authorities and private cemetery operators, potentially leading to higher fees passed on to families or reduced maintenance budgets for smaller cemeteries"",""- May restrict traditional burial practices or memorial options through standardised regulations, limiting cultural and religious communities' ability to observe customary cemetery practices"",""- Introduces government oversight into what many view as private or religious matters, potentially conflicting with community autonomy and existing religious institution management of burial grounds"",""- Digital record-keeping requirements raise data privacy concerns about centralised storage of sensitive information about deceased individuals and their families""]"
1604,"[""- Significant NHS funding required: Implementing new screening programs, treatment standards, and specialist training will require substantial taxpayer investment at a time when NHS budgets are already stretched across competing priorities"",""- Potential for over-treatment: Stricter treatment targets may lead to unnecessary medication or procedures for patients with early-stage, slow-progressing glaucoma who might never develop symptoms, causing unnecessary side effects"",""- Implementation challenges: Creating uniform standards across diverse NHS trusts with different infrastructure and resources could prove administratively complex and may disadvantage smaller providers without capacity to comply"",""- Unclear evidence on some provisions: Not all screening and treatment approaches cited in the bill have strong clinical consensus, and mandating specific protocols could prevent clinicians from tailoring care to individual patient circumstances""]"
1616,"Voting to oppose this bill means you think the current arrangement works better or that moving government departments would cost too much money and cause disruption. Critics worry it could be expensive, reduce efficiency, or that London-based departments work better because they're close to Parliament."
1626,"- Commits substantial public money (estimated billions) that could alternatively fund public services like the NHS, schools, or social care during a period of constrained government budgets
- May struggle to compete effectively with established private energy companies, risking inefficiency or requiring ongoing government subsidies to remain viable
- Fails to address immediate energy affordability for struggling households, focusing instead on long-term infrastructure when people face current energy poverty
- Delays necessary private sector investment by creating uncertainty about how a state-owned competitor will operate and whether it will distort the energy market"
1632,"Voting against this bill means you believe the Green Belt rules are too strict and prevent necessary development. Opponents might worry that stronger protections will limit house-building when the UK needs more homes, or prevent important local projects that could benefit communities."
1633,"[""- May exacerbate the housing crisis by reducing available land for development, potentially driving up house prices and limiting supply in areas where homes are needed"",""- Could harm local economies by preventing business expansion, employment opportunities, and infrastructure projects that depend on development"",""- Restricts property owners' rights to develop their own land, raising fairness concerns about who bears the burden of environmental protection"",""- May be ineffective if the bill doesn't address the core issue that insufficient housing is being built overall, simply shifting development pressure to non-Green Belt areas""]"
1639,"[""- May restrict local authorities' flexibility to use land for other community priorities such as affordable housing, schools, or hospitals, limiting their ability to respond to local needs"",""- Imposes significant maintenance costs on councils already facing budget cuts, potentially forcing them to raise council tax or redirect funds from social care and essential services"",""- Could delay or complicate necessary development and regeneration projects in urban areas where housing shortages are acute, by making it harder to build on or near green spaces"",""- Establishes prescriptive national standards that may not suit diverse local circumstances, where some areas might reasonably prioritize different land uses over maintaining specific green space thresholds""]"
1640,"[""- Questions whether public expenditure on a memorial is the best use of limited government funds when survivors and bereaved families still lack adequate compensation, mental health support, and housing assistance"",""- Argues that a memorial alone does not address systemic failures in building safety regulation; resources might be better directed at preventing future tragedies through enforcement and reform"",""- Concerns that the bill provides open-ended spending authorisation without specifying a cost cap, leaving taxpayers potentially liable for unlimited memorial expenditure while other public services face budget constraints"",""- Suggests that memorial campaigns should remain primarily community-led or privately funded, rather than establishing a precedent of government financing memorials for individual incidents""]"
1643,"[""- Creates administrative burden: Manufacturers and retailers would face significant compliance costs designing, printing, and updating labels for every size reduction, potentially raising prices further for consumers"",""- May be counterproductive: Mandatory labelling could encourage more frequent package redesigns and 'stealth' reformulations to avoid the labelling requirement, making comparison even harder for shoppers"",""- Questions proportionality: Size reductions often reflect genuine input cost increases; mandatory labelling may unfairly stigmatise normal business responses to inflation while ignoring that prices have risen across all sectors"",""- Regulatory overreach: Opponents argue this level of detailed product labelling regulation is excessive and could set a precedent for government micro-management of commercial packaging decisions""]"
1644,"Voting against this bill means you think there are problems with the plan, such as concerns it could be costly, bureaucratic, or that it might interfere with how supermarkets run their businesses. Critics might also worry it won't actually solve real problems or could slow down decision-making in the grocery industry."
1650,"Voting against this bill means you have concerns about changing these long-standing laws. People might worry about losing protections, increased costs for port users, or changes that could harm local communities or businesses that depend on these waterfront areas."
1654,"[""- Restricts rural livelihoods: Hare coursing and shooting are traditional field sports in some rural communities; restrictions may be viewed as limiting legitimate countryside activities and cultural practices."",""- Ineffective without habitat management: Close seasons alone don't address the primary cause of hare decline, loss of suitable grassland and hedgerow habitats through agricultural intensification."",""- Enforcement challenges: Monitoring and prosecuting coursing across open countryside is resource-intensive; the bill may prove difficult to enforce effectively without additional funding."",""- Incomplete protection: A seasonal ban still permits killing outside close season; opposing parties may argue for year-round protection or question why partial measures adequately address conservation concerns.""]"
1658,"Voting against means you have concerns about the bill - perhaps worried it could be hard to prove someone's crime was motivated by gender hatred, or that it might duplicate existing laws. Some might argue resources should focus on other types of discrimination, or worry about how broadly 'misandry' and 'misogyny' could be defined."
1667,"Voting against this bill means you have concerns about making directors personally liable for health and safety breaches. Opponents worry this could discourage people from becoming directors, harm small businesses, or unfairly punish individuals for company-wide problems they didn't directly cause."
1673,"Voting against means you have concerns about the bill - perhaps you worry it could be too costly for businesses, create too much paperwork, or that current rules already work well enough. Some might think it doesn't go far enough to protect workers instead."
1675,"- Increases compliance costs for small and medium-sized enterprises who may struggle to implement new safety requirements, potentially threatening their viability or forcing job losses
- Creates excessive regulatory red tape if amendments add complex new reporting requirements or inspections, diverting business resources from productive activity without proportional safety gains
- May impose one-size-fits-all rules that don't account for different industry needs, risking overly stringent requirements for low-risk sectors while potentially under-addressing specific high-risk industries
- Could shift liability and financial responsibility inappropriately between employers, employees, and regulators if amendments redefine fault or compensation structures in ways seen as unfair or economically damaging"
1679,"Critics worry the Act could privatise the NHS and reduce NHS funding by allowing private companies to profit from healthcare. Others feared it would create a two-tier system where wealthy patients get better care, and that competition between hospitals wastes money instead of improving care for everyone."
1688,"Voting against this bill means you have concerns about adding more legal requirements to public sector organisations that are already stretched. Critics might worry it could slow down decision-making, create extra paperwork, or be difficult to measure fairly across different services."
1689,"- Results in significant tax revenue loss for government (estimated at hundreds of millions annually), requiring cuts elsewhere in public services or increased borrowing at a time of fiscal constraint
- Primarily benefits wealthier households who can already afford private insurance, widening healthcare inequality rather than improving access for disadvantaged groups
- May increase NHS problems by reducing incentive for government to fund and improve NHS capacity, creating a two-tier system where those who can afford private care receive faster treatment
- Sets a problematic precedent of tax exemptions for insurance products, potentially leading to lobbying for similar exemptions on pet insurance, legal insurance, and other policies"
1694,"Voting against this bill might mean you're concerned about extra paperwork or costs for hospitals, or you think current rules already work well enough. Critics might worry that new rules could slow down decision-making or distract from actually treating patients."
1703,"Opposing this bill might mean concerns that it's too expensive for the government, or worries that it doesn't target help to those who need it most. Some might also argue the scheme needs different changes rather than just better take-up."
1708,"Voting against this bill means you want to keep the current system where titles usually pass to the oldest son, even if there are older daughters. People who oppose might argue this is about preserving tradition, or they may worry about changing centuries-old inheritance rules."
1709,"Voting against this bill means you want to keep the current system where hereditary titles traditionally pass to sons first. People might oppose it because they believe these are ancient traditions that should be preserved, or they think changing centuries-old rules isn't necessary."
1710,"Voting against this bill means you want to keep the current system where hereditary titles traditionally pass to male heirs. People might oppose it because they believe traditions should be preserved, or they worry about changing centuries-old rules about how nobility works."
1711,"A vote to oppose this bill means you want to keep the current system where titles mostly pass to sons first. Some people might argue that changing centuries-old traditions could be complicated, or that families should be able to decide their own rules about inheritance."
1713,"- Restricts property development: Prevents landowners and developers from using their property freely, potentially blocking legitimate redevelopment that could bring needed housing or economic investment to communities. - Creates regulatory burden: Adds complex planning procedures and heritage assessments that slow decision-making and increase costs for property owners wanting to repurpose buildings. - Imposes costs on preservation: May require expensive conservation work to maintain historic features, creating financial obligations that fall on pub owners already struggling with reduced footfall and rising business costs. - Limited practical effect: Does not address underlying economic challenges causing pub closures, changing drinking habits, supermarket alcohol sales, and rising rents, so protection without business support may leave pubs empty and unmaintained."
1743,"Voting against this bill might mean you have concerns about how it would be enforced, worry it could catch legitimate tutoring services, or believe the focus should be on universities improving their own anti-cheating measures instead. Some might also question whether new laws are the best solution to this problem."
1750,"- Amendments that shift maintenance costs to local authorities facing budget constraints could worsen pothole problems and road safety in less affluent areas, creating a two-tier system of road quality
- Changes to funding formulas might disadvantage rural councils or areas with extensive road networks relative to their council tax base, unfairly burdening certain regions
- Loosening environmental or public consultation requirements in updated procedures could allow road work decisions to proceed without adequate community input or environmental impact assessment
- If amendments enable privatisation or long-term outsourcing of road maintenance, it could reduce public accountability and increase costs for taxpayers through profit margins charged by private contractors"
1753,"Voting to oppose this bill means you have concerns about the changes it proposes. People might worry that it could increase costs for businesses, make employment rules too complicated, or that the changes aren't necessary or well-thought-out."
1757,"Voting against this bill means you believe families should have more freedom to home-educate without government interference and registration requirements. Opponents worry that this could burden families with extra paperwork, infringe on parental rights, or create unnecessary costs for local councils without clear benefits."
1759,"[""- Restricts parental freedoms and family autonomy; home education has historically been a protected right for families with diverse beliefs, and mandatory registration and monitoring represents significant state intrusion into parental decision-making"",""- Creates administrative burden and costs for families already choosing home education responsibly; registration fees, compliance requirements, and inspections may disadvantage lower-income families or those in rural areas with limited council support"",""- Lacks evidence that registration improves outcomes; many home-educated children achieve excellent results and develop strong family relationships, and the bill assumes problems without clear data that registration prevents harm better than current systems"",""- May be incompatible with religious and philosophical freedom; some families home-educate for specific cultural or religious reasons, and intrusive monitoring could violate their rights to live according to their beliefs and raise children according to their values""]"
1763,"Voting against this bill might mean you have concerns about costs, who should pay for it, or whether it's the best way to help homeless people. Some might argue resources should focus on preventing homelessness in the first place rather than end-of-life care."
1764,"[""- Places significant new financial and administrative burdens on local councils already facing budget cuts, potentially diverting resources from other essential services"",""- Creates unclear definitions of 'at risk of homelessness' which could lead to disputes about eligibility and excessive demand on council services"",""- May incentivise councils to prioritise prevention spending over other housing needs, such as building new affordable homes or maintaining existing stock"",""- Lacks adequate central government funding guarantees, leaving councils responsible for implementing duties without sufficient resources or flexibility to prioritise locally""]"
1769,"Voting against this bill means believing the UK shouldn't take these specific actions on Hong Kong, or that they could damage UK-China relations and trade. Opponents might worry the bill could hurt British businesses in China or that it interferes too much in another country's internal affairs."
1770,"Voting against this bill means you want to keep the current system as it is. Some people might worry about changing long-standing traditions around honours, or believe that only married couples should receive these titles, or that the changes aren't necessary."
1772,"Voting against this bill means you have concerns about banning peat sales. Opposition might come from gardeners who prefer peat (it's cheap and works well), garden centres worried about losing sales, or people in peat-producing regions concerned about job losses."
1773,"- Creates significant costs for gardeners and the horticulture industry, who would need to purchase more expensive alternatives to peat, potentially reducing accessibility for hobby gardeners on tight budgets
- May harm UK peat extraction businesses and their workers without adequate transition support or guaranteed markets for alternative products, risking job losses in rural areas
- Alternative growing media may have different performance characteristics, requiring gardeners and commercial growers to adapt their practices, and some alternatives (like imported coir) have their own environmental concerns including deforestation
- Could disadvantage UK growers competitively if other countries do not introduce similar bans, allowing them to continue using cheaper peat-based products while UK producers face higher costs"
1774,"[""- May be seen as unnecessary bureaucracy that costs money to produce a report rather than directly funding hospice services, which could be viewed as prioritising paperwork over patient care"",""- Could expose significant funding gaps that government feels pressured to address immediately, potentially straining already tight NHS budgets or requiring tax increases"",""- A report alone doesn't guarantee action or additional funding, if recommendations aren't implemented, the bill becomes a symbolic gesture without practical benefit to hospices"",""- Might delay addressing known funding problems while waiting for the report to be completed, when hospices need support now rather than after a lengthy consultation and analysis period""]"
1775,"- Creates additional regulatory bureaucracy and compliance costs for hospices, potentially diverting limited resources away from direct patient care, particularly affecting smaller independent providers
- May inadvertently standardise palliative care approaches, reducing the flexibility for hospices to tailor services to their local communities' specific needs and preferences
- Raises concerns about government overreach into deeply personal end-of-life decisions, including uncertainty about how advance directives and decision-making will be enforced in ethically contested situations
- Could impose significant implementation costs on the NHS and local authorities without adequate accompanying funding allocation, creating financial strain on already overstretched health budgets"
1781,"[""- May impose costly unfunded mandates on hospitals, forcing them to redirect resources from other essential services like routine surgery or outpatient care"",""- Could introduce rigid targets that incentivise hospitals to discharge patients prematurely or refuse admission to meet artificial performance metrics"",""- Addresses only A&E challenges without tackling underlying issues like social care capacity, GP shortages, or mental health services that drive unnecessary emergency admissions"",""- May increase bureaucracy and administrative burden on already stretched hospital staff, diverting time and money away from direct patient care""]"
1808,"Voting against this bill means you want to keep hereditary peers in the House of Lords. People might oppose it because they believe inherited titles are an important part of British tradition, or because they think some hereditary peers still contribute valuable knowledge and experience to law-making."
1811,"- Removes an important constitutional check on executive power by eliminating a distinct perspective and diversity of views from a long-established social group with accumulated institutional knowledge
- Destroys a unique British constitutional tradition and cultural heritage stretching back centuries, replacing it with a purely appointed system vulnerable to political patronage
- Concentrates power in the hands of whoever controls peer appointments, removing independent voices that hereditary peers provide regardless of which party is in government
- Lacks democratic mandate, as the public has not been asked whether they support removing hereditary peers, making this a significant constitutional change made by politicians alone"
1813,"Voting against this bill means you want to keep the current system where hereditary peers can be replaced through by-elections. Opponents might worry that this removes a tradition, reduces representation for those families, or that the House of Lords needs stability in its membership."
1814,"Voting against this bill means you believe hereditary peers should be replaced through by-elections when their seats become vacant. Opponents might argue that by-elections ensure the hereditary system continues to function as intended, or that this bill is an unnecessary step toward abolishing hereditary peers entirely."
1815,Voting against this bill means you want to keep the current system where hereditary peers can be replaced through by-elections. Opponents might argue this removes a democratic process or that hereditary peers should have the right to maintain their representation in Parliament.
1816,"Voting against this bill means you want to keep the current system where hereditary peers can be replaced through by-elections. People might oppose it because they believe hereditary peers should have a way to maintain their representation, or they think the change should be debated more thoroughly."
1817,"Voting against this bill means you want to keep the current system where hereditary peers can be replaced through by-elections. Opponents might argue that hereditary peers have a right to maintain their representation, or that any changes to the House of Lords should be part of a bigger reform plan."
1818,Opposing this bill means you want to keep the current system where hereditary peers can be replaced through by-elections. People might worry that removing this process unfairly ends a long-standing tradition or that it changes the House of Lords without wider debate about what should happen to hereditary peerages.
1819,"Voting against this bill means you want to keep the current system where hereditary peers can be replaced through by-elections. Opponents might argue that hereditary peers represent important traditions, or that removing by-elections could unfairly reduce their numbers compared to other peers."
1828,"[""- Removes democratically elected Prime Ministers' legitimate power to nominate peers who share their vision and values, weakening elected government's ability to shape the upper chamber"",""- Creates an unelected commission to make appointments, raising questions about who holds these commissioners accountable and whether they truly represent public interests"",""- Could slow down or complicate the nomination process, making it harder to appoint experts and talented individuals when Parliament urgently needs specific expertise"",""- May not address the underlying issue: the House of Lords itself is unelected, so whether nominations are political or independent, the fundamental democratic legitimacy problem remains""]"
1853,"Voting against this bill means you have concerns about the changes it would make. Critics might worry it could increase costs for housing associations, slow down decision-making, or that residents may lack the expertise needed to manage complex housing issues."
1863,"Voting against this bill means you believe decisions about HS2 funding should be made by Parliament and elected representatives, not through a public referendum. Concerns might include that referendums are expensive, time-consuming, and could delay an already complex project."
1865,"[""- Permits heritable gene editing in embryos, which some argue raises concerns about creating 'designer babies', unintended genetic consequences, and exacerbating inequality if treatments are expensive and unavailable to all"",""- Expands the scope of permissible embryo research beyond therapeutic purposes, which some believe crosses ethical lines regarding the moral status of embryos and consent issues"",""- May lack sufficient parliamentary scrutiny of novel techniques, with critics arguing that complex ethical questions about human enhancement and genetic modification deserve more rigorous democratic debate before implementation"",""- Creates uncertainty about international regulation and potential 'fertility tourism', where people travel abroad to access treatments unavailable in their home country, potentially undermining consistent ethical standards""]"
1867,"[""- May restrict legitimate scientific and educational uses of human remains, such as anatomical specimens for medical training or research, if the definitions of permitted purposes are too narrow"",""- Could create enforcement challenges distinguishing between lawful medical/educational collection and unlawful commercial sales, potentially leading to inconsistent prosecution"",""- Removes autonomy from individuals who might wish to donate their own remains to science or allow their families to benefit financially from such donations after their death"",""- May not effectively address the underlying issue if international trafficking simply relocates to countries with weaker regulations, reducing the practical impact of UK-only legislation""]"
1885,"Some people might worry about costs - who pays for bridge maintenance and upgrades, and whether tolls could increase? Others might question whether money could be spent on other local priorities instead."
1889,"- May undermine community-based conservation in some African countries, where regulated trophy hunting generates revenue that funds wildlife protection and provides economic incentives for local communities to preserve habitats and wildlife. - Could shift hunting pressure to unregulated poaching rather than eliminating it, as the ban only affects imports to the UK and may not address the root drivers of hunting in source countries. - Raises questions about fairness and sovereignty, as the bill restricts the choices of UK citizens while some trophy hunting is considered sustainable wildlife management by conservation experts in certain contexts. - May be ineffective without international coordination, since hunters could import trophies through other countries or use alternative supply chains, requiring broader global agreements to have meaningful impact."
1894,"- Imposes significant costs on local authorities and landowners through mandatory tree planting targets and maintenance requirements, potentially diverting limited budgets from other services during periods of fiscal constraint
- May restrict private property rights by preventing landowners from removing or managing trees on their land without government permission, even if trees pose safety risks or limit agricultural productivity
- Adds administrative burden to schools already facing curriculum pressures and resource limitations, requiring nature education modules without guaranteed additional funding or teacher training
- Could lead to inefficient spending if iconic tree designations are politically motivated rather than scientifically justified, or if protected trees prove costly to maintain in unsuitable locations"
1906,"[""- May criminalise asylum seekers and vulnerable people fleeing persecution, who have legal rights to claim asylum regardless of how they enter"",""- Could deter people from reporting crimes or cooperating with authorities if they fear immigration enforcement, affecting police effectiveness"",""- Risks overwhelming courts and prisons with immigration cases rather than addressing root causes like conflict, poverty, or climate displacement"",""- Raises human rights concerns under international law, as criminalising irregular entry may violate obligations to protect refugees and access to asylum processes""]"
1914,"- Raises free speech concerns: defining what constitutes 'intimate' images can be subjective, risking criminalisation of legitimate artistic, medical, or educational content. - May be difficult to enforce practically, particularly with content shared across borders or on encrypted platforms, placing burden on already stretched police resources. - Creates potential for misuse: ex-partners, vindictive individuals, or false accusers could weaponise the law against innocent people, particularly given the serious criminal penalties involved. - Places significant responsibility on social media platforms to identify and report violations, which may require invasive surveillance of private messages and could affect user privacy more broadly."
1930,"- Stricter visa requirements or higher fees could reduce access for international students and workers, potentially harming universities and businesses reliant on migration
- Enhanced enforcement powers raise civil liberties concerns, including risks to privacy and disproportionate impacts on minority communities
- Restrictions on family reunification routes may separate families and conflict with human rights obligations under international law
- Complex new procedures could create barriers for vulnerable people, including refugees and asylum seekers fleeing persecution"
1938,"- Public safety concerns: Opponents argue that re-sentencing risks releasing prisoners deemed dangerous, as some IPP prisoners were originally sentenced for serious violent or sexual offences where risk assessment remains uncertain and may be unpredictable.
- Undermines original sentencing intent: The bill effectively reduces sentences that courts imposed for public protection reasons, potentially appearing to devalue victims' safety and the judiciary's original sentencing decisions.
- Resource implications for release planning: Re-sentencing and release of hundreds of prisoners simultaneously could strain probation services, accommodation provisions, and monitoring systems needed to manage their community integration safely.
- Lacks clear release criteria: Opponents worry the bill creates a pathway to release without sufficiently robust mechanisms to ensure only genuinely lower-risk prisoners are freed, potentially prioritising numbers released over individual risk assessment."
1940,"People might worry that the Act could lead to higher taxes, more complicated paperwork, or unfair treatment of certain groups like self-employed workers or lower-income earners. Some may also be concerned about giving the government more power to collect taxes."
1946,"- Risks creating unfair market distortions by picking 'winners' through government selection of which industries receive support, potentially subsidising uncompetitive businesses and crowding out private investment
- May breach World Trade Organization (WTO) rules on subsidies, exposing the UK to legal challenges and retaliatory tariffs from trading partners, particularly the EU and US
- Could result in significant public expenditure with uncertain returns; if recipient businesses fail or export plans don't materialise, taxpayers lose investment with limited accountability mechanisms
- Lacks transparent criteria for how funds will be allocated, raising concerns about political patronage, regional bias, and whether support goes to genuinely viable businesses or well-connected companies"
1959,"[""- Risks institutional disruption and loss of specialist expertise if the IATE's distinct identity and focused mission are diluted by merging into larger, generalist government departments"",""- May weaken apprenticeship standards if responsibility for maintaining consistent quality becomes fragmented across multiple organisations rather than held by a single dedicated body"",""- Creates uncertainty for employers and training providers who have built relationships with IATE during a transition period, potentially destabilising the apprenticeship ecosystem"",""- Lacks transparency about where functions will actually be transferred, making it impossible for Parliament and stakeholders to scrutinise whether the restructuring will genuinely improve apprenticeship outcomes or simply reduce costs""]"
1968,"[""- Removes parliamentary flexibility and government discretion in foreign policy by automatically triggering sanctions based on a court opinion, preventing consideration of diplomatic alternatives or changing circumstances"",""- May damage UK-Israel relations and complicate efforts to support peace negotiations by imposing punitive measures that could reduce British diplomatic influence in the region"",""- Creates uncertainty for British businesses trading with Israel by introducing automatic sanctions without allowing time for parliament to debate proportionality or economic impact assessments"",""- Sets a concerning precedent by subordinating UK government decision-making to international court opinions on matters of foreign policy, potentially conflicting with national sovereignty and parliamentary supremacy""]"
1980,"Voting against this bill means you believe the UK should continue its current level of international aid spending. Opponents worry that cutting aid could harm vulnerable people in poorer countries, damage the UK's reputation worldwide, and that international aid actually creates long-term benefits like reducing conflict and boosting trade."
1996,"[""- Resources for domestic abuse services are already stretched and underfunded; creating a separate strategy for men could divert limited funding away from women's services, which statistically serve higher numbers of more severely injured victims"",""- Framing abuse as a gender-neutral problem may obscure that intimate partner violence is predominantly perpetrated by men against women; a gender-specific strategy risks diluting focus on the primary pattern of harm"",""- A new strategy creates additional bureaucratic processes and government spending without guaranteeing improved outcomes; existing gender-neutral abuse services could be enhanced more cost-effectively without legislative mandates"",""- The bill's effectiveness depends on voluntary government compliance with a non-binding strategy rather than statutory duties; without enforceable obligations, it may produce documents without meaningful service improvements""]"
2006,"Voting against this bill means you believe the UK should continue its current arms trade relationship with Israel. People opposed might argue that stopping arms sales damages UK-Israel relations, affects British businesses, or that Israel has the right to defend itself."
2015,"Voting against this bill means you want to keep the current age rules for judges as they are. People might oppose it because changing retirement ages could affect younger people's job opportunities, increase costs, or worry that older judges might not stay up-to-date with modern law and technology."
2016,Voting against this bill means you believe the current age rules for judges are working well and shouldn't be changed. People might worry that keeping judges working longer could slow down opportunities for younger judges or that older judges might not stay up-to-date with modern law.
2025,Critics might worry that leasing arrangements could lead to commercialisation of Kew Gardens or prioritise making money over public access and education. Some may be concerned about what happens to the gardens long-term if lease agreements aren't carefully protected.
2026,"Voting against this bill means you have concerns about giving Kew Gardens too much freedom with its property. People might worry about losing public oversight, potential loss of green space, or whether the gardens might prioritize money-making over their conservation mission."
2046,Some people might worry that the Law Commission costs taxpayers money without showing clear results. Others might be concerned that unelected experts changing laws could reduce democratic control over law-making.
2049,"Voting against this bill means you think the current system works well, where the Prime Minister appoints the Leader of the House. Concerns might include that direct elections could be time-consuming, create conflict between MPs, or weaken the Prime Minister's authority to run their government effectively."
2053,"Voting against this bill might mean you think a review isn't necessary, or you're worried it could be costly and time-consuming. Some might argue the government should focus resources on actually improving services rather than studying them first."
2065,"[""- May increase costs for developers building retirement communities, potentially leading to higher purchase prices for residents or reduced investment in new retirement housing stock when demand is already high"",""- Could discourage providers from offering integrated care services (healthcare, social activities, support staff) within communities if leasehold reforms make the business model less profitable"",""- Imposes complex legal obligations on retirement community operators without clear guidance on enforcement, risking uncertainty about how lease extension costs will be calculated or who bears financial responsibility"",""- May not address the core issue if residents cannot afford the reformed lease extension costs anyway, simply shifting problems rather than solving affordability for the most financially vulnerable older people""]"
2069,Critics worry that allowing non-lawyers to own law firms could lower professional standards and put clients at risk. Some also fear it reduces the independence of lawyers and could prioritize profits over giving clients proper legal advice.
2074,"[""- Imposes compliance costs on property owners for repositioning, replacing, or reinstalling existing letter boxes that may function adequately but don't meet new regulatory standards"",""- Restricts property owners' autonomy to decide where letter boxes should be placed on their own buildings, treating a minor domestic fixture as a matter requiring government regulation"",""- Creates enforcement burdens and potential disputes between local authorities and residents over technical compliance, leading to unnecessary bureaucracy for a straightforward practical issue"",""- May be unnecessary given that Royal Mail and property owners already communicate about access issues, and most letter box problems are resolved through voluntary cooperation rather than regulation""]"
2081,"[""- May increase alcohol-related harm, including health risks from excessive drinking, liver disease, and alcohol dependency, particularly in areas with high deprivation or existing health inequalities"",""- Could lead to more noise complaints, antisocial behaviour, and disruption to residents living near licensed premises, especially in densely populated urban areas with mixed residential and commercial use"",""- Risks inadequate local authority resources to properly assess applications and enforce conditions, particularly in under-funded councils, potentially allowing unsuitable venues to extend hours"",""- May disadvantage smaller, traditional pubs that cannot compete with larger venues, leading to concentration of late-night drinking in big commercial establishments rather than community-focused hospitality""]"
2086,"Voting against this bill means you have concerns about its necessity, cost, or how it would work in practice. People might worry about whether lip-reading is reliable enough to regulate, the expense to taxpayers, or whether existing support services for deaf people are already sufficient."
2088,"- Risks weakening investor protections if regulatory safeguards are reduced without equivalent alternative protections, potentially exposing retail investors to greater risk in LIC products
- May create a two-tier regulatory system where LICs face lighter oversight than comparable investment products, raising fairness concerns and potentially creating loopholes that less scrupulous fund managers could exploit
- Could reduce FCA's ability to monitor and prevent market abuse or misconduct within the LIC sector if supervisory powers are diminished alongside regulatory reclassification
- The changes may primarily benefit large institutional investors and fund managers rather than ordinary retail investors, potentially widening the gap in investment opportunities available to different investor classes"
2089,"- Increases costs for manufacturers and consumers: Compliance with new testing, certification, and documentation requirements raises production costs, which are likely passed to consumers through higher prices for batteries and battery-powered devices
- Creates unnecessary bureaucratic burden for small businesses: Small manufacturers and importers lack the resources of large corporations to navigate complex compliance procedures, potentially pushing them out of the market and reducing competition
- Duplicates existing EU and international regulations: The UK already follows many battery safety standards aligned with international bodies; additional domestic requirements create confusion and unnecessary complexity without proportional safety gains
- May slow innovation and market entry: Rigorous pre-market testing and approval processes could delay the introduction of new battery technologies and renewable energy solutions, potentially hindering the UK's net-zero transition goals"
2091,"Opposing this bill means you're concerned about allowing third-party investors to fund court cases. Critics worry this could encourage frivolous lawsuits, give investors too much control over cases, or allow the legal system to become a profit-making industry rather than serving justice."
2094,"- May be difficult and costly to enforce, as identifying individual drivers discarding litter from moving vehicles requires significant police resources or roadside camera systems
- Could unfairly target specific groups (such as motorists) while general littering by pedestrians remains easier to ignore, creating inconsistent enforcement
- Risk of disproportionate fines becoming a regressive tax on poorer drivers, particularly if fixed penalties are set at high levels
- May duplicate or complicate existing littering legislation rather than improve enforcement of current laws, without addressing root causes like insufficient roadside bins or waste disposal education"
2099,"[""- Imposes administrative burden: Employers must establish new reporting systems and data collection processes, creating compliance costs particularly for smaller large firms"",""- May not change behaviour: Public reporting alone does not legally require wage increases, so companies may accept reputational damage rather than raising wages"",""- Risk of unintended consequences: Employers might reduce hours, employment, or benefits to offset higher wage costs, potentially harming the workers the bill intends to help"",""- Questions about effectiveness: Other countries with similar schemes show limited impact on actual wage levels; resources might be better spent on direct legal wage requirements""]"
2106,"Critics worry the Act creates too much red tape and extra costs for councils, which might distract them from providing services. Some also argue that stricter rules could slow down council decision-making and discourage people from working in local government."
2114,"[""- Removes local flexibility that allows councils to respond to their specific housing pressures and community needs; one national standard may not work for areas with very different housing markets and demographics"",""- Could restrict local authorities' ability to prioritize local residents or support community-specific challenges, such as supporting key workers in high-cost areas or managing regional migration patterns"",""- May impose significant implementation costs on local authorities to change their existing systems and retrain staff to comply with new centralized requirements"",""- Risk of creating unintended consequences if national rules don't account for variations in housing supply, affordability, and local employment, potentially worsening shortages in some areas while creating inefficiencies elsewhere""]"
2116,"Voting to oppose this bill means you think referendums aren't necessary for boundary changes, or that they could delay important reorganisation. Critics might worry that referendums are expensive, time-consuming, or that they let local people block changes that councils need to make efficient."
2121,"Critics might worry that giving more power to local areas could create inconsistency across the country, with different rules in different places. Others may be concerned about the cost of running more local decision-making or fear that local councils lack the expertise to handle certain issues."
2134,"- Potentially increasing regulatory burden on small businesses and traders if new provisions introduce stricter licensing requirements or compliance costs without clear justification
- Risk of greater inconsistency between councils if amendments give authorities too much discretion, leading to different rules applying across similar neighbourhoods in different areas
- Possible removal of existing protections for residents or businesses if the amendment weakens safeguards currently in the 1982 Act without adequate replacement measures
- Concern that rushed amendments without proper consultation with affected communities, traders, and councils could have unintended negative consequences on local economies and social cohesion"
2138,"Some people worry that allowing religious observances in council meetings could make non-religious people feel excluded or uncomfortable. Others concern that it might give preferential treatment to certain religions over others, or blur the line between government and religion."
2142,"[""- Mandatory elected mayors in certain areas add costs for local campaigns and administration, with limited evidence that mayors deliver better outcomes than council committees"",""- Moving away from all-out elections in some areas means fewer opportunities for residents to hold councils accountable, with longer gaps between electoral contests reducing democratic scrutiny"",""- Excessive data publication requirements create administrative burdens on councils, diverting resources from frontline services to comply with new reporting rules"",""- Central government powers to intervene and replace council leadership undermine local democratic autonomy and could be used to override locally elected representatives' decisions""]"
2153,"[""- Referendums are expensive and time-consuming, potentially delaying necessary reforms to inefficient local government structures that need urgent modernisation"",""- Could block important reorganisations that would improve service delivery or save money for councils, even when expert analysis shows they benefit residents"",""- May give excessive power to local opinion that could be influenced by misinformation or NIMBYism, rather than decisions based on sound governance expertise"",""- Could create practical gridlock where sensible cross-authority collaborations or mergers become impossible because obtaining referendum approval is politically difficult, even when objectively beneficial""]"
2155,"A vote against means you have concerns about the changes proposed. People might worry it could slow down decision-making, create confusion about who's responsible, or not actually improve the quality of care patients receive."
2173,"[""- May limit placement flexibility when a child's behaviour, needs, or safety require specialist provision that only exists at distance, forcing councils into unsuitable local alternatives"",""- Increases costs for local authorities who must develop more local services and capacity rather than using cheaper distant placements, impacting already-stretched children's services budgets"",""- Creates additional bureaucratic requirements and documentation burdens that slow down emergency placements when children need immediate protection from unsafe situations"",""- May paradoxically harm some children by preventing placement with the most suitable foster carers or specialist homes if they happen to be located outside the distance threshold""]"
2174,"[""- May reduce ministerial accountability by creating distance between the Lord Advocate and government oversight, potentially making it harder to hold law enforcement leadership responsible for broader policy failures"",""- Could create practical complications in government operations if the Lord Advocate cannot fully participate in cabinet discussions on justice matters, fragmenting decision-making on criminal justice policy"",""- Represents a significant constitutional change that critics argue should involve wider public consultation and debate rather than parliamentary action alone"",""- May increase administrative costs and complexity by requiring new oversight structures and potentially separating prosecutorial from policy-making functions in ways that create inefficiencies""]"
2175,Voting against this bill means you believe the current Lords Spiritual system works well and shouldn't be changed. People might worry that changes could weaken the Church's voice in Parliament or disrupt a long-standing tradition.
2177,"[""- May be seen as preferential treatment for women bishops over other women in the Church hierarchy, as it creates guaranteed seats while other female clergy lack similar guaranteed representation"",""- Some argue reserved seats based on gender contradict meritocratic principles, suggesting positions should be assigned based purely on seniority rather than quota mechanisms"",""- Raises questions about why the Church of England receives reserved parliamentary representation at all in a secular legislature, irrespective of gender composition"",""- Could be perceived as addressing a symptom rather than the root cause, if women's representation in senior Church positions remains limited, reserved seats may become the primary route for female voices rather than reflecting genuine advancement through the Church hierarchy""]"
2183,"Voting against this bill means you have concerns about adding another bank holiday. People might worry about the cost to businesses, or believe we already have enough bank holidays, or think there are more important issues to focus on than commemorating an 800-year-old document."
2186,"- May impose restrictive planning regulations on landowners and residents within the designated area, limiting their ability to develop property, expand businesses, or modify land without approval from new regulatory bodies
- Could increase costs for local farmers and landowners through compliance requirements, conservation management conditions, or restrictions on how they use their property
- May create bureaucratic delays and additional administrative burdens for planning applications, potentially slowing economic development and new housing in communities around the hills
- Risk of centralised decision-making that prioritises conservation over local community needs, such as affordable housing development or business expansion that residents may want but the bill's governance structure might restrict"
2188,"[""- Imposes significant compliance costs and administrative burdens on managing agents, particularly smaller firms, which may be passed on to leaseholders through higher management fees"",""- Introduces regulatory bodies and licensing systems that require public funding and ongoing government oversight, creating bureaucratic complexity that may slow down property management decisions"",""- May deter smaller or specialist managing agents from operating in the sector due to regulatory compliance costs, potentially reducing competition and limiting leaseholders' choice of agents"",""- Risks placing new regulatory powers in hands of bodies that may lack expertise in property management, leading to inflexible rules that don't account for varied property types and circumstances""]"
2190,"Voting to oppose this bill means you have concerns about making this training compulsory. People might worry about the cost of training, whether one-size-fits-all training is effective, or whether this should be left to individual employers rather than made into a legal requirement."
2198,"Voting against this bill means you have concerns about the proposed changes to maritime rules. People might worry about costs to shipping companies, impacts on fishing communities, or whether the changes are actually necessary or well-thought-out."
2206,"[""- Economic impact on fishing communities: Bottom trawling is a significant fishing method for some commercial vessels; restricting it could reduce catches and income for fishing communities that depend on this practice, without adequate compensation mechanisms specified."",""- Enforcement and compliance costs: Monitoring and enforcing bottom trawling restrictions across UK waters requires substantial government resources; these costs ultimately fall on taxpayers while fishing industry profits may not increase proportionally."",""- Incomplete solution: Bottom trawling restrictions only address one fishing method; other damaging practices could continue in MPAs, meaning the bill may create a false sense of protection without comprehensively addressing marine damage."",""- Potential displacement of fishing pressure: Restricting bottom trawling in MPAs may simply push fishing vessels to fish more intensively in non-protected areas, shifting environmental damage rather than reducing overall harm to marine ecosystems.""]"
2207,"- Restricts fishing access and income for commercial fishing communities that rely on bottom trawling in these waters, with limited compensation mechanisms specified. - Creates economic inefficiency by forcing fishing vessels to travel further to non-protected waters, increasing fuel costs and reducing profitability for fishing businesses. - May prove difficult to enforce effectively, requiring significant investment in monitoring and surveillance of English marine areas. - Could shift fishing pressure to unprotected areas rather than achieving genuine conservation if not part of a comprehensive marine management strategy across all waters."
2213,"[""- Raises serious child safeguarding concerns, as relatives living in close family units may face increased vulnerability to grooming, coercion, or abuse in marriage contexts"",""- Creates genetic health risks if any children are born from marriages between close biological relatives, potentially affecting offspring with recessive genetic conditions"",""- Undermines long-established social and legal protections designed to maintain clear family boundaries and prevent exploitation within power-imbalanced relationships"",""- Could weaken existing laws protecting vulnerable people, such as those with learning disabilities or in dependent relationships, who may be at particular risk of coercion by family members""]"
2214,Some people opposed this Act based on religious or traditional beliefs about marriage. Others had concerns about how it might affect religious organizations and whether they could be required to perform same-sex marriages against their beliefs.
2215,"Voting against this bill means you believe same-sex marriage should not be legalised in Northern Ireland. People might oppose it for religious or traditional reasons, or because they believe marriage should only be between a man and a woman."
2217,"Voting against this bill means you believe the UK Parliament shouldn't force overseas territories to change their marriage laws. People might argue these territories should make their own decisions, or they might have religious or cultural objections to same-sex marriage."
2235,"- Requires substantial capital investment from NHS maternity units to construct and furnish dedicated suites at a time when many hospitals face severe budget constraints and competing priorities
- May divert limited NHS resources away from other maternity services such as staffing, equipment, and care improvements that could reduce stillbirth and neonatal mortality rates
- Could be seen as prescriptive, removing flexibility for individual trusts to decide how best to allocate their specific resources and design bereavement care based on their local needs
- Implementation timescales could be challenging, potentially requiring some maternity units to close temporarily for building work, affecting access to maternity services in those areas"
2238,"- Creates significant compliance costs for meat producers and retailers, particularly small businesses, who must track, label, and potentially redesign packaging for different killing methods
- May disadvantage religious communities (Muslim and Jewish) whose halal and kosher slaughter methods fall outside pre-stunning requirements, potentially reducing market access or stigmatising their products
- Could reduce competition and choice if consumers avoid non-stunned meat, limiting availability and increasing prices for those who wish to purchase it for religious or cultural reasons
- Assumes labelling alone changes behaviour and may be unnecessary if consumers are already willing to purchase all methods; administrative burden may outweigh actual demand"
2250,"- Risks creating a two-tier medical education system where certain specialties become less attractive to trainees, potentially disadvantaging important but less 'prioritised' areas like pathology or less visible but essential services
- May reduce training opportunities and career flexibility for medical graduates, limiting choice and forcing doctors into specified roles rather than allowing merit-based specialty selection
- Could disadvantage medical schools and regions not designated as priorities, reducing investment in their research and education infrastructure and widening geographical healthcare disparities
- Raises concerns about political interference in clinical training decisions; annual shifts in 'priority' specialties based on policy rather than long-term workforce planning could create instability and waste previous training investments"
2283,"- May damage diplomatic relationships with countries affected by methanol-poisoning warnings, potentially triggering trade disputes or formal complaints from foreign governments. - Could disproportionately harm tourism industries and local economies in affected regions by deterring visitors, even if poisonings are rare or affect only specific establishments. - Adds bureaucratic burden to the Foreign Office to investigate and verify methanol incidents, requiring ongoing monitoring and regular updates to advice. - Risk of over-caution: advice may become generic or overly broad, potentially warning about risks in countries where methanol poisoning is extremely rare, reducing the credibility of travel warnings overall."
2290,"[""- Increases manufacturing costs and product prices for consumers, particularly affecting lower-income households buying washing machines, with unclear evidence that filters are cost-effective compared to other microplastic reduction methods"",""- Creates a new waste stream requiring regular filter replacement and disposal, with concerns about whether filters themselves are recyclable or will simply transfer the microplastic problem to landfills"",""- Places burden on UK manufacturers while international competitors without similar regulations remain unaffected, potentially disadvantaging domestic industry competitiveness in global markets"",""- Relies on unproven or developing filter technology that may have variable effectiveness rates, and establishes regulatory standards before the industry has agreed on reliable testing methods and performance benchmarks""]"
2294,"[""- May compromise Britain's ability to respond quickly to genuine military emergencies or security threats that require immediate action without delay"",""- Could restrict operational flexibility and put armed forces at a disadvantage if enemies know Parliament must vote before deployment"",""- May inadvertently prevent rapid responses to humanitarian crises, evacuations, or defensive actions that genuinely require speed over parliamentary procedure"",""- Creates potential for hostile actors to exploit parliamentary debate timelines, or for classified security information to be exposed during parliamentary discussion of military operations""]"
2314,"[""- Increases public spending on ministerial pay at a time when many public sector workers (nurses, teachers, civil servants) face pay freezes or below-inflation increases, raising questions about fairness and priorities"",""- If raising salaries significantly, sends a poor message to the public during periods of economic difficulty, austerity, or when public services are being cut, potentially damaging trust in politicians"",""- May lock in pay arrangements that are difficult to reverse later, creating long-term budget commitments that reduce flexibility for future governments to respond to fiscal crises"",""- Could be seen as self-serving if MPs vote to increase their own or their colleagues' pay, reinforcing public perception that politicians prioritise their own interests over those of ordinary citizens""]"
2318,"[""- Creates an additional layer of government bureaucracy and expense at a time of tight public finances, potentially duplicating work already done by existing departments like Work and Pensions or Social Security"",""- May lack real power if it functions only as a coordinating body without actual budget control, making it a symbolic gesture rather than delivering substantive change"",""- Could allow the government to claim action on poverty while deferring actual delivery to other departments, diffusing responsibility rather than concentrating it effectively"",""- Risks becoming another quango that produces reports without meaningful influence on Treasury decisions about welfare spending and tax policy, which are the primary drivers of poverty levels""]"
2330,"- May increase regulatory costs for site operators and smaller mobile home park businesses, potentially leading to higher fees passed on to residents or reduced investment in site maintenance and facilities
- Creates additional bureaucratic requirements and dispute resolution procedures that could delay legitimate actions by site owners, such as managing genuinely problematic residents
- Could discourage new investment in mobile home parks if operators believe the regulatory environment makes sites less profitable, potentially reducing housing availability in this sector
- Introduces legal uncertainty about existing contracts and arrangements, potentially triggering disputes between current residents and operators over how new rules apply retrospectively"
2345,"[""- Unclear cost and scope: a formal inquiry could be expensive and time-consuming without guaranteeing meaningful remedies or compensation, potentially raising expectations that cannot be met."",""- Lender concerns about retrospective liability: banks may argue that past lending decisions reflected reasonable risk assessment at the time, and an inquiry could unfairly pressure them into compensation they dispute."",""- Individual circumstances vary significantly: some mortgage prisoners may have had genuine credit issues unrelated to the crisis; a blanket inquiry might conflate different situations and complicate fair assessment."",""- Risk of moral hazard: formal compensation could discourage future responsible borrowing behaviour and set a precedent for government intervention in commercial lending decisions that were technically compliant with regulations.""]"
2348,"[""- Creates significant public financial liability with potentially unlimited compensation costs that could affect other public spending priorities"",""- May prove administratively complex and slow to deliver payments, as identifying all eligible victims and determining appropriate compensation levels requires extensive investigation"",""- Could open government to numerous claims and appeals, resulting in prolonged legal uncertainty and ongoing costs beyond initial estimates"",""- Focuses on compensation rather than addressing root causes or preventing similar institutional abuses in current childcare systems""]"
2355,"Voting against this bill means you have concerns about the proposed inspection changes for Multi-Academy Trusts. People might worry it could be too costly, too bureaucratic, or that the new inspection approach isn't the best way to measure school quality."
2361,"[""- Creates significant compliance costs: Retrofitting older car parks with new CCTV systems, lighting, and structural reinforcement requires substantial capital investment that operators may pass to users through higher charges"",""- Disproportionately affects smaller operators: Independent car park owners lack the economies of scale that large chains have, making compliance relatively more expensive and potentially forcing closures"",""- May reduce car park availability: If operators cannot afford upgrades, some facilities may close, reducing parking supply in already congested areas"",""- Regulatory burden on business: Ongoing inspection, documentation, and maintenance requirements create administrative overhead; critics argue market competition already incentivises safety without government mandates""]"
2367,"Voting against this bill means you have concerns about how such commemorations might be used or what they might imply about historical events and Israeli-Palestinian history. Opponents might worry about divisive language, how the law would be enforced, or whether it could affect social cohesion in the UK."
2368,"Voting against this bill means you have concerns about the new rules, such as the cost to families if nappies become more expensive, whether the environmental benefits are worth it, or if the rules might be too strict on manufacturers. Some might worry that imported nappies wouldn't follow the same standards, making UK-made ones less competitive."
2369,"- Locks government into rigid spending commitments and targets that may not reflect changing medical evidence or emerging technologies, reducing flexibility to redirect resources where they become most effective
- Places substantial new bureaucratic requirements on NHS trusts and local authorities to report against targets, potentially diverting resources from direct patient care to administrative compliance
- May prioritise cancer care spending over equally urgent health needs like mental health services or emergency medicine, where funding pressures are equally severe
- Relies on overly optimistic assumptions about what can be achieved through strategy alone, without addressing underlying structural issues like GP shortages and hospital capacity that no bill can directly solve"
2383,"Voting against this bill means you believe the NHS should remain free at the point of use for all patients, as it currently is. Opponents worry that charges could prevent poorer people from seeking medical help, put extra burden on those with long-term illnesses, and that the NHS was founded on the principle of free care based on need, not ability to pay."
2392,"A vote to oppose this bill means you believe healthcare should remain completely free for everyone, as it has been since the NHS was created. Opponents worry this could mean poor people can't afford treatment, create a two-tier system where richer patients get better care, and cost money to collect payments that could go to actual healthcare."
2393,"[""- Undermines the founding principle of the NHS, free care based on clinical need, not ability to pay, and risks creating a two-tier system where wealthier people receive faster or better care"",""- Disproportionately harms low-income households and people with chronic illnesses who require frequent care, potentially forcing them to skip or delay treatment for financial reasons, worsening health outcomes"",""- Creates administrative costs for the NHS to collect payments and manage exemptions, potentially offsetting much of the revenue gained and diverting resources from patient care"",""- May deter early intervention and preventative care (such as managing blood pressure or diabetes) if patients avoid visits due to cost, leading to more expensive emergency treatments later""]"
2403,"Critics might worry that changes to National Insurance could mean higher costs for workers or employers, or that the changes don't go far enough to help those struggling financially. Some may be concerned about how the changes affect small businesses or low-income earners."
2404,"Critics worry that changes to National Insurance contributions could mean some workers pay more tax, or that employers might pass costs onto employees through lower wages. Some also concerned it doesn't do enough to help lower-paid workers."
2407,"Critics worry the Act increases costs for workers or employers, reducing take-home pay or making businesses less competitive. Others may question whether the money raised is spent wisely, or believe the changes unfairly target certain groups."
2408,"[""- Reduces government tax revenue from National Insurance, requiring cuts to public services (NHS, education, welfare) or alternative tax increases elsewhere"",""- Primarily benefits employers and wealthier workers who receive generous pension contributions, while potentially doing little for low-wage workers or the self-employed"",""- May not significantly increase pension savings if employers simply use savings elsewhere rather than raising contributions or wages"",""- Creates an unfair advantage for employers offering pensions over those paying equivalent wages in cash, potentially widening inequality between workers with and without access to workplace pensions""]"
2413,"- Lower employer National Insurance contributions reduce government revenue needed to fund public services like the NHS, social care, and welfare programmes without compensating tax increases elsewhere
- Reducing employer contributions may primarily benefit larger corporations and high-margin businesses rather than improving wages or conditions for low-paid workers
- Changes risk widening inequality if savings are not reinvested in employee wages or public services, instead going to shareholder profits or executive pay
- The long-term economic impact is uncertain, savings may not translate to genuine job creation or wage growth if businesses use reduced costs for other purposes"
2414,"Critics might worry that this Act allows wealthy people and high-earning athletes to avoid paying National Insurance, which funds NHS and social care. Some could argue it's unfair that these payments are tax-free while ordinary workers pay contributions on their regular wages."
2431,"[""- May increase short-term costs and delays: nature-based solutions often require more upfront planning and land acquisition than rapid construction of conventional defences, potentially slowing flood protection for vulnerable areas facing immediate threats"",""- Creates land-use conflicts: restoring wetlands and floodplains requires acquiring or designating significant land areas, which may compete with agricultural production, development, or existing property rights, particularly in densely populated regions"",""- Uncertain effectiveness in extreme events: while effective for managing typical flooding, large-scale natural systems may prove insufficient during unprecedented climate-driven rainfall or storm surge events, potentially leaving communities inadequately protected"",""- Implementation risks and maintenance burdens: natural systems require ongoing ecological management and monitoring; if poorly maintained or monitored, they may fail to deliver promised benefits, and responsibility disputes may arise between fragmented authorities""]"
2437,"[""- Mandatory screening risks over-pathologizing normal childhood variation and placing diagnostic labels on children unnecessarily, potentially lowering expectations or creating stigma rather than helping them"",""- Teacher training requirements impose additional costs on schools already facing budget cuts, and the time spent on training diverts resources from direct classroom teaching and existing support priorities"",""- Mass screening without proportional increase in specialist provision (educational psychologists, SENCO staff, specialist teachers) would identify more students than the system can actually support, creating false hope and longer waiting lists"",""- The bill assumes screening is always beneficial, but diagnosis alone doesn't guarantee improved support or outcomes; without funding for actual interventions and smaller class sizes, identification without resources may worsen outcomes by raising awareness of unmet needs""]"
2438,"A vote to oppose this bill might reflect concerns about the cost of implementing nationwide screening and teacher training programmes. Some may worry about the accuracy of screening tests, potential over-diagnosis, or whether resources would be better spent elsewhere in education."
2440,"[""- Increases upfront building costs for developers and new homebuyers by £3,000-£5,000 per property, potentially making new homes less affordable and pricing out first-time buyers in an already expensive market"",""- Creates practical problems for properties with unsuitable roof orientation, shading from trees or neighbouring buildings, or structural issues, yet still imposes compliance requirements or exemption bureaucracy"",""- Assumes solar panels will remain effective and maintained over decades, but places no legal obligation on homeowners to maintain systems, risking underperforming installations that fail to deliver promised benefits"",""- May be unnecessary in regions or during seasons with low solar output, and doesn't account for individual circumstances where batteries or grid electricity remain more practical and cost-effective than rooftop solar""]"
2442,Some people worry that giving charities more freedom might mean less oversight and accountability for how money is spent. Others concern that it could create a two-tier system where well-funded hospitals get more charitable support than struggling ones.
2450,"[""- Diverts limited NHS resources away from treatments with robust clinical evidence, potentially reducing funding for proven interventions and creating inequitable access based on treatment type rather than effectiveness"",""- Many alternative treatments lack rigorous scientific evidence of efficacy; funding them on the NHS would set a problematic precedent of public money supporting unproven therapies"",""- Creates an administrative burden and cost to NHS England in evaluating, regulating, and integrating alternative treatments that may not meet the same safety and efficacy standards as conventional medicine"",""- Could undermine public health messaging and medical professionalism by giving equal NHS legitimacy to treatments that contradict established biological science or evidence-based practice guidelines""]"
2455,"- Raises free speech concerns, as defining the boundaries between illegal content and protected expression (satire, political commentary, artistic work) may be subjective and lead to over-prosecution
- Creates practical enforcement challenges for police and courts, particularly in distinguishing between consensually created material and non-consensual sharing, and in identifying offenders online
- May impose disproportionate liability on platforms and services required to monitor content, potentially restricting legitimate online spaces or pushing activity to less regulated platforms
- Risks criminalizing individuals for possessing or sharing material without clear knowledge of non-consent, potentially capturing cases where consent status is genuinely ambiguous or disputed"
2458,"[""- May create uncertainty for businesses about what can be legitimately kept confidential, potentially exposing sensitive commercial information, trade secrets, or negotiation details if the definitions of prohibited use are unclear"",""- Could increase litigation costs for organisations as more disputes over NDA validity and scope end up in court, particularly if there are disagreements about what constitutes 'misconduct'"",""- Might deter some settlements in civil disputes if organisations cannot guarantee confidentiality, making it harder to reach quick, private resolutions that benefit both parties"",""- Risks being used opportunistically to challenge standard confidentiality clauses in settlement agreements unrelated to serious wrongdoing, potentially destabilising legitimate commercial contracts""]"
2464,"[""- Private school rate relief effectively subsidizes education for wealthier families through the tax system, while state schools serving disadvantaged communities receive no equivalent benefit"",""- Reduced rates on private schools shift the tax burden onto other businesses and ultimately taxpayers, potentially affecting small businesses and high street retailers already facing financial pressure"",""- The precedent of using multipliers to provide selective relief to particular sectors raises concerns about fairness and creates opportunities for future lobbying by other industries seeking similar exemptions"",""- Public funds are effectively diverted to independent schools when those resources could address significant underfunding in state education, the NHS, and public services""]"
2469,"Voting against this bill means you have concerns about the change. Some people worry about administrative complexity, international recognition of non-binary markers, or believe passports should stick to biological sex for identification purposes."
2473,"Voting against this bill means you have concerns about merging these health organisations. Opponents might worry about losing local decision-making power, job losses, disruption to services during the merger, or that a larger organisation could be harder to manage effectively."
2475,"Some people worry about how the Act handles the balance between Northern Ireland's connection to the UK and Ireland, particularly around border issues and cross-border cooperation. Others may have concerns about how fairly it represents different communities or whether it gives Northern Ireland enough control over its own affairs."
2484,Critics worry that changing how petitions of concern work could reduce the power of minority groups to protect their interests in Northern Ireland's power-sharing government. Some are concerned the changes might make it harder for smaller political parties to have a real say in important decisions.
2489,Some people worry that power-sharing arrangements might not work fairly between different communities. Others may have concerns about whether the agreement properly represents all groups or protects minority interests in Northern Ireland.
2498,"Critics might worry that this temporary measure gives too much financial freedom without proper oversight, or that it delays making difficult decisions about how money should actually be spent. Some could be concerned it becomes a habit rather than a one-time fix."
2502,"- Effectively closes off criminal justice for perpetrators of violence, meaning those responsible for deaths or serious injuries may face no legal punishment despite their actions
- Victims' families lose the opportunity to see those responsible convicted in court, which many view as essential for justice and accountability
- The amnesty could discourage cooperation if participants believe they can avoid disclosure and still receive immunity, undermining the commission's effectiveness
- Sets a precedent that serious crimes during conflict periods can be resolved through truth commissions rather than law, potentially limiting justice options in future conflicts"
2504,"[""- May impose financial burdens on market users through regulation compliance costs or increased fees if new administrative requirements are introduced"",""- Could restrict existing traders' freedom of operation if the bill introduces new conditions, licensing requirements, or trading limitations they must follow"",""- Risks concentrating market control in the hands of a single operator or authority, potentially disadvantaging independent traders or limiting competition"",""- May involve land-use implications that affect neighbouring properties or the wider Norwich community if the market's permitted activities are expanded""]"
2511,"- May create bureaucratic burdens and legal costs for healthcare organisations and individuals in borderline cases, particularly in defining related roles and titles- Could restrict the use of 'nurse' in contexts like historical documents, informal language, or educational settings where someone is learning nursing skills- May disadvantage overseas-trained nurses or those in transition to registration if the law does not provide clear grace periods or pathways- Risks over-regulation of the nursing profession without evidence that title protection significantly improves patient outcomes compared to other accountability measures already in place"
2528,"- Creates additional government bureaucracy and spending at a time of fiscal pressure, requiring ongoing funding that could be directed to other public priorities
- May duplicate or overlap with existing whistleblowing protections already available through regulatory bodies, employment tribunals, and sector-specific schemes, creating confusion rather than clarity
- Could expose businesses to excessive litigation and complaints, particularly small and medium enterprises that lack dedicated compliance teams to manage investigations and potential legal costs
- Risks becoming a tool for vexatious complaints or personal grievances unrelated to genuine wrongdoing, potentially overwhelming the office and diluting its effectiveness on serious cases"
2533,"[""- Creates broad police discretionary powers without sufficiently clear legal definitions of what constitutes prohibited 'nuisance', risking inconsistent enforcement and potential misuse against legitimate motorcycle enthusiasts on private land"",""- May unfairly target young people and disadvantaged communities who use off-road bikes for legitimate recreation, while resources could be better directed at serious crime"",""- Introduces vehicle seizure powers without always requiring conviction, potentially allowing confiscation of bikes before legal proceedings are concluded, raising fairness and property rights concerns"",""- Lacks provisions for appeals or compensation if bikes are seized in error, and may place financial burden on lower-income riders unable to afford legal challenges or vehicle recovery costs""]"
2534,"Voting against this bill means you have concerns about the cost and hassle of registering off-road vehicles, or worry it won't effectively solve the problems it aims to tackle. Opponents might argue it could burden farmers, hobbyists, and small businesses while not stopping criminals from using unregistered vehicles."
2535,"Voting against this bill means you're concerned about the extra costs and paperwork for off-road vehicle owners, or you believe registration won't actually solve the problems it claims to. Critics might worry it unfairly targets rural communities and legitimate users, or that it gives the government too much control."
2536,"Voting against this bill means you believe registration requirements will be too expensive or complicated for off-road vehicle owners, especially in rural areas where they're commonly used for farming. Opponents worry it could reduce people's freedom to use their own vehicles on private land without government involvement."
2543,Voting against this bill means you're concerned that giving schools the power to challenge Ofsted grades could weaken the inspection system or delay important feedback about school quality. Some might worry this could protect poorly-performing schools from accountability.
2560,"[""- Age verification systems threaten privacy by requiring platforms to collect and store sensitive personal data (ID documents, biometric information) that could be hacked or misused"",""- Disproportionately harms legitimate users and small platforms, as implementing robust age verification is expensive and technically challenging, potentially forcing smaller competitors out of business"",""- May drive young people toward unregulated dark web alternatives or offshore platforms with even fewer safety protections, rather than mainstream platforms with established moderation"",""- Raises free speech and access concerns by potentially excluding older teenagers from legitimate educational, creative, or civic platforms, and places the burden of proof-of-age on citizens rather than addressing the underlying business models that exploit user data""]"
2570,"Voting against this bill means you think people should have to actively choose to be organ donors, rather than being assumed as donors unless they opt-out. Opponents worry that this removes personal choice and could upset families of deceased people, and they question whether it's ethical to use people's organs without them having explicitly agreed to it."
2572,"Voting to oppose this bill means you want to keep the current 'opt-in' system where people must actively choose to be organ donors. Concerns include worries about respecting people's wishes, whether families might feel pressured, and whether the system will work fairly for all communities."
2579,"[""- Creates significant additional costs for schools already facing budget pressures, requiring investment in outdoor spaces, trained staff, insurance, and equipment that may divert funding from core academic provision"",""- Places substantial new demands on already stretched teachers and schools to organize, supervise, and deliver outdoor programmes, potentially without adequate training or resources in many areas"",""- May create safeguarding and liability concerns, as outdoor activities carry inherent risks that require additional insurance, duty of care protocols, and staff training that could expose schools to legal challenges"",""- Could disadvantage pupils with certain disabilities or health conditions who may struggle with outdoor environments, unless substantial additional support and adaptations are funded and properly implemented""]"
2587,"Voting against this bill means you believe the 15-year rule should stay in place. Opponents worry that people who've lived abroad for a long time may be too disconnected from UK life to vote fairly, or that it could be difficult to manage voting records for people spread across the world."
2593,"[""- Recognizing Palestine without a final peace agreement may undermine ongoing negotiations by reducing pressure on Palestinian authorities to reach a comprehensive settlement with Israel"",""- Recognition risks damaging the UK's relationship with Israel, a close ally, and could complicate future diplomatic efforts to broker peace between the parties"",""- Unilateral UK recognition has limited practical effect without broader international consensus and may be seen as symbolic rather than substantively advancing Palestinian statehood"",""- Recognition could be seen as taking sides in an active conflict rather than maintaining the UK's role as an honest broker, potentially reducing British influence in peace-building efforts""]"
2594,"[""- Premature without final peace settlement: Opponents argue recognition should follow a negotiated final agreement between Israelis and Palestinians, not precede it, and that unilateral recognition may undermine negotiation incentives."",""- May damage UK-Israel relations: Recognition could strain diplomatic and trade relationships with Israel, a key UK ally in the Middle East, and could affect bilateral cooperation on security and economic matters."",""- Unclear on territorial boundaries: The bill does not define which territory constitutes the Palestinian state (West Bank, Gaza, or both), creating ambiguity about what entity is actually being recognized and potentially complicating future agreements."",""- Limited practical effect without enforcement: Formal recognition alone does not resolve ground-level conflicts, secure Palestinian rights, or establish functioning institutions, so critics question whether it achieves meaningful outcomes without accompanying peace implementation mechanisms.""]"
2595,"[""- Recognizing Palestine unilaterally could undermine UK neutrality in peace negotiations and reduce Britain's ability to facilitate dialogue between Israeli and Palestinian leaders"",""- Formal recognition without simultaneous Israeli agreement might complicate rather than advance a negotiated two-state solution, potentially hardening positions on both sides"",""- UK recognition could strain relations with Israel and create friction with allied nations, affecting defense, intelligence, and trade partnerships in the region"",""- The bill prioritizes symbolic recognition over practical measures like conditional aid, humanitarian support, or direct mediation that might have more concrete impact on improving Palestinian conditions""]"
2598,"Voting against this bill means you have concerns about how it's designed or funded. Some might worry about the costs, whether it could affect other NHS services, or whether the proposals actually address real problems in end-of-life care."
2606,"Voting against this bill means you think councils should be able to increase precepts without holding a referendum. Opponents worry that referendums are expensive, time-consuming, and could stop councils from raising the money they need to provide important local services like bin collections and community facilities."
2611,"Voting against this bill means you believe councils should have the freedom to sell parks and playing fields if they need to. People might oppose it because they think local authorities need to sell land to raise money for other services, or that the bill is too restrictive and takes away decision-making power from local areas."
2623,"Voting against this bill might mean you're concerned about how much power these investigations could have, whether they might be used unfairly against certain groups, or that they could be too expensive and time-consuming. Some might worry about privacy or whether investigations could become too political."
2633,"[""- Slows down the government's ability to negotiate and ratify trade agreements quickly, potentially disadvantaging the UK in international negotiations where speed and flexibility matter"",""- Places detailed scrutiny of technical trade terms in Parliament rather than with trade experts, potentially leading to politically-driven rather than evidence-based decisions on commercial matters"",""- Could give Parliament veto power over deals negotiated by expert negotiators, risking situations where political disagreements block beneficial agreements that serve the UK's economic interests"",""- May deter trading partners from offering favourable terms if they perceive Parliament as an unpredictable obstacle, or encourage them to demand concessions to offset ratification uncertainty""]"
2640,"Voting against this bill means you have concerns about allowing court cases to happen mainly through video links. Opponents might worry that justice is less fair when people aren't face-to-face with judges and juries, or that important details get missed through a screen."
2642,"- Public ownership requires substantial government funding and borrowing to acquire operating companies and infrastructure, diverting taxpayer money from other priorities like the NHS or schools, with no guarantee of financial returns. - Private sector competition and efficiency incentives may be lost, potentially leading to higher operating costs, reduced innovation, and slower service improvements compared to competitive franchising models. - The government has limited track record in efficiently managing large transport networks, risking operational mismanagement, industrial disputes, and inflexible bureaucratic decision-making that private operators might handle more dynamically. - Significant transition costs and administrative complexity arise from transferring operations from multiple private companies to public control, potentially causing service disruption during the changeover period."
2650,"[""- Creates parking pressure on residential streets: without pavement parking, drivers may circle longer seeking legal spaces, increasing congestion and emissions"",""- Places additional enforcement burden on councils already stretched financially, requiring them to monitor and penalise parking violations"",""- May disadvantage residents without off-street parking (driveways or garages), particularly in older terraced housing areas where pavement parking is common and necessary"",""- Risk of inconsistent rules across different council areas could confuse drivers and create patchwork regulations that lack clarity""]"
2653,"Voting against this bill means you have concerns about the new rules or believe they're unnecessary. People might worry about extra costs for pedicab drivers, that regulation could reduce this eco-friendly transport option, or that the rules are too strict or don't go far enough."
2661,"[""- Undermines pension security: Allows erosion of pension protections designed to ensure long-term financial security; could be misused or create pressure on vulnerable people to withdraw funds prematurely."",""- Complicates administration: Creates difficult assessments of 'end of life' status, potentially requiring invasive medical certification and raising questions about who qualifies and how terminal conditions are defined."",""- Tax implications: May trigger unintended tax consequences for estates or beneficiaries, and could reduce the value of pensions through unexpected liability or loss of tax-advantaged growth."",""- Unequal access risk: People without clear terminal diagnoses (gradual decline, dementia, mental health crises) may be excluded, creating unfair disparities in who can access their own money in difficult circumstances.""]"
2665,"[""- May slow down government's ability to respond quickly to fiscal emergencies or changing economic circumstances by imposing mandatory consultation periods"",""- Could create indefinite legal obligations to review allowances, potentially leading to costly, repeated administrative processes without guarantee of improved outcomes"",""- Consultation requirements might become lengthy and cumbersome, delaying necessary policy decisions that could affect pension system efficiency"",""- Places new procedural burdens on government without specifying what consultation outcomes must achieve, potentially creating legal disputes over whether duties were properly fulfilled""]"
2670,"[""- Creates additional bureaucratic costs and administrative burdens for pension schemes and trustees, particularly smaller schemes that may struggle with new compliance requirements and reporting duties"",""- Transfer restrictions, while well-intentioned, may delay legitimate pension transfers and create inconvenience for members who want to consolidate their pensions or access better-value schemes"",""- Gives significant new powers to the Pensions Regulator without clear limits, potentially allowing over-regulation that could reduce competition and innovation in the pensions industry"",""- May increase costs for scheme members and employers as pension schemes pass on compliance expenses, ultimately reducing the value of pensions available to savers""]"
2674,"Critics worry that people have to work longer before getting their pension, which is harder for those in physically demanding jobs. Some argue it unfairly affects lower-income workers who may have shorter life expectancies and get less benefit from their pension."
2678,"Voting against means you have concerns about the bill. People might worry it costs employers too much money, reduces workers' take-home pay, or that automatic enrolment shouldn't apply to everyone - for example, young workers or those with low wages might struggle with the extra pension contributions."
2681,"- The cost of compensation or pension adjustments could be substantial and would ultimately be funded by UK taxpayers, potentially diverting resources from other public services or requiring increases in national insurance contributions
- Reviews and inquiries are time-consuming and may delay any actual help reaching affected women, while alternative targeted compensation schemes could provide faster relief without lengthy investigation
- Setting a precedent for reviewing past pension policy decisions could open the door to numerous other compensation claims from other groups, creating ongoing fiscal uncertainty for the government
- Some argue the State Pension age equalisation was a necessary and lawful policy to achieve gender equality, and that reviewing it retrospectively could undermine public confidence in the permanence of pension legislation"
2686,"[""- Adds significant resource burden to NHS maternity services already under strain: mandatory assessments require trained staff, time, and funding that may divert resources from other critical maternity care like pain relief or emergency obstetric services"",""- Risk of over-medicalisation and unnecessary treatment: screening large populations may identify mild symptoms, leading to overtreatment with medications or interventions that some women would not choose, particularly given potential effects on breastfeeding"",""- Potential to stigmatise motherhood and mothering: framing perinatal period as inherently risky for mental health may increase anxiety, reduce confidence in maternal abilities, or discourage women from seeking help if they fear assessment results could affect custody or child protection involvement"",""- Limited evidence that mandatory assessment alone improves outcomes: without guaranteed follow-up treatment, counselling, and support services in place, assessments may simply identify problems without providing solutions, creating false reassurance or frustration""]"
2691,"- Weakens local democratic control by removing community input and council oversight of developments, preventing neighbours and residents from having a say in changes affecting their local area and character
- Risks poor-quality or unsuitable developments, as PDR bypasses councils' expertise in assessing whether buildings fit local infrastructure capacity, flood risk, contamination, or neighbourhood compatibility
- Removes protections for conservation areas and historic buildings, potentially allowing unsuitable changes to listed properties and protected streetscapes without specialist architectural consideration
- Creates unequal treatment where wealthy property owners can develop freely while councils lose ability to enforce design standards, parking requirements, and affordable housing contributions that ensure developments benefit communities fairly"
2702,"[""- Contradicts UK climate commitments under the Paris Agreement and the legally binding net-zero target for 2050, by extending fossil fuel extraction rather than phasing it out"",""- Locks in long-term carbon emissions and delays the necessary transition to renewable energy, making it harder to meet carbon budgets and climate deadlines"",""- Diverts investment and policy focus away from renewable energy infrastructure, green jobs, and clean technology where long-term economic growth lies"",""- Exposes the UK to stranded assets and financial risk if petroleum demand declines faster than predicted, and creates environmental risks including potential spills in sensitive marine ecosystems""]"
2707,"- Represents a significant cost burden for pet owners, particularly low-income households, who must pay for microchipping and ongoing registration fees or annual charges. - Raises data protection concerns about storing personal information on a centralized national database, creating risks of data breaches, misuse, or unauthorized access by third parties. - Places additional enforcement and administrative burden on local authorities and veterinary services who must manage compliance and maintain the database system. - May be seen as excessive government intervention in personal pet ownership decisions, with some arguing education and voluntary schemes are more effective than blanket legal requirements."
2722,"- Significantly restricts housing development in flood-risk areas, which could reduce the overall housing supply and push prices higher in already expensive regions, particularly affecting first-time buyers and lower-income households
- Creates lengthy planning delays as developers must conduct extensive and expensive flood risk assessments, increasing costs that are ultimately passed to house buyers and slowing down house-building programmes
- May make previously viable brownfield and urban regeneration projects uneconomical, potentially leaving derelict sites unused while development shifts to greenfield land outside flood zones, harming environmental goals
- Disproportionately impacts northern and coastal regions with existing flood risks, potentially concentrating new housing and economic development in safer southern areas and widening regional inequality"
2736,"[""- May increase development costs passed to house buyers through higher purchase prices or rents, making housing less affordable at a time when affordability is already critical"",""- Potentially discourages development in areas needing regeneration if contribution requirements are too high relative to project viability, particularly affecting smaller or marginal schemes"",""- Shifts significant financial burden onto developers rather than exploring other funding mechanisms, which could impact construction jobs and investment in less affluent areas where margins are tighter"",""- May give councils excessive discretion in setting contribution rates, risking inconsistency across regions and enabling some authorities to impose unreasonable demands that effectively block development""]"
2738,"[""- Environmental and heritage concerns: Accelerated planning decisions may reduce environmental impact assessments and weaken protections for green spaces, wildlife habitats, and historical sites in rush to approve projects."",""- Loss of local community control: Streamlined processes could bypass meaningful public consultation, meaning residents have less say in developments affecting their neighbourhoods, schools, and local character."",""- Infrastructure strain on councils: Faster timelines place pressure on already under-resourced local planning authorities to process applications without adequate staff or expertise, potentially leading to poor-quality decisions and appeals."",""- Risk of low-quality development: Reduced scrutiny and shorter assessment periods may allow substandard housing or inappropriate developments to proceed, prioritising speed over quality, sustainability standards, and proper integration with existing communities.""]"
2747,"[""- Significantly increases costs for public sector organisations, as alternative weed control methods (manual removal, hot water treatment, vinegar-based sprays) are often more labour-intensive and expensive than chemical solutions"",""- May degrade the appearance and usability of public spaces if alternative methods prove less effective, potentially affecting parks, sports pitches, and recreational facilities that communities depend on"",""- Places an unfair burden on public sector budgets while private landowners and businesses face no restrictions, creating a competitive disadvantage for public sector maintenance budgets"",""- Could prove impractical for large-scale land management, particularly in controlling invasive species and preventing disease spread in agricultural or forestry contexts managed by public bodies""]"
2762,"[""- Reduces local autonomy by centralizing review powers and potentially allowing external bodies to override PCC decisions, undermining the principle of locally elected leaders setting local policing priorities"",""- Creates excessive bureaucracy through additional oversight layers and reporting requirements, which could slow down policing decisions and divert resources away from frontline services"",""- May be politically motivated if review powers are used to challenge PCCs from particular political parties, turning police governance into a partisan tool rather than a public safety function"",""- Fails to address root causes of poor policing by focusing on commissioner accountability rather than police force performance, staffing levels, and training, the actual drivers of public safety outcomes""]"
2769,"Critics worry the Act gives police too much power and could unfairly target certain groups. Others are concerned it might reduce privacy rights, increase stop-and-search powers without proper safeguards, or lead to over-policing in some neighbourhoods."
2774,"- Restricts political participation: Donation limits may prevent individuals and organisations from supporting causes they believe in, treating financial support as less important than other forms of political involvement. - Burdens legitimate donors: Small businesses, unions, and advocacy groups face costly compliance requirements and bureaucratic reporting, diverting resources from their actual work. - Favours incumbents: Established parties with existing donor networks are less disrupted than challengers trying to build support, potentially entrenching the status quo rather than promoting democratic competition. - Free speech concerns: Limiting donations to campaigns could be seen as restricting political expression, particularly for groups wanting to fund advertising that promotes their views."
2780,"[""- Creates regulatory burden on businesses, particularly small manufacturers, who may lack resources to audit supply chains and reformulate products to meet new PFAS guidance without clear timelines or financial support"",""- May impose unnecessary costs on industries like aerospace, pharmaceuticals, and water treatment that rely on PFAS for critical safety functions, potentially making essential products more expensive without proven public health gains"",""- Risks duplicating work if comprehensive PFAS restrictions are already being developed through separate regulatory channels, resulting in guidance that quickly becomes outdated and wastes government resources"",""- Could disadvantage UK manufacturers against international competitors if guidance is stricter than standards in other trading partners, shifting production and jobs overseas without delivering equivalent global environmental benefits""]"
2785,"Voting against this bill means you have concerns about the proposed changes to post-16 education. People might worry about things like funding cuts, reduced choices for students, impact on teachers' jobs, or whether the changes actually help young people get good qualifications and skills."
2791,"[""- May increase costs and complexity for ordinary people setting up powers of attorney if new verification requirements are burdensome or require professional assistance"",""- Could create a more centralised system where government oversight increases, raising concerns about privacy and state access to sensitive personal information"",""- Risks introducing new bureaucratic bottlenecks if the reformed process is poorly designed, potentially making it harder rather than easier for people to establish necessary legal arrangements"",""- May disadvantage vulnerable or isolated people who struggle with enhanced verification procedures, inadvertently preventing them from setting up protections when they need them most""]"
2793,"- Risks making it easier for officials to enter homes by standardising powers across so many different laws, the consolidation could inadvertently broaden access rather than restrict it
- May weaken privacy protections if clearer 'standard' entry rules replace existing laws that contain stronger individual safeguards for specific sectors
- Could reduce parliamentary scrutiny by moving detailed entry powers from individual laws into general framework legislation, making future changes less visible and debatable
- Places significant trust in government officials to self-regulate based on new guidelines, with limited independent oversight mechanisms to prevent misuse of entry powers in practice"
2797,"Voting against this bill means you have concerns about prenuptial agreements becoming law. Critics worry it could unfairly protect wealthy people, disadvantage stay-at-home parents, or allow people to avoid supporting their children financially after divorce."
2800,"Voting against this bill means you think the temporary ban goes too far or creates problems for energy companies and customers who prefer pre-payment meters. Opponents might worry that it limits customer choice, prevents companies from managing unpaid bills fairly, or that it's just a temporary fix rather than a real solution."
2803,"Critics worry the Act might be used unfairly - for example, someone could declare a missing person dead too quickly to gain access to their money or property. There's also concern that it doesn't give enough time or effort to actually finding the missing person before declaring them legally dead."
2811,"Voting against this bill means you think the current system of Prime Minister accountability is working well enough, or that these new measures could weaken the PM's ability to govern effectively. Opponents might worry it could slow down decision-making or give too much power to Parliament to interfere with running the country."
2812,Voting against this bill means you think current accountability measures are sufficient or that extra requirements could weaken the PM's ability to govern effectively. Opponents might argue it could slow down decision-making or that it interferes with the proper separation between Parliament and the executive.
2813,"A vote against this bill means you think current accountability measures are sufficient, or you're concerned the new rules could weaken the PM's ability to govern effectively. Critics might worry it could be used for political point-scoring or create too many extra demands on the PM's time."
2815,"Voting against this bill means you think the current system works fine, or that constant confidence votes could make the government unstable and distracted. Critics might worry it could be used too often for political point-scoring, making it harder for the PM to do their job effectively."
2817,Voting against this bill means you think the current system works well and don't want to change how Prime Ministers and Cabinets are appointed. People opposing it might worry that giving Parliament more control could slow down decision-making or create political chaos if MPs can't agree on appointments.
2824,"[""- Risk of politicisation: Opponents argue the process could be weaponised by rival MPs to challenge a sitting PM's fitness based on minor or disputed health concerns, undermining stability rather than protecting it."",""- Unnecessary formal legislation: The current convention-based system has functioned adequately in practice; creating statutory rules may be bureaucratic overreach for rare scenarios that already have informal solutions."",""- Privacy concerns: Formalising assessment of a PM's health creates pressure to disclose sensitive medical information publicly, potentially deterring capable candidates from seeking office due to privacy fears."",""- Unclear decision-making criteria: Questions remain about who decides incapacity (doctors, MPs, courts?) and what threshold applies, risking either arbitrary judgements or loopholes that don't resolve the original problem.""]"
2829,Critics worry this Act might pressure prisoners into making false confessions or revealing made-up information to get deals or better treatment. Some also argue it could invade prisoners' privacy rights or that criminals might use it to harm victims further by revealing sensitive details.
2831,"Critics worry that signal-blocking technology could interfere with other wireless services near prisons, affecting nearby residents and businesses. Some also raise concerns about the cost of installing and maintaining this equipment, and question whether it's the most effective way to deal with prison security problems."
2842,"Voting against this bill means you think registration shouldn't be compulsory for landlords. Critics worry it could be expensive and time-consuming for landlords to register, might not actually solve tenant problems, or could be another unnecessary government requirement for small business owners."
2851,"- May create friction in UK-EU trade as diverging product standards require separate certifications, increasing costs for businesses selling across both markets and potentially fragmenting supply chains
- Risks lower safety outcomes if the UK weakens standards to gain competitive advantage, potentially allowing substandard products to reach consumers compared to stricter EU equivalents
- Places significant administrative and financial burden on small and medium-sized businesses that lack resources to navigate new UK-specific certification processes independent of established EU frameworks
- Creates uncertainty for manufacturers during transition period, as they may need to obtain dual certifications and face unclear timelines for which old standards remain valid and when new ones take effect"
2853,Critics worry the Act might lower standards by accepting qualifications that aren't as rigorous as UK training. Others concern it could reduce job opportunities for British-trained professionals or lead to unfair competition from overseas workers willing to work for lower pay.
2859,"- May inadvertently legitimize or encourage cryptocurrency speculation and volatile asset holding by providing legal framework equivalent to traditional property, without addressing environmental or financial stability concerns
- Creates practical enforcement challenges and costs for digital asset platforms, potentially leading to higher fees for users or reduced services, particularly for smaller providers unable to implement required compliance systems
- Could expose the inheritance system to new fraud risks if digital asset verification and transfer processes are exploited, or if family members dispute access to accounts containing substantial value
- Lacks clarity on taxation implications and may create loopholes for tax avoidance through digital asset transfers, potentially shifting tax burden to traditional property owners"
2860,"[""- May trigger revaluations of existing properties, potentially increasing council tax bills or other property taxes for homeowners, particularly those in areas where values have risen"",""- Imposes compliance costs on property owners through registration fees and administrative requirements, with smaller landlords and less wealthy homeowners bearing disproportionate burdens"",""- Risks privacy concerns by creating a centralised, detailed database of property ownership that could be vulnerable to data breaches or misuse"",""- Could destabilise the property market if sudden revaluations trigger rapid changes in tax liabilities, causing financial stress for those with fixed incomes or in economically declining areas""]"
2878,"[""- Age verification requirements could infringe privacy and create surveillance infrastructure, as verifying age typically requires collecting sensitive identity documents or biometric data from millions of young users."",""- Overly strict regulation may stifle innovation and push younger users toward unregulated, less safe platforms in other jurisdictions rather than improving their safety on mainstream services."",""- Implementation costs would fall heavily on smaller tech companies and startups that lack resources to comply with complex safety standards, potentially consolidating market power among only the largest platforms."",""- Vague definitions of 'harmful content' and enforcement discretion could lead to excessive censorship of legitimate speech, educational material, and LGBTQ+ content that young people need access to.""]"
2881,"Voting against this bill means you think police need the freedom to make decisions based on individual situations rather than following rigid rules. Opponents worry that removing police discretion could prevent officers from helping children who need flexible or quick responses, and that one-size-fits-all rules might not work in complicated real-life situations."
2892,"Voting against this bill means you don't want to spend time and money on this research, or you believe the government shouldn't make helmet-wearing compulsory for young cyclists. Some people argue parents should decide this themselves, or that other safety measures are more important."
2908,"[""- May disproportionately burden vulnerable people (low-income families, elderly citizens, disabled individuals) who receive overpayments due to genuine confusion about rules rather than deliberate dishonesty, creating hardship through aggressive recovery"",""- Gives public authorities expanded powers with limited parliamentary oversight, risking inconsistent or heavy-handed enforcement and increasing costs to individuals who cannot afford legal representation to challenge recovery decisions"",""- Could prioritise cost recovery over support, where authorities focus on reclaiming money rather than helping people resolve underlying issues (like incorrect benefits claims) or addressing systemic administrative failures in government systems"",""- May increase bureaucratic burden and costs on small organisations and charities that receive public grants, as they face complex compliance requirements and potential recovery actions for minor administrative errors unrelated to fraud""]"
2909,"Voting against this bill might mean you think it places too many burdens on public authorities, making them spend more time on paperwork rather than delivering services. Some might worry it could slow down decision-making or that the rules are unclear or too strict."
2910,"- May create significant financial and administrative burdens on public services already stretched by budget constraints, requiring staff time for compliance and potential compensation payouts
- Could lead to defensive decision-making where public authorities avoid innovation or necessary difficult choices due to fear of legal challenge, ultimately harming service efficiency
- Risks flood of frivolous or vexatious claims that clog courts and divert resources away from genuine cases of institutional wrongdoing
- May not adequately protect public authorities from malicious litigation and creates uncertainty for officials who need to make quick decisions in genuine emergencies or crises"
2912,"[""- Creates regulatory burden: Public authorities will face significant compliance costs, administrative overhead, and potential delays in processing applications while implementing new transparency and audit requirements"",""- May slow decision-making: Mandatory human review rights and impact assessments could delay time-sensitive decisions (such as emergency welfare payments or child safeguarding cases) without clear evidence of improved outcomes"",""- Lacks technical clarity: The bill doesn't provide detailed definitions of which systems are covered or how complex, evolving algorithms should be assessed, potentially creating legal uncertainty and inconsistent application"",""- Risk of competitive disadvantage: Public sector organisations may be required to disclose technical details of algorithms, while private sector contractors retain proprietary protections, creating unequal scrutiny""]"
2913,Critics worry the Act gives too much power to ministers to shut down organizations without proper debate or scrutiny. Some fear important services could be cut or that removing independent bodies might reduce accountability and public representation in decision-making.
2916,"A vote against this bill means you have concerns about how it would work in practice. People might worry it could slow down decision-making, create too many bureaucratic positions, or that it isn't the right way to give devolved nations a voice in UK-wide matters."
2917,"Voting against this bill might mean you believe decisions should be based on merit rather than guaranteeing spots for certain regions, or that it could slow down decision-making by requiring more people involved. Some might worry it gives devolved nations too much influence or creates unfair advantages."
2919,"[""- Increases administrative burden and costs for public bodies, requiring systems changes, staff training, and ongoing data collection and reporting for additional categories"",""- May complicate existing ethnicity monitoring frameworks and create inconsistencies if different organisations implement the changes differently, potentially making comparative analysis harder"",""- Raises questions about where to draw the line, if Jewish and Sikh are added, other groups may demand similar recognition, gradually fragmenting ethnicity data into many small categories that become difficult to analyse"",""- Could be seen as prioritising certain religious/ethnic groups over others, risking perceptions of unfairness if inclusion decisions appear politically motivated rather than based on consistent demographic principles""]"
2930,"[""- May expand state powers to restrict individual freedoms (quarantine, isolation, testing) without sufficient parliamentary oversight or sunset clauses limiting duration"",""- Could be used disproportionately against certain communities or groups if safeguards and accountability measures are insufficient"",""- Risks normalizing emergency powers without clear criteria for when they can be activated, potentially enabling misuse beyond genuine public health necessity"",""- May lack adequate compensation mechanisms or appeal processes for individuals affected by restrictions, raising concerns about fair treatment and legal recourse""]"
2937,"- May create excessive bureaucratic burden and slow decision-making as officials spend time on compliance, reporting, and disclosure requirements rather than delivering services
- Could expose officials to politically-motivated investigations or prosecutions by partisan bodies, chilling legitimate policy-making and making recruitment of talented people to public service harder
- Retrospective application might unfairly penalize officials whose actions were legal when taken but later deemed unacceptable under new standards
- May infringe on parliamentary sovereignty by giving unelected oversight bodies veto or investigative powers over elected representatives' decisions, shifting accountability away from voters"
2941,"[""- Risks increasing costs for public services and projects by limiting competition and removing pressure on suppliers to offer competitive pricing"",""- May violate international trade agreements (including post-Brexit trade deals) that require non-discriminatory treatment of suppliers from signatory countries"",""- Could provoke retaliatory measures from other nations that restrict British goods and services from their public procurement, harming UK exporters"",""- May reduce innovation and quality by narrowing the pool of available suppliers and removing incentives to compete on product excellence and efficiency""]"
2944,"Voting against this bill means you have concerns about giving employees more power in decision-making. Critics might worry this could slow down decisions, reduce management flexibility, or create conflicts between workers' interests and what's best for delivering public services efficiently."
2950,"- May discourage experienced professionals from working in the public sector if they cannot negotiate adequate redundancy protection, potentially harming recruitment and retention in critical roles like medicine, engineering, and senior management
- Creates unfairness between public and private sector workers, as many private sector roles offer higher severance protections, making public sector jobs less competitive
- Could lead to legal challenges and increased costs if organisations must defend their decisions in employment tribunals when exit payments are capped below contractual entitlements
- May harm public services by forcing organisations to cut experienced staff abruptly rather than negotiate dignified, well-resourced exits that allow for proper knowledge transfer and continuity planning"
2957,"[""- May impose excessive bureaucratic burdens on public sector workers through extensive reporting requirements and compliance procedures that divert resources from actual service delivery"",""- Could discourage talented individuals from entering public service if compliance rules are too onerous, detailed financial scrutiny is invasive, or penalties for technical violations are disproportionate"",""- Risks creating a chilling effect on legitimate policy-making if officials become overly cautious or defensive due to overly strict interpretation of independence and integrity rules"",""- May grant excessive power to new oversight bodies without sufficient accountability mechanisms, creating unelected enforcers who could themselves become targets for abuse or political manipulation""]"
2962,"Critics worry the Act might reduce pension benefits that public workers have earned, or increase how much they have to pay into their pensions. Some argue it unfairly affects lower-paid workers like nurses and care staff who depend on decent pensions."
2969,"Critics worry that this Act could make things more complicated and expensive for small businesses trying to win government contracts, as they may lack resources to prove their 'social value'. Some argue it could slow down decision-making or that companies might fake their community commitments just to win contracts."
2970,"[""- Creates perverse incentives: Organisations may manipulate data or focus narrowly on hitting targets rather than improving overall service quality, potentially harming services not covered by specific metrics"",""- Reduces flexibility for local needs: Standardised national targets may not reflect the different circumstances in deprived areas versus affluent regions, leading to unfair pressure on services with fewer resources"",""- Increases bureaucratic burden: Time spent reporting and justifying performance against targets diverts public sector staff from actually delivering services, particularly affecting already-stretched organisations"",""- Oversimplifies complex problems: Public services involve complex human outcomes that can't always be captured in simple metrics; focusing on targets risks ignoring important aspects of quality that are harder to measure""]"
2978,"- Removes emergency crisis tool: QE has been essential during severe recessions and financial emergencies (2008 crisis, COVID-19 pandemic); eliminating it could leave the economy vulnerable and worsen downturns. - Constrains monetary policy flexibility: Central banks need multiple tools to stabilize the economy; removing QE limits the Bank of England's ability to respond to deflation, liquidity crises, or severe unemployment. - Risk of deeper recessions: Without QE, credit may freeze during crises, leading to sharper economic contractions, business failures, and job losses that could have been mitigated. - May shift burden to fiscal policy: Preventing QE forces governments to rely entirely on taxation and borrowing to respond to crises, which are slower and politically harder to implement than monetary policy tools."
2984,"A vote to oppose this bill means you have concerns about the proposal. People might worry that forcing rail companies to pay more compensation could increase ticket prices, or that the compensation rules aren't practical or well-designed."
2985,"[""- Increased compensation and compliance costs may be passed to passengers through higher ticket prices, particularly affecting frequent commuters and low-income travellers who depend on rail services"",""- Operators argue that stringent punctuality targets and service standards are difficult to meet due to aging infrastructure and external factors (weather, maintenance), potentially making franchises unviable and deterring private investment"",""- The bill's enforcement mechanisms and administrative requirements create significant bureaucratic burden and costs for train companies, which may be better spent on direct infrastructure improvements"",""- One-size-fits-all national standards may not reflect regional differences in demand, infrastructure quality, and operational challenges, potentially penalising operators serving rural or economically disadvantaged areas disproportionately""]"
2991,"Voting against this bill means you think the government shouldn't rely on private companies to run railways, or that the current franchise system doesn't work well. Opponents worry about poor service, high ticket prices, profit-taking by companies, or believe railways should be publicly owned instead."
2995,"[""- The bill requires significant NHS budget reallocation; funding specialist rare cancer centres may reduce resources for common cancers that affect far more patients, potentially impacting treatment times for breast, lung, or bowel cancer patients"",""- Creating multiple specialist centres risks fragmenting care and creating travel burdens for patients in rural areas, who may need to travel hundreds of miles for treatment at designated hubs"",""- Mandatory diagnostic targets (12 weeks) could pressure trusts to provide preliminary diagnoses without confirmed pathology, leading to patient anxiety and potential misdiagnosis"",""- The patient registry raises privacy concerns; centralised collection of genetic and medical data on rare cancer patients creates a vulnerable dataset that could be misused if security is compromised""]"
3000,"- Small businesses and employers with limited HR resources may struggle to meet strict response deadlines while also managing operational demands, potentially creating administrative burdens that distract from actually implementing adjustments. - Defining what constitutes a 'reasonable' timeframe for responses could be ambiguous, leading to disputes and increased employment tribunal cases, which would raise costs for both employers and the court system. - Employers may face legal liability for technical delays in responding (missed emails, administrative oversights) even when they are genuinely willing to provide adjustments, creating perverse incentives to over-document rather than focus on solutions. - The bill could incentivize employers to reject adjustment requests outright rather than explore options, if they fear the administrative burden of responding is greater than refusing and defending the refusal in court."
3001,"Voting to oppose means you think the current system is better and that MPs should only be removed at regular elections every five years. Concerns include that recall could be misused by political rivals, damage an MP's ability to do their job, or cause expensive by-elections over minor issues."
3024,"- Increases asylum-related costs to the UK public by expanding the numbers of family members eligible to enter and claim benefits, adding pressure to already stretched housing, healthcare, and social services
- May create perverse incentives that encourage additional asylum claims by people seeking to bring extended family members, potentially increasing overall migration numbers beyond planned figures
- Raises security and vetting concerns by requiring thorough checks on a larger cohort of applicants, particularly adult relatives whose backgrounds may be harder to verify in countries with limited record-keeping
- Could be seen as inconsistent with migration control objectives, as it expands refugee family reunion at a time when the government is tightening overall immigration policy"
3030,"[""- Creates administrative complexity: Adding posthumous registrations could complicate birth records and create new bureaucratic processes for verifying parentage of deceased individuals."",""- Raises evidentiary concerns: Determining whether a deceased person would have consented to parenthood, or establishing biological connection, becomes difficult without the living parent's ability to confirm details."",""- May incentivise disputes: Posthumous registration could lead to increased legal challenges from families disputing whether the deceased would have wished to be named as a parent."",""- Potential for misuse: Without safeguards, the system could theoretically be exploited to falsely claim inheritance rights or financial benefits in the name of deceased persons.""]"
3033,"- Imposes additional costs on local authorities to recruit, train, and maintain Welsh-speaking staff and create parallel Welsh-language systems, potentially straining budgets in councils already facing financial pressure. - May create operational delays or inefficiencies if Welsh-speaking registrars are unavailable in all locations, potentially affecting the speed of registration services for all users. - Questions whether a mandatory Welsh-only option is necessary, given that bilingual services already exist; critics argue resources could be better spent on other Welsh-language priorities. - Risks creating a two-tier service if some registrations are faster in English than Welsh, or if Welsh-language capacity is limited, potentially disadvantaging Welsh speakers in practice."
3035,"[""- Raises privacy concerns by making religious belief a permanent part of official government records; some citizens may object to their faith being recorded on state documents or shared for research purposes"",""- Creates practical difficulties in implementation, as many people may not have clearly stated their religious beliefs, leading to inconsistent recording based on family assumptions or incomplete information"",""- Risks unintended discrimination by creating religious data that could be misused if accessed by third parties, insurance companies, or employers, or that could be politically sensitive during periods of religious tension"",""- Imposes administrative burden on registrars and bereaved families during an already difficult time, requiring additional questioning and paperwork without clear evidence it will significantly improve public services""]"
3042,"- Creates uncertainty about scope: defining which 'activities' trigger mandatory reporting and determining who qualifies as covered professionals may lead to inconsistent application and unintended legal liability
- Risks overwhelming police and child protection services with reports of varying quality and certainty, potentially diverting resources from established child protection teams already embedded in schools and services
- May discourage disclosure by children and witnesses if they fear mandatory reporting will override confidentiality, particularly in therapeutic or mentoring relationships built on trust
- Places criminal liability on individual workers rather than organisations, potentially criminalising professionals who act in good faith but report suspected (not confirmed) abuse, creating a chilling effect on hiring and retention in child-facing roles"
3044,"- Imposes additional compliance costs and administrative burdens on bailiff firms, particularly smaller operations, which may be passed on to creditors through higher enforcement fees or reduce competition in the sector
- May create delays in legitimate debt recovery and eviction processes if assessment procedures and reporting requirements slow down bailiff operations or create bureaucratic obstacles
- Risks establishing overly prescriptive regulations that micromanage professional judgment, potentially making it harder for bailiffs to respond flexibly to complex situations or genuine enforcement challenges
- Could face practical enforcement difficulties if the bill lacks clarity on assessment standards, reporting specifications, or penalties for non-compliance, leading to inconsistent implementation across different regions"
3045,"[""- Registration or licensing schemes create administrative burden and cost for cyclists, potentially discouraging cycling and harming public health and environmental goals"",""- Disproportionately targets cyclists while cars and other vehicles cause the majority of serious road injuries, representing an unbalanced approach to road safety"",""- May include enforcement penalties that penalise ordinary people for minor technical breaches, rather than focusing on genuinely dangerous behaviour"",""- Could reduce cycling participation among lower-income groups who cannot afford licensing fees or may be deterred by bureaucratic requirements, widening inequality""]"
3057,"[""- May weaken consumer protection and financial stability safeguards if regulators prioritise growth over safety, potentially recreating conditions that led to past financial crises"",""- Could compromise environmental and climate regulations designed to address long-term risks, as short-term growth objectives might conflict with net-zero commitments"",""- Risks regulatory capture, where large corporations influence regulators to remove rules that protect smaller competitors or vulnerable consumers"",""- Places competing demands on regulators without clearly resolving conflicts, potentially creating legal uncertainty about which objective takes priority in specific decisions""]"
3060,"Voting against means you think the current system works well enough, or that requiring more assessments will slow down important rule-making. Critics worry it could delay necessary regulations on things like safety or environment protection."
3063,"[""- Creates bureaucratic delays in urgent situations: requiring extensive impact assessments before all regulations slows government response to public health emergencies, environmental crises, or safety threats where speed is critical"",""- May paralyze necessary regulation: if the assessment bar is set too high or the process too onerous, departments may abandon important protections (worker rights, environmental safeguards, consumer safety) because the administrative burden is excessive"",""- Gives business lobbies more leverage to block rules: detailed assessment requirements can be weaponized by well-resourced industries to challenge regulations through technicalities, even when the public interest clearly justifies the rule"",""- Doesn't guarantee good decisions: assessment requirements only ensure analysis exists, they don't prevent ministers ignoring inconvenient evidence or being swayed by political pressure, so the bill may create bureaucracy without meaningful protection""]"
3068,"[""- Imposes additional regulatory costs and administrative burdens on businesses and charities that run seasonal reindeer attractions, potentially making them economically unviable"",""- Creates bureaucratic barriers to entry that may prevent smaller, ethically-run operators from participating in Christmas markets and festive events"",""- May be seen as unnecessary government intervention if existing animal welfare laws (such as the Animal Welfare Act 2006) already cover reindeer adequately"",""- Could reduce the availability of reindeer experiences for the public if licensing requirements are too stringent or if operators choose to cease exhibitions rather than comply""]"
3077,"[""- May be seen as undermining the hereditary principle and property rights associated with some peerages, which have been held by families for centuries and passed down as part of family inheritance"",""- Creates potential for political abuse, where a majority in Parliament could remove peers from opposition parties or those who hold unpopular views, threatening the independence of the Upper House as a check on executive power"",""- The grounds for removal could be vague or subject to interpretation, giving significant discretionary power to whoever administers the removal process and potentially opening decisions to legal challenge"",""- May discourage people from accepting peerages if their position becomes precarious, reducing the quality of candidates willing to serve and making it harder to recruit experts and experienced figures to the House of Lords""]"
3078,"Voting against this bill means you want to keep the current system for titles as it is. People might be concerned that removing titles could be unfair, that it removes a long-standing honour, or that it could be used as punishment rather than for legitimate reasons."
3079,"[""- Represents a significant expansion of executive power to strip individuals of honours without clear, objective criteria, potentially allowing political motivations to influence decisions"",""- May violate principles of natural justice and due process if individuals do not have adequate opportunity to challenge removal or if procedures lack judicial oversight"",""- Could set a concerning precedent internationally, where authoritarian regimes might use similar legislation to punish political opponents or suppress dissent under the guise of conduct standards"",""- Raises questions about retrospective application: whether people could lose titles for conduct that was acceptable when the title was granted, changing the terms retroactively""]"
3087,"[""- Reduces landlord investment: Stricter regulations and lower profit margins may discourage private landlords from maintaining properties or investing in new rental stock, potentially reducing housing availability and quality."",""- Increases housing costs: Landlords may pass on compliance costs and reduced returns through higher rents for new tenancies, offsetting tenant protections and making rental housing less affordable overall."",""- Complicates evictions of problem tenants: Longer notice periods and tighter eviction rules make it harder for landlords to remove tenants who damage property, cause antisocial behaviour, or refuse to pay rent."",""- Creates market distortion: Heavy regulation of private rentals may push landlords to sell property or exit the market entirely, reducing rental supply and potentially increasing homelessness if the social housing sector cannot absorb displaced renters.""]"
3093,"Voting against this bill means you think each MP should work full-time in their role. People might worry that job-sharing could reduce the amount of time MPs spend on their duties, or that it could be confusing for voters and staff."
3096,"Voting against this bill means you believe the current voting age is appropriate or that lowering it would cause problems. Concerns might include whether 16-year-olds have enough life experience to vote, questions about consistency with other age-restricted activities, or worries about voter turnout and engagement."
3098,"[""- At 16, most people lack sufficient life experience and knowledge of complex policy areas to make informed electoral decisions, compared to older voters"",""- Lowering the voting age could create inconsistency with other age restrictions (driving at 17, legal contracts at 18), potentially creating confusion about when young people gain full rights"",""- Schools might face pressure to teach partisan politics rather than balanced civic education if 16-year-olds become voters during their final school years"",""- Voter registration and turnout logistics could become more difficult, requiring schools and councils to process registrations for millions of additional young people""]"
3102,"[""- Recognition could destabilize the Horn of Africa by undermining the African Union's principle that colonial borders are inviolable, potentially triggering separatist movements across the continent"",""- Somalia, a UN member state, considers Somaliland an occupied territory and would view UK recognition as interference in its territorial integrity; this could damage UK-Somalia relations and regional diplomatic standing"",""- Recognition lacks international consensus; no major power recognizes Somaliland, and unilateral UK action could isolate Britain diplomatically without meaningful geopolitical gain"",""- The move could complicate UK foreign policy objectives in East Africa and the broader Middle East, potentially affecting partnerships with countries that oppose Somaliland's recognition""]"
3104,"[""- Places increased financial pressure on already stretched local authority budgets, as councils would be responsible for maintaining additional miles of road without necessarily receiving equivalent funding"",""- May discourage new residential development if developers cannot avoid the costs of building roads to adoptable standards, potentially reducing housing supply"",""- Could create unfair outcomes where some councils adopt roads quickly while others cannot due to budget constraints, leaving residents in similar circumstances with different levels of service"",""- Removes incentive for private road owners to maintain properties properly, as they would know councils might eventually adopt them, potentially leading to further deterioration before adoption occurs""]"
3112,"[""- Could restrict public access to the burgage pastures if rights are narrowly defined to specific groups, reducing recreational use for broader Richmond community"",""- May impose administrative costs or new fees on current users of the land, making traditional activities more expensive for residents"",""- Risks favouring particular stakeholder groups (e.g., property owners, specific commoners) over others with historical or contemporary claims to the land"",""- Could be seen as unnecessary change to long-standing arrangements, potentially creating legal complexity and disputes rather than resolving existing issues""]"
3114,"A vote against this bill means you have concerns about legalising this choice. People might worry about protecting vulnerable people from pressure, the role of doctors in end-of-life care, or religious and moral beliefs about the value of life."
3119,"[""- Creates serious risks that vulnerable people, including the elderly, disabled, or economically disadvantaged, may feel pressured to end their lives to avoid being a burden on families or the NHS"",""- Fundamentally changes the doctor-patient relationship and the principle that doctors should never intentionally end a patient's life, potentially undermining trust in the medical profession"",""- Safeguards may be insufficient to prevent abuse; evidence from other countries shows some people choose assisted dying partly due to inadequate palliative care, depression, or social isolation rather than unbearable physical symptoms"",""- Could normalise assisted dying and expand over time to include non-terminal conditions, people with mental illness, or others beyond the original intention, as has occurred in some jurisdictions""]"
3120,"- Increases regulatory burden and costs for freeholders and managing agents, who must comply with stricter transparency requirements, potentially raising expenses that may be passed back to leaseholders through higher management fees
- May discourage investment in residential buildings by freeholders if their income streams (ground rent, service charge collection) are capped or restricted, potentially leading to reduced maintenance and building improvements
- The Right to Manage provisions could create instability if inexperienced leaseholder committees take over building management without sufficient professional expertise, risking poor maintenance decisions or disputes among residents
- May reduce the incentive for third-party managing agents to provide high-quality service if their fees are constrained or their authority is diminished, potentially degrading service standards across the leasehold sector"
3126,"[""- Significant costs to water companies: Implementing required sewage treatment upgrades and monitoring systems will require substantial capital investment, likely resulting in higher bills for UK households already facing cost-of-living pressures"",""- Burdens agricultural sector: Farmers may face expensive requirements to reduce fertiliser use and implement new practices, potentially reducing productivity and competitiveness, particularly for smaller farms with limited resources"",""- Enforcement complexity: The bill may be difficult to enforce fairly across the England-Wales border, requiring coordination between different regulatory bodies and potentially creating inconsistent standards"",""- Unclear timelines and costs: Critics argue the bill lacks detailed implementation plans and realistic cost estimates, risking underfunded commitments that fail to deliver promised improvements""]"
3128,"- Imposes significant compliance costs on water companies, farmers, and manufacturers who would need to upgrade infrastructure or change practices to meet new protection standards, potentially raising consumer bills
- Restricts business activities and economic development by limiting water extraction for industry, agriculture, and energy production in regions dependent on these resources
- Creates legal uncertainty by allowing multiple parties to sue over water protection, leading to costly disputes and potentially preventing legitimate development projects
- Places complex enforcement responsibilities on already-stretched local authorities without adequate funding, and may prove difficult to implement consistently across different regions with varying water conditions"
3134,"- Imposes additional administrative and financial burdens on schools already facing budget constraints, requiring staff time to coordinate with councils and implement new programmes without guaranteed funding. - May create congestion and increase journey times for commuters and delivery services through widespread 20 mph school zones, with unclear evidence that such limits significantly improve safety compared to targeted enforcement. - Places responsibility on local authorities to conduct safety assessments and implement infrastructure changes (like new crossings) without guarantee of adequate central government funding, potentially widening disparities between well-funded and under-resourced areas. - Could be seen as duplicating existing road safety responsibilities already handled by police, highways authorities, and existing school travel programmes, creating bureaucratic overlap rather than tangible improvements."
3135,"[""- Creates visual clutter on roadsides with commercial signage, degrading the natural landscape and rural character that many people travel to experience"",""- Shifts costs and liability to local councils for maintaining additional signs, diverting limited public budgets from essential road maintenance and safety improvements"",""- May unfairly advantage businesses that can afford signage over those using digital marketing, potentially discriminating against small operators or those in less accessible locations"",""- Risks inconsistent application across local authorities, creating a patchwork of signage standards that could confuse drivers and reduce the stated safety benefits""]"
3138,"- Imposes significant costs on horse owners and riders through mandatory equipment purchases, training requirements, and compliance certification, which may be disproportionately burdensome for lower-income equestrians and rural communities
- Restricts access to bridleways and country roads by potentially limiting where untrained horses or inexperienced riders can travel, reducing traditional freedoms and recreational opportunities for equestrians
- Creates enforcement challenges and bureaucratic burden by requiring inspection, licensing, or certification systems that may be difficult to implement fairly and could lead to inconsistent application across different police forces
- Unfairly targets horse riders when accident rates may be comparatively low, and addresses a problem that could be solved through driver education and speed restrictions rather than restricting equestrian access"
3142,"[""- May disproportionately affect lower-income drivers who cannot afford vehicle impoundment fees or cannot easily replace a confiscated car, creating financial hardship"",""- Could place additional burden on already-stretched courts and enforcement agencies without clear evidence that stronger penalties reduce unlicensed driving more than current measures"",""- Risks pushing vulnerable drivers (those who have lost licences due to points or medical grounds) into informal, uninsured driving rather than addressing underlying causes like access to public transport"",""- Vehicle seizure powers represent significant state intervention in property rights and may be considered disproportionate if the driver's only offence was licence-related rather than dangerous driving""]"
3145,Voting against this bill means you think the current drink-drive laws are working well and shouldn't be changed. Opponents might worry that changing the limits could either be too strict (unfairly punishing drivers) or too loose (making roads less safe).
3147,"Voting against this bill means you think cyclists shouldn't be treated exactly like car drivers under traffic law. People might worry that cyclists are more vulnerable than drivers, that enforcing car-style rules could discourage cycling, or that the focus should be on road safety education rather than punishment."
3151,"Voting against this bill means you think cyclists shouldn't face the same legal consequences as drivers, perhaps because cycling is lower-risk or because enforcement would be difficult. Critics might worry it unfairly targets cyclists or that police resources would be better used elsewhere."
3152,"[""- May discourage cycling as a form of transport and exercise by creating fear of penalties, potentially increasing car use and contradicting public health and environmental goals"",""- Cycling offences are typically less serious than motor vehicle offences but this bill may impose disproportionate penalties, particularly affecting lower-income cyclists who cannot easily afford fines"",""- Requires expensive enforcement infrastructure (registration systems, police training, registration databases) which may represent poor value compared to preventative measures like cycle lanes or driver education"",""- Cyclists are already vulnerable road users; criminalisation may stigmatise cycling rather than address the root causes of accidents, such as poor road design, inadequate cycle infrastructure, or driver behaviour""]"
3159,"- Increases costs for utility companies and contractors, who must meet stricter licensing, coordination, and compliance requirements, potentially raising service charges passed on to consumers
- Creates bureaucratic delays by requiring extensive pre-approval processes and inter-agency coordination before roadworks can begin, possibly slowing down essential repairs to water, gas, and electricity infrastructure
- May disproportionately burden smaller contractors and local firms who lack resources to meet new regulatory standards, giving advantages to larger corporations
- Imposes penalties that could discourage companies from undertaking necessary but economically marginal repairs in less profitable areas, potentially worsening infrastructure in disadvantaged regions"
3161,"[""- May not address homelessness without adequate housing provision: Removing criminal penalties doesn't automatically provide beds or homes. Without sufficient funded alternatives (hostels, supported housing), decriminalisation alone could leave rough sleepers without practical support or shelter."",""- Could affect public space usage and anti-social behaviour management: Decriminalisation might make it harder for local authorities and police to manage aggressive begging, street obstruction, or noise complaints. Some argue this shifts the problem to residents and businesses in affected areas."",""- Requires massive investment in parallel services: Effective decriminalisation depends on substantial funding for housing, mental health services, and addiction treatment. Without this investment, the bill may simply remove enforcement tools without solving underlying issues."",""- Potential confusion about which behaviours remain illegal: While sleeping rough would be decriminalised, associated offences (theft, violence, blocking access) would remain criminal. Critics worry this creates ambiguity about enforcement and may not address predatory behaviour that can occur in rough sleeping communities.""]"
3165,"[""- Creates additional administrative burden and cost by requiring a formal report when the Commissioner's remit could be clarified through existing parliamentary or departmental processes"",""- May slow operational decision-making if the report's findings trigger bureaucratic delays or create uncertainty about the Commissioner's authority during the review period"",""- Risks politicising a military support function that operates most effectively when insulated from frequent parliamentary interference and administrative review cycles"",""- Could be viewed as unnecessary scrutiny of a functional organisation, diverting resources from practical improvements to actual RFA operations and readiness""]"
3168,"Voting against this bill means you have concerns about how it works or what it might achieve. Critics might worry it could be used to sue public authorities too easily, slow down decision-making, increase court cases, or that the rules are unclear about what counts as breaking the rule of law."
3169,"Voting against this bill means you have concerns about how it works or what it might do. People might worry it could slow down decision-making, create too many legal challenges, or that the rules are unclear or unnecessary."
3171,"[""- May create excessive litigation against public authorities and government bodies, potentially overwhelming courts and diverting resources from other legal cases, while increasing administrative costs for public services"",""- Could restrict legitimate government flexibility in policy-making and emergency response by creating rigid legal requirements that don't account for changing circumstances or urgent public needs"",""- Lacks clear definition of which bodies are covered and what enforcement powers are available, potentially creating ambiguity that leads to inconsistent application and legal disputes about the bill's scope"",""- Might shift power toward unelected judges and enforcement bodies rather than accountable elected officials, raising questions about democratic legitimacy when courts override policy decisions made by elected representatives""]"
3174,"- Creates an additional strategic planning requirement that may divert resources from actual frontline policing activity to bureaucratic strategy development, review cycles, and reporting obligations. - Does not guarantee additional funding for rural police services; the bill mandates a strategy but not the money to implement it effectively in under-resourced rural areas. - May be insufficiently flexible to address the highly varied nature of rural crime across different regions, as a single national strategy cannot account for local geographical and economic differences. - Risks creating a compliance exercise where agencies produce required reports without meaningfully changing how they allocate resources or respond to rural crime in practice."
3176,"- Risks undermining international law and reciprocal protections, as it sets a precedent that any country's assets can be seized during conflict, potentially exposing UK and allied assets to similar treatment in future disputes
- May complicate future peace negotiations by removing Russia's financial incentive to reach a settlement, as they have nothing to recover
- Creates legal vulnerability to Russian counter-claims and international arbitration, potentially resulting in costly litigation that drains resources rather than supporting Ukraine
- Could violate existing international agreements on sovereign immunity and property rights, exposing the UK to legal challenges from Russia and other nations concerned about asset security"
3179,"Voting against this bill means believing that all-seater stadiums are safer and better for crowd control. Opponents worry that allowing standing areas could increase risks of crushing, disorder, or injuries during matches, particularly in crowded or heated situations."
3192,"Critics worry that selling student loans to private companies could lead to higher interest rates for students, stricter collection practices, or less flexibility if borrowers face financial hardship. They also argue the government loses long-term control over how former students are treated."
3195,"[""- Restricts the free market for ticket resales, potentially reducing flexibility for legitimate sellers who need to recoup costs if they cannot attend"",""- May reduce liquidity in secondary markets, making it harder for people with spare tickets to find buyers at any price"",""- Creates administrative burden and compliance costs for ticket platforms and organisers, potentially raising prices or reducing the number of events hosted"",""- Difficult to enforce fairly across different types of events and regions, and may be circumvented by underground reselling networks operating outside regulated channels""]"
3198,"Voting to oppose this bill means you believe the Church of England should not be required or permitted to perform same-sex marriages. People might oppose it due to religious beliefs, concerns about religious freedom, or views on traditional marriage."
3199,"Voting to oppose this bill means you don't think a referendum is needed on same-sex marriage. Concerns might include: the cost and time of a referendum, worry that a public vote could be divisive, or the belief that Parliament should make this decision without asking the public."
3203,Critics worry about the cost to taxpayers and whether the scheme actually helps people save long-term or if they just spend the bonus money. Some argue the government should focus on addressing poverty itself rather than offering bonuses to savers.
3210,"Voting against this bill might mean you're concerned about whether overseas-adopted children need different treatment than other children, or worried about whether schools have enough resources to support all vulnerable children fairly. Some might argue the current system already helps these children adequately."
3224,"Voting against this bill means you think schools shouldn't be forced to have uniforms or that the government shouldn't control uniform rules. People who oppose it worry about the cost to families, limiting students' freedom of expression, and that one-size-fits-all rules don't work for all schools."
3228,"- Schools will face significant costs for staff training programmes, allergy register systems, and medication storage infrastructure, which may strain already squeezed budgets and divert resources from other educational priorities
- New legal requirements create additional bureaucratic burdens and potential liability issues for schools, who could face prosecution if procedures aren't followed perfectly despite good intentions
- The bill may be overly prescriptive about how schools manage allergies rather than allowing flexibility tailored to individual school communities' needs and circumstances
- Parents and families may become over-reliant on schools for allergy management rather than taking personal responsibility for communicating risks, carrying medications, and educating their children about their own condition"
3234,"- Significant cost implications: Schools already face budget pressures; requiring them to employ or contract mental health professionals would be expensive and could divert limited funding from other educational priorities. - Recruitment challenges: The UK already has a shortage of trained mental health professionals; drawing them into schools could worsen NHS waiting times and weaken existing services. - Blurs professional boundaries: Mental health professionals working in schools may lack appropriate clinical support structures and supervision, potentially compromising quality of care compared to NHS provision. - Unfunded mandate: If no additional government funding is provided, schools may be legally required to meet this duty without resources, forcing them to cut other services or jobs."
3245,"Voting against this bill might mean you believe Scottish banknotes shouldn't have special legal status UK-wide, or you're concerned about practical issues like counterfeiting or currency confusion. Some may argue this is a matter for Scottish banks and the Bank of England to sort out, not Parliament."
3247,"Voting against this bill means you think law officers should remain under UK-wide control or that Scotland already has enough devolved powers. Opponents might worry that this change could create legal inconsistencies between Scotland and the rest of the UK, or that it's part of a wider push for Scottish independence."
3257,"Voting against this bill means you have concerns about giving schools too much independence without enough oversight. Critics might worry about whether all schools can manage themselves fairly, or whether this could widen differences between well-funded and struggling schools."
3258,"[""- Reduces institutional autonomy by imposing centralised regulatory requirements that may limit 16-19 academies' ability to innovate or respond flexibly to local community needs"",""- Creates additional bureaucratic compliance costs through enhanced reporting and governance obligations, diverting resources away from direct teaching and student support services"",""- May disadvantage smaller or specialist 16-19 providers who struggle to meet complex regulatory standards, potentially limiting educational diversity and choice in the sector"",""- Assumes government oversight improves outcomes without evidence that additional regulation delivers better student results, and could be seen as ideologically driven centralisation rather than evidence-based policy""]"
3263,"Critics worry that self-build projects can be slow and complicated for ordinary people to manage, and may not solve the housing shortage as quickly as traditional building companies. Some also concern that it could create inconsistent neighbourhoods if too many individually-designed homes are built next to each other."
3264,"Voting to oppose this bill means you think the exemption is a bad idea. Opponents might worry that removing these risk assessments could put self-employed people or their clients at risk, or that it removes important safety protections."
3274,"- Risks politicising sentencing by allowing governments to impose harsher sentences for 'tough on crime' political messaging rather than evidence-based justice policy
- Undermines judicial independence, a core principle of the UK legal system, by making judges' sentencing decisions subject to political pressure rather than impartial professional judgment
- May lead to inconsistent or knee-jerk sentencing changes based on election cycles or headlines rather than careful, long-term criminal justice strategy
- Reduces the Sentencing Council's ability to maintain guidelines based on crime data, rehabilitation research, and court experience, potentially making the justice system less effective at reducing reoffending"
3276,"[""- May reduce judicial discretion to account for unique circumstances in individual cases, as rigid guidelines could prevent judges from imposing sentences they deem appropriate for genuinely exceptional situations"",""- Could increase prison populations if guidelines shift towards custodial sentences, raising costs for the prison service and potentially worsening overcrowding in already-stretched facilities"",""- Places additional administrative burdens on probation services if the bill requires more detailed or frequent PSRs, diverting limited resources from rehabilitation work and assessment of high-risk offenders"",""- May inadvertently disadvantage vulnerable defendants if guidelines don't adequately account for learning disabilities, mental health issues, or other complex circumstances that deserve individualised consideration""]"
3284,"Voting to oppose this bill means you have concerns about how the education would be delivered or what would be taught. People might worry about age-appropriate content, parental involvement, or whether schools should have different approaches to teaching these topics."
3308,"[""- Creates unnecessary bureaucratic barriers for small landlords and homeowners who occasionally rent out spare rooms or properties, adding administrative costs and complexity"",""- Reduces flexibility for property owners to generate income during periods when they don't occupy their home, or to cover mortgage costs during economic hardship"",""- May harm the tourism and hospitality industry by restricting the supply of visitor accommodation, potentially reducing visitor numbers and local business revenue"",""- Unfairly penalises responsible landlords through additional regulation and registration fees while doing little to address genuinely problematic properties or persistent bad actors""]"
3309,"- Creates significant compliance burdens and administrative costs for property owners and platform operators, particularly small landlords who may struggle with new reporting requirements
- Risks deterring legitimate short-term letting businesses and investment in the accommodation sector, potentially reducing tourism revenue and employment opportunities
- Raises privacy concerns about collecting and storing personal data on homeowners and guests without clear safeguards on how councils will use or protect this information
- May be ineffective if councils lack resources to act on the data, or if the regulations are unevenly enforced across different local authorities"
3310,"[""- Restricts property owners' ability to use their own assets flexibly and earn income from short-term letting, reducing a source of revenue for homeowners, landlords, and property investors"",""- Creates bureaucratic delays and costs for landlords applying for planning permission, making short-term letting less viable and potentially deterring legitimate providers of tourist accommodation"",""- May not effectively address housing shortages, as many short-term lets serve the tourism and visitor economy rather than being alternatives to long-term rentals, so restricting them won't necessarily increase permanent housing stock"",""- Could harm the visitor economy and small hospitality businesses in areas where short-term lets are an important part of the tourism infrastructure, particularly in rural areas and coastal towns""]"
3311,"[""- Increases business compliance costs: Smaller firms, particularly in construction and stoneworking, may face significant expenses implementing new dust control equipment and monitoring systems"",""- May reduce competitiveness: Stricter UK regulations could put domestic manufacturers at a disadvantage compared to competitors in countries with less stringent silica controls"",""- Implementation challenges for existing operations: Retrofitting dust suppression systems in established worksites is technically complex and could cause operational disruption"",""- Potential job losses in affected sectors: Some businesses may reduce workforce or relocate operations if compliance costs are prohibitively high, particularly in already-tight margins industries""]"
3343,"[""- Undermines encryption protections for all users by requiring backdoors that could be exploited by criminals, foreign governments, or bad actors, making everyone's private messages less secure"",""- Sets a dangerous precedent that authoritarian governments could use to justify similar laws for political surveillance, oppression of dissidents, or suppression of freedom of speech globally"",""- Places impossible technical burdens on platforms and could drive innovation in encryption technology overseas to countries with fewer privacy protections, ultimately harming UK cybersecurity"",""- Lacks adequate safeguards: the bill risks enabling mass surveillance without sufficient judicial oversight, independent review, or limits on which agencies can request access or what they can use the data for""]"
3345,"Voting against this bill means you have concerns about making social media companies liable for everything users post. Opponents worry this could force companies to over-censor content, make it harder for smaller platforms to operate, or be impractical since companies can't monitor millions of posts."
3347,"Critics worry the Act is too expensive and adds to the national debt, question whether payments go to those who really need them, or argue the money could be better spent on long-term solutions like wages and jobs rather than temporary handouts."
3361,"- Taxpayers bear hidden costs: British citizens ultimately fund compensation for accidents or damage caused by private space companies, shifting financial risk from commercial operators onto public finances without explicit debate over the bill's potential cost. - Weak incentives for safety: If companies know the government will cover liability, they may have less financial incentive to invest in safety measures, quality control, and risk management compared to bearing full responsibility themselves. - Potential for abuse: Broad indemnity language could allow companies to claim government protection in cases where negligence or corner-cutting caused harm, requiring expensive legal battles to contest claims and draining public money. - Unequal risk distribution: Large, profitable space corporations receive government protection while other industries (aviation, chemicals, construction) must carry their own insurance liability, raising fairness concerns about why space companies merit special treatment."
3363,"[""- Mandatory training requirements create additional costs and administrative burden for schools already facing budget constraints, potentially diverting resources from direct student support"",""- One-size-fits-all training standards may not adequately address the diverse and complex needs of children with severe or multiple disabilities, who may still require specialist expertise"",""- The bill may be insufficient without accompanying investment in teaching assistants, specialist staff, and physical accessibility modifications that training alone cannot provide"",""- Schools could face pressure to retain struggling SEND students without adequate specialist resources, resulting in worse outcomes than specialist provision would offer for some children""]"
3364,"- May discourage private investment in SEND education by reducing profit incentives, potentially limiting the number of available placements and forcing greater reliance on already-stretched local authority provision. - Introduces complex regulation requiring government oversight of private business finances, creating administrative burden and potential difficulties in defining what constitutes 'profit' versus legitimate operational costs. - Could incentivize private providers to reduce service quality or cherry-pick easier cases to maintain profitability under caps, ultimately harming the students the policy intends to protect. - May push established providers to exit the SEND market entirely, reducing competition and choice while potentially destabilizing services currently serving thousands of children with complex needs."
3367,"[""- Risks selective enforcement, as critics argue religious freedom advocacy may be applied inconsistently depending on geopolitical relationships, potentially prioritising certain allies while overlooking violations by trading partners"",""- Creates an additional government position and ongoing costs at a time of budget constraints, with unclear metrics for measuring the envoy's effectiveness or demonstrating value compared to existing diplomatic channels"",""- May be perceived as interfering in other nations' internal affairs, potentially straining diplomatic relationships with countries that view the role as imposing Western values rather than respecting national sovereignty"",""- Lacks clarity on how the envoy's mandate interacts with existing human rights mechanisms and other government bodies, risking duplication of effort or conflicting messaging rather than streamlining religious freedom advocacy""]"
3384,"Voting against this bill means you have concerns about the proposed changes. Opponents might worry it could lose the government money, unfairly help wealthy people, or create problems for first-time homebuyers and the housing market."
3390,"[""- Grants significant executive power with limited parliamentary oversight; ministers could proscribe states based on foreign policy disagreements rather than genuine security threats, potentially weaponizing the law"",""- May damage legitimate UK business interests, academic exchanges, and cultural ties with countries designated for political reasons, rather than evidence of direct harm"",""- Sets a concerning international precedent: other countries could use identical laws to proscribe UK interests abroad, escalating tit-for-tat designations and mutual hostility"",""- Raises free speech concerns: British individuals and journalists could face criminal liability for reporting on, analyzing, or even discussing proscribed state activities, chilling legitimate discourse""]"
3394,"[""- Creates a new bureaucratic layer that could slow down investigations, adding procedural complexity and delays when families need timely answers about deaths in custody"",""- May impose significant costs on public services (police, prisons, armed forces) through new oversight requirements, potentially diverting resources from frontline services"",""- Could undermine existing accountability mechanisms (courts, inquests, professional standards bodies) without clear evidence that a new national body works better than strengthening existing systems"",""- Risks being perceived as assuming police and state agents are guilty until proven innocent, potentially affecting morale and recruitment in public services and damaging community-police relations based on institutional distrust rather than case-by-case evidence""]"
3400,"[""- The self-employed do not pay National Insurance contributions in the same way as employees, making it administratively complex and arguably unfair to fund their adoption pay through the same system."",""- The government already faces budget constraints; extending SAP to self-employed workers could be expensive and represent a significant new public expenditure commitment."",""- Self-employed individuals have flexibility to arrange their own financial support (savings, business planning, insurance), unlike employees who lack negotiating power with employers."",""- The bill only requires a report rather than direct action, potentially delaying support further and creating expectation without commitment to implementation.""]"
3401,"[""- Slows down government decision-making and regulatory responses by adding procedural steps, potentially preventing swift action during emergencies or when urgent amendments to rules are needed"",""- Creates impractical burdens on Parliament by requiring detailed scrutiny of hundreds of technical instruments yearly, diverting limited parliamentary time from primary legislation and other priorities"",""- Increases uncertainty for businesses and public bodies who need regulations to come into force reliably and predictably, as heightened scrutiny could lead to delays or unexpected amendments"",""- May be unnecessary if existing safeguards (such as negative procedure votes and departmental impact assessments) already provide adequate parliamentary oversight without adding layers of bureaucracy""]"
3403,"- May slow down government responses to genuine emergencies by imposing additional procedural requirements, particularly problematic during crises where rapid regulatory changes are needed (such as pandemic response or national security threats)
- Creates additional administrative burden and costs for departments already stretched by bureaucracy, potentially diverting resources from actual policy implementation
- Could give Parliament excessive power to block necessary technical regulations and routine updates to rules, allowing political obstruction of non-controversial administrative changes
- May create uncertainty for businesses and public bodies if regulations can be more easily challenged or amended through parliamentary processes, making compliance planning more difficult"
3406,"[""- Constitutes state aid that may breach UK trade obligations and invite retaliatory measures from trading partners, potentially harming other UK industries and increasing consumer costs"",""- Diverts significant public money to prop up an uncompetitive industry that may never achieve long-term viability, representing poor value for taxpayers compared to investing in growth sectors"",""- Risks creating inefficient \""zombie\"" companies that survive only through government support rather than genuine market competitiveness, delaying necessary industry restructuring and innovation"",""- May disadvantage UK steel consumers (including manufacturers and construction firms) by artificially inflating domestic steel prices, making their products more expensive internationally and reducing their competitiveness""]"
3407,"Voting to oppose this bill means you believe the current definition of stillbirth works well enough, or you have concerns about how the new definition might affect medical practice, record-keeping, or other areas. People might worry about unintended consequences or whether change is necessary."
3408,"- Significantly increases the number of losses requiring formal registration and reporting, creating substantial administrative burden on NHS staff and local authorities. - May cause distress to parents by formalising losses they may prefer to process privately, particularly in early pregnancy when many choose not to tell others. - Could divert bereavement resources away from later-pregnancy losses and births where parents may have had time to bond and form attachments. - Raises definitional and practical questions about exactly when to lower the threshold, what level of foetal development warrants registration, and whether this aligns with medical and ethical consensus."
3411,"Voting against this bill means you have concerns about extending storage times for gametes. People might worry about ethical issues, the long-term safety of storing cells, or whether stored gametes could be used without proper consent years later."
3413,"[""- May make it harder for genuine victims of defamation or harm to pursue legitimate legal claims if courts wrongly categorise their cases as SLAPPs, potentially leaving them without remedy"",""- Could create uncertainty about what counts as a SLAPP, leading to inconsistent court decisions and potentially allowing some abusive litigation to slip through the net"",""- Might place excessive burdens on claimants early in proceedings to prove their case is genuine, disadvantaging those with weaker initial evidence but stronger cases once fully investigated"",""- Could be exploited by defendants to dismiss legitimate cases by simply claiming they involve matters of 'public interest,' shifting the balance away from protecting people's actual reputational rights""]"
3416,"[""- May increase costs for utility companies, which could be passed on to consumers through higher bills for water, gas, electricity, or broadband services, particularly affecting low-income households"",""- Could discourage essential infrastructure maintenance and upgrades (such as water pipe replacement or broadband rollout) if companies view penalty costs as prohibitively expensive, potentially delaying vital services to communities"",""- May disproportionately burden smaller utility firms or contractors who have fewer resources to absorb penalties, potentially reducing competition and consolidating the market among large corporations"",""- Could create disputes and litigation if penalty amounts are challenged as excessive or if companies dispute whether violations occurred, leading to administrative costs and delays in resolving street works disputes""]"
3417,"Voting against this bill means you have concerns about the new design rules, perhaps that they're too strict, too expensive for local councils to follow, or that one-size-fits-all standards won't work for different communities. You might worry it gives too much power to government to control how streets look without asking local people."
3420,"[""- Increases public spending commitments: extending repayment periods or raising thresholds costs the government significantly in foregone revenue, potentially requiring cuts elsewhere or higher taxes"",""- Creates moral hazard: more generous repayment terms may discourage responsible borrowing behaviour or incentivise higher university fees if students believe repayment obligations will be reduced"",""- Unfairly benefits graduates: allows degree-holders to escape repayment obligations that lower-earning taxpayers (who didn't attend university) must fund through general taxation"",""- May lack targeted focus: a broad review risks implementing blanket changes that help high-earning graduates unnecessarily while missing those genuinely in hardship, making support less efficient""]"
3425,Voting against this bill means believing the current system is better or that removing interest would be too expensive for taxpayers. Critics might worry about the cost to the government or argue that interest-bearing loans are fairer because wealthier graduates would repay the same as poorer ones.
3430,"A vote to oppose this bill means you want to keep the current inheritance system for hereditary peerages and estates as it is. People might worry that changing these long-established rules could be unfair to families, damage historical traditions, or create legal problems for people who own these estates."
3436,"Voting against this bill means you want to keep the current succession rules as they are. Some people might worry about changing long-standing traditions, or have concerns that the changes could create confusion about the royal line or affect the stability of the monarchy."
3464,"[""- Reduces parliamentary scrutiny: Gives the government spending authority before MPs have fully examined and debated how public money will be used, weakening oversight of executive power"",""- Lacks detailed accountability: The bill provides broad adjustment powers without requiring specific justification for how money is moved between departments, reducing transparency to Parliament and the public"",""- Risk of excess spending: Allows the government to spend beyond what Parliament might ultimately approve, potentially committing taxpayers to expenditure they would reject under full scrutiny"",""- Concentrates executive power: Enables ministers to adjust spending priorities unilaterally rather than requiring Parliament to approve reallocations, undermining the principle that Parliament controls the public purse""]"
3466,"[""- Reduces parliamentary scrutiny: Allows spending without full advance approval from elected MPs, weakening the principle that Parliament should control public money and potentially enabling wasteful or inappropriate expenditure without proper debate."",""- Creates scope for unaccountable spending: 'Adjustments' to departmental allocations could bypass normal budget processes, allowing ministers to redirect funds away from politically sensitive areas (like social care or local services) with limited oversight."",""- Normalises emergency measures: If used repeatedly, anticipation arrangements become routine rather than exceptional, permanently undermining the annual budget cycle and Parliament's ability to hold government accountable for spending priorities."",""- Lacks democratic oversight: Citizens and their representatives have limited ability to debate or influence how billions of pounds are spent and adjusted, as decisions happen outside the main parliamentary budget process where public interest and media scrutiny are highest.""]"
3472,"People might worry about how the money is being spent - for example, whether certain departments get too much funding while others get too little. Some might question whether the government is spending money wisely on priorities that matter to them."
3479,"[""- Locks in spending on contested policies: voting for the bill approves funding for government programmes an opponent may disagree with, such as specific welfare policies or defence commitments, without opportunity to redirect funds to alternative priorities."",""- May contain inadequate funding for services: if departments' bids were underfunded relative to demand, approving the Main Estimates means services like NHS waiting lists or social care provision may suffer from insufficient resources throughout the year."",""- Limits flexibility for changing circumstances: once approved, departmental budgets are largely fixed, making it difficult to rapidly redirect money if urgent needs emerge, such as emergency response to natural disasters or unexpected crises."",""- Perpetuates spending priorities from previous government: if the current government inherited budgets from its predecessor, this bill may entrench policies the opponent believes represent poor priority-setting or ideological disagreement with the previous administration.""]"
3480,"- Limits detailed parliamentary debate: Supply bills typically receive minimal scrutiny compared to other legislation, meaning MPs have less opportunity to challenge specific departmental spending decisions or inefficient spending. - Locks in potentially wasteful allocations: Once approved, departmental budgets are difficult to redirect, even if some areas prove inefficient or priorities change mid-year. - Insufficient oversight of off-budget spending: Government spending through public corporations, quangos, and private contracts often escapes detailed parliamentary review through this mechanism. - No mechanism to challenge overall priorities: While Parliament votes yes or no on the entire package, individual MPs cannot easily force debates on whether specific spending (e.g., particular defence projects or departmental administration costs) represents good value for taxpayers."
3486,"- Insufficient without new funding: Publishing information about overstretched services doesn't help if those services lack capacity; this bill does nothing to address long NHS waiting lists or underfunded childcare, so awareness won't translate to actual support.
- Risk of false promises: Better visibility of inadequate services could frustrate parents further by making them aware of help they cannot access due to waiting lists or eligibility restrictions, raising expectations without delivery.
- Administrative burden: Gathering, centralising, and maintaining comprehensive information across multiple agencies (NHS, local councils, charities) creates significant ongoing bureaucratic costs that could divert resources from direct service provision.
- Places responsibility on families: The bill assumes the barrier is information rather than structural problems; it could deflect attention from the real issues, insufficient childcare provision, mental health service shortages, and poverty, that parents actually face."
3496,"[""- Increases costs for airlines and passengers: SAF currently costs 2-5 times more than conventional jet fuel; mandatory blending will raise operational costs, potentially passed to consumers through higher ticket prices."",""- Uncertain supply availability: SAF production capacity is currently limited globally; mandates may outpace actual supply, forcing airlines to overpay or face penalties rather than meeting genuine environmental targets."",""- Risk to food security: Some SAF is derived from agricultural feedstocks; large-scale production could compete with food crops for land and resources, driving up food prices or requiring unsustainable land use changes."",""- Competitive disadvantage: UK airlines face mandatory SAF costs while international competitors using other routes avoid such requirements, potentially making UK-based carriers less competitive on international routes.""]"
3511,"- Creates regulatory burden: Extensive evaluation requirements add administrative costs and bureaucracy, which may be particularly onerous for smaller reliefs or those affecting SMEs.
- May discourage investment: Uncertainty about whether reliefs will survive future reviews could deter businesses from making long-term investment or location decisions based on current tax benefits.
- Difficult to measure success: Many tax reliefs aim at broad social or economic goals (regional development, innovation, employment) that are difficult to measure causally, risking poor evaluation methodology and unfair conclusions.
- Risk of ideological cuts: Evaluation frameworks can become tools for removing reliefs for political reasons rather than genuine ineffectiveness, threatening established schemes (such as those supporting charitable giving or green investment) that stakeholders depend upon."
3536,"Voting against this bill means you have concerns about the impact on businesses, such as increased costs that might make them less likely to hire temporary workers. Opponents might worry it could make the UK less competitive or reduce flexibility for companies that need short-term workers."
3542,"[""- Creates potential for abuse or misuse if safeguards are insufficient, raising concerns that doctors might use this bill to justify excessive medication that effectively ends life rather than merely relieves pain"",""- May be unnecessary if existing common law principles (the doctrine of double effect) already protect doctors, potentially creating legal confusion rather than clarity"",""- Could undermine trust in the medical profession if patients worry that doctors might hasten death under the guise of pain relief, particularly for vulnerable populations"",""- Risks establishing a slippery slope toward assisted dying or euthanasia, which remains illegal in the UK, by gradually normalising medical intervention that hastens death""]"
3544,"[""- Raises concerns that vulnerable people, including those experiencing depression, isolation, or financial hardship, might feel pressured to end their lives rather than burden families or society, despite safeguards"",""- Could undermine trust in the medical profession and palliative care if doctors are involved in ending lives, and may divert resources from improving end-of-life pain management and support"",""- Risks normalizing assisted death and potentially widening eligibility over time to include non-terminal conditions, as has occurred in some other countries with similar laws"",""- Creates practical and ethical challenges around accurately predicting six-month prognosis, meaning some people might access the process who could have lived longer, or conversely, people just beyond the timeframe are excluded""]"
3551,"[""- Imposes significant financial and operational burdens on businesses, particularly smaller operators and independent venues, who must fund security upgrades, CCTV systems, barriers, and staff training"",""- Restricts public access and creates heavily securitised environments that may feel oppressive or unwelcoming, potentially changing the character of public spaces and reducing their accessibility for people with disabilities or anxiety"",""- Places responsibility on premises owners for national security threats that are fundamentally a policing and intelligence matter, potentially letting government avoid investing adequately in counter-terrorism police and surveillance"",""- May disproportionately affect certain communities or venues, effectively singling out particular locations or neighbourhoods for heightened security and scrutiny based on perceived terrorism risk""]"
3558,"Voting against this bill means you have concerns about making punishments harsher. Opponents might worry that increased penalties won't actually stop theft, or that it's unfair to punish desperation-driven shoplifting so severely when other solutions (like addressing poverty) might work better."
3560,"[""- Creates sentencing inconsistency: Having different sentences for tool theft versus other property theft of identical value may be seen as unfair and could be challenged legally as disproportionate to other crimes"",""- May increase prison overcrowding: Harsher sentences for tool theft means more people imprisoned for lower-level property crimes, potentially worsening already stretched prison capacity at significant public cost"",""- Targets poorer offenders: Tool theft is often committed by economically disadvantaged individuals; higher sentences may mean longer incarceration for vulnerable people rather than addressing root causes like poverty or addiction"",""- Uncertain effectiveness: Evidence on whether sentencing increases actually deter property crime is mixed; resources might be better spent on prevention (CCTV, secure storage) or rehabilitation than mandatory harsher penalties""]"
3563,"Voting against this bill means you have concerns about its practical impact or potential consequences. Critics worry it might damage UK-China relations, be ineffective without enforcement power, or create diplomatic tension without actually improving access to Tibet."
3564,"Voting against this bill means you worry it could damage UK-China relations or be ineffective without China's cooperation. Opponents may also question whether it's realistic to expect China to allow more foreign access, or whether other approaches would work better."
3565,"Voting against this bill means you have concerns about its approach or effectiveness. Critics worry it could damage UK-China relations, might not actually improve access since China is unlikely to agree, or could be seen as interfering in China's internal affairs."
3572,"- Imposing significant regulatory burdens and compliance costs on small retailers and vape shops, potentially forcing some out of business and reducing consumer choice in local communities
- Creating a black market for tobacco and vapes as age restrictions tighten, potentially driving sales to illegal sellers with no safety standards or age verification
- Limiting adult access to vaping as a smoking cessation tool, which many smokers use successfully to quit cigarettes despite vapes facing stricter regulation than the harmful products they replace
- Affecting businesses dependent on tobacco sales (convenience stores, newsagents) disproportionately, with uncertain economic impact on employment and tax revenue in affected sectors"
3594,"Voting against this bill means you believe trade agreements shouldn't need special carve-outs for the NHS, or you're concerned it could limit beneficial trade deals. Opponents might worry it could make trade negotiations harder or that the NHS is already protected by existing laws."
3595,"- May limit trade negotiating flexibility: Restricts the government's ability to offer NHS services as a negotiating tool in trade deals, potentially reducing the UK's bargaining power when securing other economic advantages in agreements.
- Unclear practical impact: Trade agreements typically do not force public services into privatisation; existing carve-outs and exemptions may already protect the NHS, making this bill potentially unnecessary or symbolic rather than substantive.
- Could complicate commercial partnerships: May hinder legitimate arrangements where the NHS works with private suppliers or international partners to improve efficiency, access to medicines, or technological innovation.
- Assumes government bad faith: Presumes future governments would actively harm the NHS through trade deals, despite NHS protection being a consistent political commitment across major parties."
3605,"Voting against this bill means you're concerned about minimum fares making train travel more expensive for passengers, especially low-income travellers. Opponents might argue that higher fares could discourage people from using trains and hurt those who rely on affordable transport."
3607,"Voting against this bill might mean you're concerned it could be too costly to implement, could slow down decision-making, or that sharing certain information might affect national security or people's privacy. Some might worry it places too much burden on public bodies."
3615,"- Creates bureaucratic burden and compliance costs: smaller councils and transport bodies will face administrative expenses establishing cooperation frameworks, holding meetings, and producing required reports, potentially diverting resources from actual service delivery
- Restricts local autonomy: councils may be forced into partnerships or decisions against their local priorities, as the bill's dispute resolution mechanisms could override locally-elected representatives' choices about how to spend transport budgets
- Enforces one-size-fits-all approach: rural and urban areas have fundamentally different transport needs; mandatory cooperation requirements may impose inappropriate urban solutions on rural communities or vice versa
- Lacks clarity on enforcement: the bill does not specify sufficient penalties or mechanisms for councils that ignore cooperation duties, potentially making the legal requirement toothless while still imposing compliance costs"
3618,"[""- Places additional financial burden on TfL's already-stretched budget at a time when the organisation faces significant funding pressures, potentially requiring fare increases elsewhere or service reductions"",""- May be poorly targeted if extended too broadly, providing subsidies to people who can afford to pay full fares and representing inefficient use of public money"",""- Could create administrative complexity and costs in verifying eligibility for expanded concessions, reducing the net benefit of the scheme"",""- May disadvantage non-London passengers or those using other transport providers who don't receive equivalent subsidies, raising fairness questions about unequal treatment""]"
3619,"Voting against this bill means you're concerned about giving TfL extra toll-charging powers. People might worry about increased costs for London drivers, whether the tolls are fairly applied, or if the money will actually be spent on transport improvements."
3623,"[""- Creates significant risk of coercion or pressure on vulnerable patients, including elderly, disabled, or economically disadvantaged people who might feel obligated to choose death to avoid being a burden on family or the NHS"",""- Fundamentally conflicts with the medical profession's core duty to preserve life and could undermine the doctor-patient relationship and public trust in healthcare if doctors are involved in ending lives"",""- Once introduced, legal frameworks tend to expand over time; critics argue safeguards may gradually weaken, potentially extending access beyond terminal illness to broader categories of suffering as seen in some other countries"",""- Diverts resources and attention from investment in better palliative care, pain management, and end-of-life support that could address suffering without ending life, potentially leaving some patients without adequate alternatives""]"
3639,"[""- Surrenders regulatory independence: A customs union would require the UK to align tariffs and trade rules with EU standards, removing the Government's ability to set independent trade policy or negotiate separate trade deals with other countries"",""- Undermines referendum result: Opponents argue this contradicts the 2016 referendum outcome, which included leaving the customs union; they view this as Parliament overriding democratic decision-making"",""- Limits future trade opportunities: Being locked into EU tariff levels would prevent the UK from negotiating lower tariffs with countries like the US, Australia, or others, potentially securing better deals independently"",""- Politically contentious and divisive: This bill reignites the Brexit debate and divides Parliament and the public; opponents argue resources should focus on making current arrangements work rather than reopening settled constitutional questions""]"
3640,"- Parliamentary approval requirements slow down negotiations and may weaken the UK's bargaining position, as American negotiators know Parliament could block a deal
- It limits government flexibility to negotiate compromises and reach timely agreements when speed is commercially important
- MPs may reject deals for political reasons rather than economic merit, potentially harming UK businesses and consumers who want access to American markets
- The bill could discourage the USA from negotiating seriously with the UK if they know any agreement faces an uncertain parliamentary vote, disadvantaging UK trade interests"
3648,"[""- May disproportionately impact disadvantaged groups, including young people and low-income supporters who might face harsher penalties for minor infractions like jumping barriers compared to wealthier offenders"",""- Creates vague enforcement standards that could lead to inconsistent application across different clubs and stewards, potentially allowing discriminatory targeting based on appearance or background"",""- Introduces criminal records for what may be first-time offences (such as a child pitch invasion), affecting future employment, education, and housing prospects severely"",""- Shifts enforcement costs to the criminal justice system rather than to clubs themselves, using public resources to prosecute relatively minor stadium access violations while clubs retain significant profits""]"
3652,"Voting to oppose this bill means you want to keep the under-occupancy penalty as it currently is. Opponents might worry about the cost to the government, or believe that the current rules are fair and necessary to manage housing efficiently."
3654,"A vote to oppose this bill means you don't think a report is necessary or useful. Opponents might argue that the effects of the bedroom tax are already well-known, or that Parliament should focus on other priorities instead of commissioning another study."
3672,"[""- Risks damaging the US-UK military alliance by creating bureaucratic delays and political obstacles that could hinder rapid US military responses to security threats affecting both nations"",""- Exposes sensitive classified information and operational security details to a broader parliamentary audience, potentially compromising intelligence sources and the effectiveness of joint security operations"",""- Creates practical complications for NATO and joint defence operations by requiring advance parliamentary approval for time-sensitive military activities that may need to proceed quickly to be effective"",""- May be unilaterally disadvantageous, as the US is unlikely to accept equivalent parliamentary oversight of its own operations, meaning only British military activities would face parliamentary constraints from the US side""]"
3673,"[""- Risk of embedding current restrictions into law, including the two-child limit and benefit cap, making it harder to reverse policies that critics argue trap families in poverty"",""- May formalise the controversial 5-week wait for first Universal Credit payment, locking in delays that can push claimants into debt or food bank usage"",""- Could reduce flexibility in responding to economic changes or individual hardship by requiring full parliamentary process to adjust benefit rates or eligibility rules"",""- Likely to maintain or entrench the real-terms value of benefits despite increased living costs, as statutory legislation can resist uprating to keep pace with inflation""]"
3675,"[""- Removes safety-net support from vulnerable non-citizen residents including children, working people between jobs, and those facing hardship, potentially increasing destitution and homelessness"",""- Violates existing international obligations and EU withdrawal agreement commitments regarding the rights of EU citizens lawfully resident in the UK before the Brexit deadline"",""- Creates practical enforcement problems and administrative costs in verifying citizenship status, and may burden local authorities and charities with support for ineligible people"",""- Affects workers on valid UK visas and their families who contribute to the economy and taxes but would lose access to safety-net support during unemployment or crisis""]"
3676,"Voting against this bill means keeping the current two-child limit in place. Opponents might worry about the cost to taxpayers, or believe that limiting benefits encourages responsible family planning, or that other ways of helping families would be better."
3677,"[""- Represents a significant increase in public spending on welfare benefits at a time when government finances are constrained, requiring either tax rises or cuts to other public services"",""- May have unintended consequences on family planning decisions or work incentives if the benefit is perceived as an unconditional payment rather than support for those in genuine need"",""- Could be viewed as unfairly benefiting families who chose to have more children while other households without children or with fewer children receive no additional support"",""- Does not address underlying causes of poverty and may be less cost-effective than alternative policies such as raising wages, expanding childcare support, or targeting help to the most vulnerable families""]"
3678,"[""- This creates a distinction between care leavers and other young adults aged 18-21, potentially raising fairness questions about why this group receives preferential treatment over other vulnerable young people in poverty"",""- The bill increases public spending during periods of fiscal constraint, requiring either higher taxes, reduced spending elsewhere, or increased borrowing"",""- Local authorities already provide additional support to care leavers through Personal Advisor services and other schemes; full Universal Credit may duplicate or undermine these targeted local provisions"",""- Questions exist about whether increasing cash benefits (rather than housing support, education, or employment programs) is the most effective way to address care leavers' underlying vulnerabilities""]"
3688,"- Implementing statutory respite care services nationwide would create significant costs to local authority budgets already under strain, potentially requiring tax increases or reduced spending elsewhere. - Defining and administering eligibility criteria for respite support could create administrative complexity and bureaucratic delays, leaving some carers waiting months for assistance. - Mandatory local authority provision may result in one-size-fits-all services that don't reflect the diverse needs of different carers (e.g., those caring for children versus elderly relatives). - The bill does not address underlying issues such as insufficient social care funding or wages for professional carers, meaning respite services may be difficult to deliver or staffed by poorly-trained, low-paid workers."
3703,"[""- Removes property owners' fundamental right to control their own assets, potentially allowing occupation against their wishes without full compensation or protection"",""- Creates legal uncertainty and potential liability issues for owners if temporary occupiers cause damage, injury, or disputes during the occupation period"",""- May discourage property owners from holding commercial spaces for future development or investment if they risk compulsory temporary use by others"",""- Lacks clarity on enforcement mechanisms, dispute resolution, and what happens if temporary occupiers refuse to vacate at the end of the agreed period""]"
3705,"- May increase public spending on compensation without clear evidence of how many additional claims would be approved or at what cost to taxpayers. - Could set a precedent that encourages marginal or unproven claims, potentially undermining public confidence in vaccination programmes when vaccine uptake is already facing hesitancy. - Risks establishing liability for vaccine manufacturers and the NHS that extends beyond current legal frameworks, potentially discouraging development of future vaccines. - The review process itself is vague about what specific changes are being proposed, making it difficult to assess whether reforms would genuinely help claimants or simply create uncertainty."
3706,Voting against this bill means you believe vagrancy laws should stay in place to maintain order in public spaces. Opponents might worry that removing these laws could lead to more visible rough sleeping in town centres or that it removes tools to manage anti-social behaviour.
3707,Voting against this bill means you think some vagrancy laws are still useful for maintaining public order and dealing with anti-social behaviour. Opponents might worry that removing these laws could make it harder to address problems like rough sleeping in town centres or people being a nuisance in public spaces.
3714,"[""- May create additional bureaucratic requirements and paperwork that complicate private car sales between individuals, particularly for older people or those unfamiliar with new procedures"",""- Could impose new costs on sellers or buyers through administrative fees or required services to comply with stricter document handling requirements"",""- Might place excessive legal liability on private sellers for ensuring documents are handled correctly, potentially discouraging people from selling their vehicles privately"",""- May not address the underlying DVLA capacity issues; stricter document requirements could overwhelm the agency's processing system without sufficient resources to handle increased demand""]"
3716,"[""- Potential overreach in enforcement: Critics worry that vaguer definitions of 'obscuring' marks (e.g., by dirt or wear) could lead to unfair enforcement against drivers who have not deliberately broken the law"",""- Disproportionate penalties: Opponents argue that increased criminal penalties for administrative offences (like obscured plates) may be unnecessarily harsh compared to the actual harm, especially for first-time or minor breaches"",""- Implementation costs: Expanded offences require additional police training, resources, and court capacity to investigate and prosecute more cases, which may be costly for already-stretched public services"",""- Privacy and surveillance concerns: Stronger enforcement encourages greater reliance on automatic number plate recognition (ANPR) technology, which some argue enables excessive surveillance of drivers' movements without clear safeguards""]"
3718,"[""- Could increase penalties in ways that disproportionately harm ordinary motorists making honest mistakes, rather than targeting deliberate fraudsters"",""- May give enforcement authorities greater powers to investigate vehicle ownership without sufficient safeguards for privacy or due process protections"",""- Could impose additional bureaucratic burdens or costs on legitimate vehicle owners, particularly those managing multiple vehicles for business purposes"",""- Risks creating stricter rules that catch accidental non-compliance while not effectively addressing the core issue of organised registration fraud""]"
3726,"- Victim Statements risk creating a two-tier justice system where emotional testimony influences sentencing inconsistently, potentially leading to disproportionate sentences based on articulate victims rather than consistent legal principles
- Creating new statutory rights may burden already under-resourced courts and police with additional administrative requirements, potentially causing further delays rather than speeding up justice
- A new Victims' Commissioner adds another layer of bureaucracy and public spending during austerity, with unclear enforcement power if agencies ignore recommendations
- Expanding protections for some victims (witnesses in court) without clarifying how victim support services will be funded could divert resources from frontline victim services like counselling and housing support"
3737,"[""- Creates additional costs for the court system to produce and distribute free documents, raising questions about resource allocation in already stretched judicial services"",""- May disproportionately benefit some victims over others, as access depends on victims knowing they can request remarks and understanding how to do so"",""- Could potentially extend to other categories of crime victims, creating a precedent that expands court expenses without clear budgetary planning"",""- Does not address root issues around victim support services, potentially treating free documents as a substitute for comprehensive victim assistance and counselling""]"
3758,"Voting against this bill means you believe the voting age should stay at 18. Opponents worry that 16-year-olds may not have enough life experience or knowledge to make informed voting decisions, and that school pressures could influence how they vote."
3767,"Voting against this bill means you believe the current system works well, or that taking away the PM's quick decision-making power could be dangerous. Critics might worry it could slow down Britain's response in emergencies or make it harder to act when speed is needed."
3769,"[""- Increases operational costs for waste management companies, which may be passed to local authorities and ultimately council tax payers"",""- May reduce the economic viability of some existing incinerators, potentially forcing facility closures and creating waste processing capacity gaps in certain regions"",""- Places significant planning restrictions on new facilities, limiting waste management flexibility and potentially forcing waste to be transported longer distances"",""- Prioritises incineration over investment in waste prevention, reuse, and recycling infrastructure that could achieve greater environmental benefits""]"
3773,"- Increases costs for tyre manufacturers and importers, which may be passed on to consumers through higher tyre prices, affecting household budgets
- Creates administrative complexity and compliance burdens on businesses, particularly smaller tyre retailers and importers managing new reporting and financial obligations
- May disadvantage UK producers competing against imports if the scheme is not matched by equivalent regulations in other countries
- Lacks clarity on practical implementation details, such as collection infrastructure and recycling standards, risking inefficient scheme operation and potential market distortions"
3776,"[""- Imposes significant compliance burdens and operational costs on farmers already facing tight margins, potentially forcing smaller farms out of business or reducing their competitiveness"",""- Sets prescriptive farming practices that may not suit different soil types, climates, or farming systems, reducing farmer autonomy and potentially decreasing food production efficiency"",""- Lacks sufficient detail on enforcement mechanisms and funding levels, risking either heavy-handed regulation without adequate support or weak implementation that fails to deliver water quality improvements"",""- May disadvantage UK farmers relative to cheaper imported food from countries with weaker environmental standards, undermining domestic agriculture without improving global water pollution""]"
3777,"- May increase household water bills significantly to fund infrastructure upgrades, placing financial burden on families already facing cost-of-living pressures, with no guarantees of bill caps
- Grants water companies expanded emergency powers with limited parliamentary oversight, potentially allowing restrictions on water use that disproportionately affect vulnerable households or small businesses
- Addresses symptoms rather than root causes by focusing on demand restrictions instead of requiring companies to modernise outdated systems they have neglected for decades
- Creates vague enforcement mechanisms that could allow companies to avoid penalties through delayed compliance, without sufficient independent monitoring or automatic financial compensation for affected customers"
3784,"- May increase household water bills significantly, as companies pass infrastructure investment costs to consumers rather than shareholders or executives, affecting low-income households disproportionately
- Creates regulatory burden and compliance costs that could be redirected toward frontline environmental work or water service improvements, potentially reducing efficiency
- Introduces retrospective liability and criminal penalties that some argue are unfairly harsh on company staff and executives who inherited systemic problems from previous management
- Does not address the underlying issue of underfunding of water infrastructure over decades; penalties and regulation alone cannot replace investment in new treatment capacity and pipe renewal"
3798,"Voting against this bill might mean concerns that it could slow down decision-making by adding extra requirements, or that it's unclear how to measure 'future wellbeing' fairly. Some might worry it gives too much power to unelected officials to override what current voters want."
3799,"Voting to oppose means you have concerns about the bill. People might worry it could slow down decision-making, cost businesses money to follow new rules, or that it's unclear how to actually measure impacts on 'future generations' fairly."
3800,"Voting against this bill means you have concerns about the proposal, perhaps worrying it could slow down decision-making, cost too much money, or give too much power to new committees. Some might argue the government already considers the future and doesn't need new rules."
3801,"Voting against this bill means you have concerns about adding new rules or requirements to how government works. Opponents might worry it could slow down decision-making, cost money to implement, or that politicians shouldn't be legally required to predict future outcomes they can't fully control."
3803,"Voting against this bill means you might worry it would slow down decision-making by adding extra checks and rules to every government policy. Some people may be concerned it's too vague about what 'future generations' means, or that it could be used to block important projects without clear benefits."
3810,"People against this Act might worry about circus workers losing their jobs or livelihoods. Some argue that well-regulated circuses can care for animals properly, and that the law removes a traditional form of entertainment."
3821,"Voting against this bill means you have concerns about the cost to taxpayers or believe the money should be spent differently. Some might argue that means-testing (giving help only to those who really need it) would be fairer, or that other heating fuel users aren't getting equal support compared to those on mains gas."
3826,"[""- Critics argue the bill imposes significant bureaucratic requirements and reporting obligations on government departments, potentially creating administrative costs and delays without guaranteeing improved security outcomes on the ground"",""- Some contend that legal mandates for women's inclusion in security and peace processes may be counterproductive in certain cultural or political contexts where such requirements could provoke backlash or undermine negotiations with local actors"",""- Opponents suggest the bill's focus on women's participation, while well-intentioned, may distract from or dilute broader security and peacekeeping priorities, or that resources devoted to implementation could be spent on direct humanitarian relief"",""- There are concerns that mandatory action plans and reporting requirements may create inflexible, one-size-fits-all approaches that don't account for the specific contexts, needs, and political realities of different conflict zones""]"
3828,"[""- Creates significant cost to the public purse at a time of constrained government spending, potentially diverting resources from other public services or welfare programmes"",""- May set a precedent for compensation claims whenever major welfare policy changes occur, creating ongoing financial liabilities and expectations for government policy adjustments"",""- Treats women born in the 1950s as a special case while other groups affected by welfare changes (such as those impacted by other pension or benefit reforms) receive no compensation"",""- The state pension age equalisation was a deliberate, long-planned policy change enacted through proper parliamentary processes; compensation may inappropriately penalise sound public finance management""]"
3850,"- Schools and employers argue the bill creates significant new administrative burdens and compliance costs without adequate government funding, placing the expense on already under-resourced institutions.
- Critics contend the bill may unfairly flag and stigmatise young people as 'carers' in school records, potentially affecting university applications or employer perceptions if disclosed.
- Some argue the bill places responsibility on institutions rather than addressing the root cause: insufficient adult care services and social support, meaning schools become substitute carers rather than educators.
- Business groups warn that mandatory employer adjustments could discourage hiring young people if companies must provide additional accommodations, potentially worsening youth employment prospects."
3859,"[""- May increase competition for jobs and housing in the UK labour market for young British workers, particularly in lower-skilled roles and entry-level positions in tight housing markets"",""- Creates administrative complexity and costs for UK employers who must verify eligibility and comply with scheme conditions, compared to the previous unrestricted EU mobility"",""- Limits the scheme to young people only, leaving older workers without reciprocal access to EU employment, creating inequality and potentially disadvantaging mature career-changers"",""- Does not address wider concerns about labour market protections, wages, and working conditions, and may be used to fill vacancies rather than incentivising investment in training UK workers""]"
3860,"[""- Increases local authority spending obligations at a time when council budgets are already severely strained, potentially requiring cuts to adult social care or other essential services"",""- Creates bureaucratic compliance burdens and inspection regimes that divert funding away from actual youth provision into administrative costs and reporting requirements"",""- May impose one-size-fits-all standards that don't reflect local needs, leading to wasteful spending on services young people in that area don't actually want or use"",""- Places responsibility on councils when voluntary organisations and youth charities are often better equipped to deliver engagement, risking loss of independence and innovation in the sector""]"
3865,"[""- Damages caps may disadvantage severely injured patients: If the bill limits compensation awards, patients with catastrophic injuries (permanent disability, loss of earnings) may receive inadequate sums to cover lifelong care needs"",""- Reduced accountability incentives: Lower financial consequences for negligent practice could weaken motivation for healthcare providers to implement safety improvements and learn from mistakes"",""- Access to justice concerns: Streamlined processes with higher thresholds or stricter rules may prevent legitimate claimants from pursuing valid cases, particularly those who cannot afford specialized legal representation"",""- Burden shifts to taxpayers: If compensation is capped but NHS liability remains high, public funds may need to increase to cover gaps, or patients may be forced to seek support from social care systems instead""]"
3866,"[""- Requires significant public spending on free period products and expanded NHS services at a time of budget constraints, potentially diverting resources from other healthcare priorities or requiring tax increases"",""- May create administrative complexity and cost in establishing systems to distribute free products and measure their effectiveness, with unclear metrics for success"",""- Could be seen as unnecessary intervention in personal healthcare choices, as many gynaecological conditions are already treatable through existing NHS services without specific legislation"",""- Risks medicalising normal menstruation or creating unrealistic expectations about symptom management, potentially leading to over-diagnosis or over-treatment of conditions that fluctuate naturally""]"
3867,"[""- Restricts property rights: Allows councils to acquire privately-owned land, which some view as an unfair intrusion on landowners' ability to use or sell their property as they choose, potentially without adequate compensation"",""- Creates financial burden on councils: Requires local authorities to fund land purchases during tight budget periods, potentially diverting limited resources from other essential services like social care, education, or infrastructure"",""- Raises compulsory purchase concerns: If the bill enables forced acquisition of land, it may lead to lengthy legal disputes, compensation claims, and uncertainty that makes the process expensive and administratively complex"",""- May not address root cause: Simply purchasing land doesn't guarantee effective maintenance or management; poorly-resourced councils may struggle to maintain newly-acquired amenity land, potentially leading to deterioration rather than improvement""]"
3868,"[""- May rush investigations or lower the threshold for finding doctors unfit to practise, risking unfair removal of doctors who deserve due process and full hearing"",""- Could disadvantage doctors facing complaints by reducing their time to prepare defence or obtain legal representation in fitness to practise hearings"",""- Might weaken safeguards that currently protect doctors' rights, shifting the balance too heavily toward investigation efficiency over procedural fairness"",""- Could deter qualified doctors from entering or remaining in medical practice if they perceive the GMC process as unreasonably quick or biased against the accused""]"
3869,"[""- Imposes significant compliance costs on fishing and shipping industries through required equipment upgrades, operational changes, and licensing fees, potentially making some smaller businesses unviable"",""- May restrict legitimate economic activities like offshore wind farms, oil and gas exploration, and commercial shipping through mandatory environmental assessments and potential project delays"",""- Could increase food prices for UK consumers if fishing restrictions reduce domestic catch and force reliance on imported fish or alternative proteins"",""- Lacks clarity on enforcement priorities and resource allocation, risking ineffective implementation if government funding and monitoring capabilities prove inadequate""]"
3870,"[""- Increases manufacturing and compliance costs for businesses, particularly small and medium-sized enterprises, as they must redesign, test, and stock a wider range of PPE sizes and variants"",""- May create complex regulatory requirements and bureaucracy around defining what constitutes 'inclusive standards,' potentially leading to unclear guidance and inconsistent implementation across industries"",""- Could drive up prices for consumers and employers if manufacturers pass increased production costs onto buyers, potentially making PPE less affordable for smaller organizations"",""- May duplicate work already underway by international standards bodies (ISO, EN standards) and create tension with existing EU/international regulations if UK standards diverge, complicating trade and cross-border operations""]"
