id,plain_summary
2,"This bill proposes to abolish business rates, which is a yearly tax based on the estimated rental value of non-residential buildings like shops and offices. If passed, businesses would no longer pay this tax, but the government would need to find another way to replace the lost money."
7,"This bill would modify the current abortion law in England and Wales. It aims to prevent abortions being carried out solely because the unborn baby is expected to have a disability, treating disability as equal to non-disability in the eyes of the law. The bill is controversial because it affects a woman's right to choose and doctors' ability to provide medical advice."
10,"This bill would make it a criminal offense for doctors to knowingly perform an abortion when the main reason is the sex of the unborn baby. It aims to prevent sex-selective abortion, which some people believe happens in certain communities."
13,"This bill reforms absent voting procedures for elections held in Scotland and Wales, making it easier for eligible voters to cast ballots when they cannot attend polling stations in person. The legislation likely expands access to postal votes, proxy votes, or early in-person voting options, and may streamline the application process or extend eligibility criteria. These changes aim to increase voter participation and accommodate people with work commitments, disabilities, caring responsibilities, or those living away from their registered address during election periods."
15,"The Academies Act 2010 allows schools to become 'academies' - schools run independently from local councils but still funded by the government. These schools have more freedom to make their own decisions about what they teach, how they spend money, and who they employ, instead of following council rules."
18,This bill asks Parliament to create and publish a report examining the Access to Elected Office Fund - a scheme designed to help people who couldn't otherwise afford to stand for election. The report would look at how well the fund is working and whether it's actually helping people from poorer backgrounds become MPs or councillors.
20,"This bill aims to improve female entrepreneurs' access to business finance by introducing measures to address the well-documented funding gap between male and female-led businesses. The legislation likely includes requirements for lenders and financial institutions to report on their lending practices to women-owned businesses, potentially mandating diversity targets or enhanced support schemes. It may also establish government-backed loan guarantees or grants specifically for women entrepreneurs, and require banks to provide tailored financial advice and mentoring. The bill seeks to remove structural barriers that have historically resulted in women receiving smaller loans and facing higher rejection rates compared to male applicants."
28,This bill aims to make palliative care (treatment that focuses on comfort rather than cure) more available and accessible to children across the UK who have life-limiting or life-threatening illnesses. It seeks to ensure these children and their families can get the support and pain relief they need without unnecessary delays or barriers.
40,"This bill aims to give adoptive parents fairer treatment when they take time off work to care for their new children. It would provide statutory leave, pay during that leave, and allowances for adoptive parents - bringing their entitlements closer to those given to parents who have biological children."
42,"This Act creates ARIA, a new government agency designed to fund ambitious, high-risk scientific research projects that might not get traditional funding. It operates with more freedom than typical government bodies, aiming to speed up innovation in areas like technology, medicine, and engineering."
45,"This bill aims to make it easier and cheaper for UK citizens to buy their own homes. It would introduce measures to help people overcome barriers like saving for a large deposit or getting a mortgage, particularly targeting first-time buyers and lower-income households."
51,"This bill aims to create consistent rules for how online platforms verify users' ages to prevent children accessing age-restricted content and services. It would require websites and apps to use reliable age-assurance methods (like ID checks or other verification), rather than just asking 'Are you over 18?' with no verification."
57,"This bill would change the age at which young people can be charged and tried as criminals in the UK. It aims to treat younger children differently in the justice system, potentially moving them away from adult courts and towards more educational or rehabilitation-focused approaches instead."
60,"This bill aims to address Age-Related Macular Degeneration, an eye condition affecting older people that can lead to blindness. It would probably improve how the NHS treats, diagnoses, or supports patients with AMD, though the exact details aren't fully clear at this stage."
62,"The Agricultural Land (Planning) Bill modifies planning regulations to affect how agricultural land can be developed or protected in the UK. It likely adjusts the rules governing when farmers can build on their land, how planning permission is assessed for agricultural projects, or what protections exist for productive farmland. The bill aims to balance agricultural productivity, rural development needs, and environmental considerations through changes to the planning system. Specific measures would determine whether this makes it easier or harder to develop agricultural land for non-farming purposes."
86,"This bill aims to control alcohol advertising to make it less attractive and accessible to young people. It would introduce new rules about where alcohol ads can appear (like on TV, online, or billboards) and how they can be designed, with the goal of protecting children's health and reducing alcohol-related problems."
88,"This Act is a specific law dealing with Allhallows Staining Church in the City of London. It sets out rules for how the church should be managed, looked after, and governed, protecting the building as a historic monument and ensuring its long-term care."
97,"This bill introduces a mandatory licensing system for animal shelters across the UK, requiring facilities to meet set standards before operating legally. Shelters would need to demonstrate compliance with animal welfare requirements, staffing qualifications, and operational practices verified through regular inspections. The system aims to prevent substandard facilities from operating and protect animals in care by establishing consistent, enforceable minimum standards. Local authorities or a designated regulator would oversee licensing, with powers to refuse or revoke licenses for non-compliance."
100,"This bill introduces stricter controls on importing dogs, cats, and ferrets into the UK to protect animal welfare and public health. It requires pets to meet specific health and vaccination standards before entry, restricts imports from high-risk countries, and aims to crack down on illegal puppy smuggling. The legislation replaces previous EU regulations that no longer apply post-Brexit and establishes new UK-specific import rules enforced by animal health officials."
105,"This bill establishes clear legal responsibility for dog owners whose dogs attack other dogs. It aims to clarify liability, compensation, and potentially criminal accountability when a dog injures or kills another person's dog. The bill would likely create a framework for determining fault, enforcing financial compensation for veterinary costs and losses, and may introduce penalties for owners who fail to control their animals. This addresses a current legal grey area where victims of dog-on-dog attacks often struggle to obtain justice or compensation."
117,"This bill would give arrested people anonymity - meaning their names, faces, and details would not be revealed to the public or media until they are officially charged with a crime. Currently, police can name arrested people straight away, but this bill would change that."
124,"This bill aims to create rules for 'anti-loitering devices', gadgets that emit sounds or signals designed to discourage young people from gathering in certain areas. The bill would regulate how, where, and when these devices can be used to balance public safety concerns with protecting people's rights and wellbeing."
125,"The Anti-Slavery Day Act 2010 establishes a national day (18 October) dedicated to raising awareness about slavery and human trafficking. It encourages people and organizations to think about modern slavery and take steps to prevent it, helping to protect people who are exploited or forced to work."
126,"This Act gives police and councils stronger powers to deal with anti-social behaviour, things like loud parties, harassment, or aggressive behaviour in public spaces. It lets authorities issue quick orders to stop problem behaviour and includes stricter punishments, but it also removes some traditional legal protections that people usually have."
127,"This bill aims to acknowledge that many people feel serious anxiety and worry about environmental issues, and proposes that the government should do something about it. It's essentially asking Parliament to recognize 'eco-anxiety' as an important problem and take steps to address the concerns behind it."
134,"This Act is designed to reform apprenticeships, making them more available and high-quality for people wanting to learn trades and skills. It also aims to improve how children are taught in schools and ensure young people leave education better prepared for work."
136,"This Act gives the government official permission to spend money from the public budget on various government services and departments for that year. It's essentially Parliament saying 'yes, the government can now pay for these things' - without it, the government couldn't legally spend taxpayers' money."
141,"The Arbitration Act 2025 updates UK law to modernise how disputes between businesses and individuals are resolved outside of courts through arbitration. The Act streamlines arbitration procedures, clarifies the powers of arbitrators, and establishes new rules for managing complex commercial disputes more efficiently. It aims to make arbitration faster and more cost-effective than traditional court proceedings while maintaining fairness and due process. The legislation reflects international best practices and positions the UK as a competitive centre for international dispute resolution."
144,"This bill extends equality laws to arbitration and mediation services. Currently, these private dispute-settling services aren't fully covered by equality legislation, so this bill would make them follow the same non-discrimination rules as shops, employers, and other businesses."
145,"This bill aims to make sure that private arbitration and mediation services (which help people and businesses settle disagreements without going to court) cannot discriminate against people and must treat everyone fairly. Currently, there's uncertainty about whether equality laws fully apply to these services, so the bill would make it clear they must follow the same non-discrimination rules as other businesses."
146,"This bill aims to ensure that private arbitration and mediation services follow the same equality and non-discrimination laws that apply to other UK businesses. Currently, these dispute-resolution services may not be fully covered by equality laws, so this bill would close that gap and protect people from unfair treatment."
147,"This bill ensures that private arbitration and mediation services (alternatives to going to court to resolve disagreements) must follow UK equality laws. Currently, these services may not be covered by the same anti-discrimination protections that apply to courts, so this bill aims to close that gap and protect people from unfair treatment based on their personal characteristics."
148,"This bill aims to give Parliament more power to hold arm's-length bodies accountable. These are public organizations like health agencies or cultural institutions that operate semi-independently from government, the bill would strengthen Parliament's ability to question them and ensure they're answering to elected representatives."
149,"The Arm's-Length Bodies (Review) Bill establishes a formal process for the government to review and potentially restructure or abolish public bodies that operate independently from direct ministerial control, such as quangos, regulators, and executive agencies. The bill gives ministers powers to examine whether these bodies remain necessary, efficient, and aligned with government objectives, potentially consolidating or eliminating duplicative organizations. It aims to reduce bureaucratic complexity and redirect public funding more effectively, though it also centralizes control over institutions designed to operate at arm's length from political influence."
150,"The Armed Conflict (Requirements) Bill establishes formal parliamentary requirements that must be met before the UK can engage in armed military action abroad. The bill seeks to place legal obligations on the government to seek parliamentary approval before committing armed forces to conflict, with limited exceptions for emergency self-defence. This would codify into law what has been largely a political convention since the 2003 Iraq War vote. The legislation aims to strengthen parliamentary scrutiny and democratic accountability over decisions to deploy military force."
159,"This Act gives members of the armed forces (army, navy, air force) the legal right to request flexible working arrangements, such as part-time hours or adjusted schedules. It brings military personnel in line with civilian workers' rights to balance work and personal life, though requests can still be refused if they would harm military operations."
166,This bill aims to prevent discrimination in the UK Armed Forces by making anti-discrimination laws clearer and more comprehensive. It would ensure that all service members are treated fairly and have proper legal recourse if they face unfair treatment because of who they are.
170,This bill updates the laws that control the Volunteer Reserve - people who serve part-time in the British Armed Forces alongside their regular jobs. It aims to modernize how these reservists work and are supported by the military.
180,"This bill asks the UK Parliament to officially declare that the deaths of Armenians between 1915-1923, when the Ottoman Empire controlled the region, was genocide, meaning it was deliberately planned mass killing of a particular group of people. Currently, the UK has not made an official statement on this, though many countries including France and Germany have."
182,"This bill asks the UK Parliament to officially recognise and acknowledge that the mass killing of around 1.5 million Armenian people between 1915-1923 was genocide. Currently, the UK government hasn't made an official statement on this, though many other countries and historians say it was genocide. The bill would change this by making Parliament's position clear."
188,"This bill establishes a formal inquiry mechanism into UK arms exports and creates powers to suspend arms sales to specific countries. It would require the government to investigate whether exported weapons are being used in violation of international humanitarian law or human rights conventions. If the inquiry finds evidence of misuse, the government would gain statutory authority to temporarily halt arms sales to the affected country without requiring new parliamentary legislation each time. The bill aims to provide a faster, more systematic process for reviewing arms sales rather than relying on ad-hoc political decisions."
189,"This bill aims to increase parliamentary oversight of arm's-length bodies, organisations like NHS trusts, public agencies, and quangos that operate independently but are funded by or accountable to government departments. The bill would require these bodies to provide regular reports to Parliament, establish clearer accountability mechanisms, and give MPs greater powers to scrutinise their decisions and spending. The measures seek to close gaps where public money is spent by organisations that currently have limited direct accountability to elected representatives."
192,"The Artificial Intelligence (Regulation) Bill establishes a regulatory framework for AI systems used in the UK, requiring developers and deployers to assess and manage risks before releasing AI into the market. The bill creates oversight mechanisms to ensure high-risk AI applications, such as those used in recruitment, law enforcement, or critical infrastructure, meet safety and transparency standards. It grants regulators powers to investigate breaches, issue fines, and require companies to modify or withdraw harmful AI systems. The legislation aims to balance innovation with public protection by setting binding requirements rather than purely voluntary guidelines."
197,"This bill would require the government to regularly assess and report on how its policies impact families - such as laws about taxes, benefits, education, or health. It's designed to make sure politicians think carefully about family life before creating new policies, and to be transparent about the effects these policies will have."
210,"This bill would allow terminally ill adults in England and Wales to request medical assistance to end their life. To qualify, a person must be diagnosed with a condition expected to cause death within six months, be mentally competent to make the decision, and go through a formal process involving two doctors' assessments and a court application. If approved, a doctor could then prescribe medication that the person self-administers. The bill creates strict safeguards including waiting periods and multiple medical checks to prevent coercion or hasty decisions."
236,"This Act sets out the legal rules for electric vehicles and self-driving cars in the UK. It clarifies who is responsible when these vehicles cause accidents (usually the insurer), defines what counts as an 'automated vehicle,' and makes sure people injured by these cars can claim compensation fairly."
239,This bill aims to make it a requirement (or at least strongly encourage) councils and public organisations to install Automated External Defibrillators in accessible public places. The goal is to have these life-saving machines readily available so that anyone can use them to help someone experiencing sudden cardiac arrest while waiting for emergency services to arrive.
243,"This Act creates rules and safety standards for self-driving vehicles in the UK. It allows companies to test and use cars that can drive themselves without a human controlling them, while setting up a legal framework for who is responsible if something goes wrong."
252,"This bill proposes to change the autumn bank holiday - the day in late August/early September when most UK workers get a day off. The exact change isn't clear from the title alone, but it would alter when this holiday is celebrated or how it works."
253,"The Aviation (Accessibility) Bill aims to improve access to air travel for disabled passengers and those with mobility challenges. It sets enforceable standards for UK airports and airlines regarding facilities, assistance, and services, such as wheelchair accessibility, trained staff support, and accessible toilets and seating. The bill creates legal obligations for aviation operators to meet these standards and establishes mechanisms for complaints and enforcement. This legislation ensures disabled travellers have comparable experiences to non-disabled passengers when using UK airports and flights."
285,"This bill aims to combat financial exclusion by requiring banks to maintain basic banking services for all customers and preventing arbitrary account closures. It establishes minimum standards for access to essential banking facilities such as current accounts, payment services, and cash withdrawal options, particularly for vulnerable groups. The bill also creates obligations for banks to provide transparent reasons when refusing or terminating customer relationships, and establishes an appeals process. These measures seek to address the growing problem of people being locked out of the financial system, which can lead to reliance on high-cost lending and exclusion from employment and services."
286,"This bill proposes replacing the Barnett Formula, a 40-year-old method that calculates how much government funding Scotland, Wales, and Northern Ireland receive based on England's spending. The bill would create a new way to distribute money that the supporters believe would be more fair and up-to-date."
287,"This bill proposes replacing the Barnett Formula, a 40-year-old system that allocates government funding to Scotland, Wales, and Northern Ireland, with a new method. The bill aims to create a fairer way of distributing UK government money between different parts of the country based on their actual needs."
299,"This bill establishes mandatory fire safety standards and regulations for Battery Energy Storage Systems (BESS) - large-scale installations that store electrical energy in batteries, increasingly used to support the UK's renewable energy transition. The legislation requires operators to implement specific safety measures, fire detection and suppression systems, and maintain minimum distances from residential areas and critical infrastructure. It aims to prevent incidents like the Kilroot battery storage fire in Northern Ireland (2023) and similar events that have caused environmental damage and safety risks. The bill creates enforcement mechanisms and penalties for non-compliance with these safety requirements."
306,"This bill proposes to abolish the BBC licence fee - the annual charge that UK households currently pay to watch or record live TV on any channel, or to use BBC iPlayer. The money from these fees currently pays for BBC services like television, radio, and online content. The bill would end this system entirely."
310,"This bill would allow the BBC to issue financial penalties directly to people who refuse to pay their TV licence fee, without having to take them to criminal court. Currently, the BBC can only prosecute non-payers through the legal system; this would give them a faster, simpler way to enforce payment."
311,"This bill would change the law so that people aged 75 and over cannot be prosecuted criminally (taken to court as a crime) if they don't pay their BBC licence fee. Currently, anyone who doesn't pay can face criminal charges; this bill would remove that punishment for over-75s only, though they could still receive a fine instead."
312,"This bill would stop over-75s from being prosecuted (taken to court) and potentially given a criminal record for not paying their BBC licence fee. Instead, they would face civil action like a fine, similar to other money disputes. It's intended to protect elderly people from serious criminal consequences."
313,"This bill would remove the threat of criminal charges against people aged 75 and over who don't pay their BBC television licence fee. Currently, non-payment can lead to court cases and fines; this bill would stop that happening specifically for older people in this age group."
314,"This bill removes the criminal penalties for non-payment of BBC television licence fees specifically for people aged 75 and over. Currently, failure to pay the licence fee can result in prosecution and criminal conviction, with potential fines up to £1,000. Under this bill, over-75s who don't pay would no longer face criminal charges, though civil enforcement mechanisms might still apply. The measure aims to prevent elderly people from entering the criminal justice system due to licence fee debt."
316,This bill would change the BBC from a publicly-owned broadcaster (funded by TV licence fees paid by viewers) into a private company or companies that operate for profit. It represents a major shift in how British broadcasting is organised and funded.
317,This bill proposes changing the BBC from a publicly-owned broadcaster (funded by TV licences) into a private company that would need to make its own money through advertising and subscriptions. It would fundamentally change how the BBC operates and is paid for.
318,"This bill would transform the BBC from a state-owned broadcaster funded by TV licences into a private company. It would fundamentally change how the BBC operates, is funded, and serves the British public."
337,"This bill aims to improve bereavement support services specifically for children and young people who have experienced the death of a parent, sibling, or other close person. It likely establishes or strengthens access to counselling, mental health services, and practical support through schools, NHS services, and community organisations. The bill recognises that children and young people have distinct bereavement needs that differ from adults and require tailored, age-appropriate interventions. The measures probably include funding commitments, training requirements for professionals, and coordination between education and health services."
338,"This bill would change the rules around gaming machines in betting shops. Category B2 machines are mid-level gaming terminals that allow people to gamble money. The bill would likely allow betting shops to have more of these machines, which they currently cannot do under existing regulations."
340,"This Act protects the traditional rights and privileges of Beverley Freemen - a group with historical status in Beverley, East Yorkshire. It ensures they keep their long-established freedoms, which typically include things like the right to graze animals on common land or trade without certain restrictions."
341,This bill proposes to legally require children to wear safety helmets when riding bicycles. It aims to protect young cyclists from serious injury by making helmet-wearing a requirement rather than just a recommendation.
342,"This bill would allow juries in Wales to use the Welsh language during court cases. Currently, jury trials in Wales must be conducted in English. The bill would give Welsh speakers the option to use their language, making the courts more inclusive for Welsh-speaking people in Wales."
345,"The Biodiversity Beyond National Jurisdiction Act 2026 enables the UK to ratify and implement an international agreement protecting marine life in ocean areas beyond any nation's control (international waters covering about half the world's oceans). The bill creates legal mechanisms for the UK to participate in a global framework that establishes marine protected areas, requires environmental impact assessments for ocean activities, and enables benefit-sharing from marine genetic resources. It effectively gives the UK a voice in governing and conserving the high seas while committing to enforceable conservation standards."
356,"The Borders, Citizenship and Immigration Act 2009 reformed UK immigration law by introducing a points-based system to manage skilled migration, strengthening border controls, and changing citizenship requirements. It gave the UK Border Agency enhanced powers to enforce immigration rules, introduced biometric technology for identity verification, and made it harder to obtain British citizenship by increasing residency requirements and introducing citizenship tests. The Act aimed to create a more selective immigration system that prioritises skilled workers while maintaining stricter security and identity controls."
366,"The Breast Cancer Screening (Review) Bill requires the government to conduct a comprehensive review of the NHS breast cancer screening programme, examining its current effectiveness, scope, and delivery. The review would assess whether screening guidelines (particularly age ranges and frequency) remain evidence-based and whether the programme is reaching all eligible women equitably. The bill aims to ensure screening recommendations reflect the latest medical research and address any gaps in access or uptake across different communities."
367,"This bill would change NHS policy to make breast cancer screening available to women under 40. Currently, the NHS mainly screens women aged 50-74, so this bill would extend that programme to include younger women."
368,"This bill focuses on breast cancer screening - the regular checks that help detect breast cancer early in women. It likely aims to improve, expand, or change how these screening services are delivered across the UK's NHS."
375,"This bill proposes to privatise the BBC, selling it from public ownership to private owners rather than keeping it as a publicly-funded service. Currently, the BBC is funded by TV licence fees paid by UK households. Under privatisation, it would operate as a private company, likely funded differently, such as through subscriptions or advertising."
376,"This bill proposes to privatise the BBC - changing it from a public service funded by TV licence fees into a private company. Currently, the BBC is owned by the public and funded by mandatory TV licence payments; this bill would end that arrangement and allow private ownership instead."
377,"This bill would end the BBC's status as a publicly-owned broadcaster and turn it into a private company or companies instead. Currently, the BBC is funded by TV licence fees paid by households and operates as a public service; this bill would change that system entirely."
378,"This bill would end the BBC's status as a publicly-owned broadcaster and convert it into a privately-owned company. The government would sell the BBC to private investors or a commercial operator, replacing the current licence fee system (where UK households pay an annual charge) with a different funding model. The bill fundamentally changes how the BBC operates, from a public service accountable to Parliament to a private enterprise accountable to shareholders."
391,"This bill aims to help British victims of terrorism get financial compensation by allowing the government to freeze money and assets belonging to terrorists or terror-linked groups, then use that money to pay victims. It's designed to make sure terrorists' wealth can't be kept and used, while helping those who have suffered from attacks."
392,"The British-Made Bricks (Proposals) Bill would establish new measures to support and promote the production of bricks manufactured within the United Kingdom. The bill likely includes provisions to define what qualifies as 'British-made,' set standards for domestic brick production, and potentially provide incentives or preferential treatment for British brick manufacturers in public procurement. It aims to strengthen the domestic brick industry and reduce reliance on imported bricks for construction projects."
395,"This bill keeps certain major sporting events on free-to-watch TV channels in the UK rather than allowing them to be shown only on paid subscription services. It creates a 'listed events' system so that famous competitions must include free coverage that all UK households can access, even if other channels also show the full event on subscription platforms."
400,"This bill would abolish the television licence fee - the annual charge that UK households must currently pay to watch live TV or use BBC iPlayer. Instead of this system, the BBC and other broadcasters would need to find different ways to pay for their services, such as advertising or subscription fees."
402,"This bill would abolish the television licence fee - the annual charge that UK households must pay to watch live TV and access BBC services. Instead of the current system where everyone pays a fee, the BBC would need to find other ways to fund itself, such as through subscriptions or government grants."
406,"The Budget Responsibility Act 2024 establishes stronger mechanisms for monitoring government spending and requiring Parliament to review long-term fiscal sustainability. The bill aims to create independent oversight of budget forecasts and spending plans, potentially including new reporting requirements on public debt trajectories. It seeks to ensure greater transparency around how government finances are managed and to prevent unsustainable spending commitments that could burden future generations. The legislation reflects concerns about maintaining fiscal discipline while managing competing demands for public services."
412,This bill asks the government to carry out a formal review of the Building Regulations - the set of rules that builders and architects must follow when constructing buildings. The review will look at whether these regulations are still fit for purpose and whether they need updating for modern times.
414,"The Building Safety Act 2022 introduces tougher safety standards and oversight for high-rise residential buildings in England. It requires better quality control during construction, regular inspections, and clearer responsibility for keeping buildings safe, particularly in response to fires like the Grenfell Tower tragedy."
422,"This bill proposes to set maximum working hours for bus drivers who work on local routes (buses that stop regularly in towns and cities, rather than long-distance coaches). It aims to protect drivers' health and wellbeing by preventing them from working excessive hours."
430,"This bill aims to require buses in the UK to become zero-emission vehicles, likely electric. It's designed to reduce air pollution from buses, which are used by millions of people daily, and help the UK meet its climate change goals."
431,"The Business and Planning Act 2020 is a temporary law that relaxes rules for businesses to use public outdoor spaces (like streets and pavements) for things like outdoor seating and serving food and drink. It was designed to help shops, cafes and restaurants operate during and after the COVID-19 pandemic by removing bureaucratic obstacles."
435,"This bill proposes creating a new 'Business of the House Commission' - a committee that would help organize and manage how Parliament conducts its business, such as planning debate schedules and coordinating parliamentary activities. It's designed to make Parliament more efficient and better organized."
439,"This bill requires the government to report to Parliament regularly about cancer research funding - how much money is being spent, where it's going, and what progress is being made. It's designed to make cancer research funding more transparent and accountable to MPs and taxpayers."
450,This bill gives the government and local councils new powers to regulate caravan sites - including where they can be built and how they're managed. It affects both permanent caravan residents and travelling communities who live in caravans.
451,"This bill changes the laws controlling caravan sites across the UK. It likely deals with things like safety standards, how sites should be managed, residents' rights, or planning rules - but without more details about the specific proposals, the exact impact isn't clear from the title alone."
458,"This bill sets legally binding targets to reduce carbon emissions from buildings in the UK, requiring the construction and property sector to achieve net zero emissions by a specified date. It establishes requirements for new buildings to meet strict energy efficiency standards and places obligations on owners of existing buildings to retrofit them with low-carbon heating systems, improved insulation, and renewable energy sources. The bill creates enforcement mechanisms and reporting requirements to track progress toward these targets, with financial penalties for non-compliance. It aims to decarbonise buildings, which account for approximately 25% of UK carbon emissions."
470,"This bill aims to create an official identification system for carers - people who look after elderly relatives, disabled family members, or seriously ill friends without being paid. The ID would help carers prove their status to get access to benefits, discounts, and services designed to support them."
483,"This bill requires ceramic products (like plates, bowls, and pottery) sold in the UK to have a clear label showing where they were made. It aims to help shoppers know if they're buying British-made ceramics or imports, and to support the UK ceramic industry."
500,This Act makes changes to the rules and powers around the Channel Tunnel Rail Link rail project. It adjusts legal arrangements and gives authorities additional powers needed to complete and manage the high-speed rail connection between London and the Channel Tunnel.
511,"This bill updates the laws about cheques in the UK. Cheques are old-fashioned payment methods, and the bill probably changes how banks handle them, who can use them, or how long they're valid for. The changes aim to reflect how payment methods have modernised."
527,"This bill would require the UK government to set a legal target for reducing child poverty and regularly report on whether they're meeting it. It aims to make tackling child poverty a legal requirement rather than just an optional goal, forcing lawmakers to take measurable action to help children in low-income families."
528,"This bill proposes to remove the two-child limit from the Universal Credit and Child Tax Credit systems, which currently restricts benefit payments to the first two children in a household. Under current rules, families receive no additional support from these benefits for a third child or beyond, regardless of financial need. If passed, the bill would allow all children in a household to qualify for their full entitlement to these benefits. The measure aims to reduce child poverty by increasing financial support to larger families."
532,"This Act strengthens the rules and powers used to make parents pay child support they legally owe. It gives authorities better tools to collect payments from parents who aren't paying, including potentially stronger penalties for non-payment, to ensure children get financial support from both their parents."
535,"The Childcare Act 2016 provides government-funded free childcare hours for eligible young children in England. It aims to help working parents afford childcare by offering 30 hours per week of free care for children aged 3-4, making it easier for parents to balance work and family life."
537,"The Childcare Payments Act 2014 allows the government to offer financial help to working parents to pay for childcare. It does this through tax-free childcare accounts where parents can save money to spend on approved childcare, reducing the cost of looking after their children while they work."
550,This bill aims to make the law clearer about who is responsible for looking after children who are in the care system (rather than with their parents). It would set out better rules about custody and decision-making to protect these vulnerable children and make sure they're properly cared for.
562,"The Children's Hospices (Funding) Bill establishes a dedicated, sustainable funding mechanism for children's hospices across the UK. These services provide specialist care for children with life-limiting conditions and support for their families. The bill likely commits government funding to ensure hospices can maintain and expand services without relying solely on charitable donations. This addresses a significant gap in healthcare provision for some of the most vulnerable children and their families."
570,"This bill aims to set up 'Citizens' Conventions' - groups of randomly selected members of the public who would meet to discuss and debate important policy issues, then provide recommendations to Parliament. It's designed to give ordinary people a direct say in how the country is run, beyond just voting in elections."
583,This bill would allow Civil Enforcement Officers (who handle parking and other civil breaches) and Traffic Wardens (who manage traffic flow and parking) to have their roles combined into one position in England. The aim is to make local enforcement simpler and potentially more cost-effective by having fewer separate job types.
584,"The Civil Liability Act 2018 changes the rules for personal injury claims (like car accident or slip-and-fall cases) in UK courts. It makes it tougher to win compensation by increasing the threshold of injury needed to claim, and it reduces the amounts people can receive, particularly for whiplash injuries."
585,"This bill proposes to make changes to the Civil Partnership Act 2004, which is the law that allows same-sex couples to have their relationships legally recognized. The bill is at the 2nd reading stage, where MPs debate whether the proposed changes are a good idea before voting on them."
586,"This bill proposes to update the Civil Partnership Act 2004, which is the law that lets same-sex couples (and now different-sex couples) enter into a legal partnership similar to marriage. The amendment would change some of the rules around civil partnerships, though the exact changes aren't specified in this basic information."
587,"This bill proposes changes to the Civil Partnership Act 2004, which is the law that lets same-sex couples form official legal partnerships with similar rights to marriage. The amendment would modify parts of this law, though the specific details of the changes would become clearer as the bill progresses through Parliament."
588,"This bill would change the law to allow opposite-sex couples to enter into civil partnerships, which currently are only available to same-sex couples. Civil partnerships provide similar legal rights and responsibilities to marriage but are a different legal status. The bill essentially extends this option to everyone, not just same-sex couples."
590,"This Act updates and modernises the laws about how civil partnerships (legal unions for same-sex couples), marriages, and deaths are officially registered in the UK. It makes changes to the registration process to reflect modern practices and hopefully simplify the system for ordinary people."
591,"This bill aims to set up a 'Code of Practice' - a set of official guidelines that companies must follow when removing or replacing dangerous cladding from buildings. Cladding is the outer material on buildings, and some types are unsafe, so this bill would make sure the repair work is done to a proper standard."
605,"This bill amends the Clean Neighbourhoods and Environment Act 2005 to strengthen local authorities' powers to tackle environmental crime and anti-social behaviour. It introduces new enforcement measures allowing councils to issue fixed penalties for littering, fly-posting, and graffiti offences, and expands their ability to prosecute environmental violations more efficiently. The amendments aim to improve local environmental standards and give councils more tools to maintain cleaner public spaces without requiring full court proceedings for minor offences."
610,"The Climate and Nature Bill is legislation designed to strengthen the UK's legal framework for meeting climate targets and protecting biodiversity. It establishes binding commitments to reduce greenhouse gas emissions to net-zero by 2050 and sets intermediate targets for 2030 and 2035. The bill also requires the government to implement nature recovery programmes, restore habitats, and monitor environmental outcomes through new enforcement mechanisms and statutory duties on public bodies."
612,The Climate Change Act 2008 is a law that requires the UK government to cut greenhouse gas emissions (pollution that causes global warming) by at least 80% by 2050. It sets five-year targets to track progress and creates an independent committee to advise the government on whether it's meeting its climate goals.
621,"This bill would establish a dedicated Climate Finance Fund to redirect money away from fossil fuel subsidies and pollution-related spending toward climate action and clean energy investment. The fund would be financed by removing or reducing government financial support for oil, gas, and coal industries, and by reallocating money currently spent managing pollution-related health and environmental costs. The bill aims to accelerate the UK's transition to renewable energy while reducing the hidden costs of fossil fuel dependence on the NHS, environment, and economy."
622,This bill aims to increase the use of CCTV cameras in the UK and promote their installation in public and private spaces. It would give the government powers to encourage monitoring through closed-circuit television as a method to combat crime and improve public safety.
623,"This bill establishes a framework for the expanded use and regulation of CCTV (closed-circuit television) systems across the UK. It aims to standardise monitoring practices, set requirements for how CCTV footage is stored and accessed, and promote investment in camera technology for public spaces, transport hubs, and potentially private premises. The bill creates oversight mechanisms to balance security benefits with privacy protections, and may include incentives for councils or businesses to install systems. It essentially creates clearer rules for who can use CCTV, how, and for what purposes."
624,"This bill would make it illegal in the UK to develop or acquire cluster munitions. Cluster munitions are weapons that open up in mid-air and scatter many smaller bombs across a large area, making them difficult to control and posing serious risks to civilians. The bill aims to prevent their use and creation in Britain."
636,"This bill would give unmarried couples who live together long-term some of the same legal rights that married couples currently have. Currently, if an unmarried partner dies or the relationship ends, the other person has very limited legal protection, this bill aims to change that."
645,"This bill would ban 'upward-only rent review clauses' in commercial leases (like shops and offices). Currently, some landlords can force tenants to accept rent increases but never decreases. This bill would prevent that, so rent could only stay the same or decrease when reviewed, giving business tenants more protection."
649,"This bill aims to repeal the Inclosure Acts, old laws from the 1700s-1800s that allowed landowners to fence off and privatise common land that communities previously shared. It would restore some of this land to common use, giving local people greater access and control over land in their area."
659,This bill is designed to give financial help to community amateur sports clubs - the local teams and groups where ordinary people play sports. It mainly does this by giving these clubs tax breaks and other support to make it cheaper for them to operate and help more people get involved in sports.
662,This bill aims to improve and expand community hospitals - smaller local hospitals that treat patients who don't need to go to large city hospitals. It would help keep basic healthcare services available in local areas across the UK.
663,"This bill creates a Community Wealth Fund - essentially a pot of government money designed to invest in and support local communities across the UK. The aim is to help build stronger local economies by supporting local businesses, creating jobs, and improving community services in areas that need it most."
676,This bill would make emergency first aid education a required part of the curriculum in all state-funded secondary schools in the UK. Every student would have to learn practical life-saving skills like how to help someone who is choking or unconscious.
680,"This bill changes the rules around 'confiscation orders' - court decisions to take away money, property, or possessions from people convicted of crimes. It aims to make these orders faster and easier to use, particularly in serious criminal cases, so criminals cannot keep or hide the proceeds of their illegal activities."
685,This Act allows the government to release money from the Consolidated Fund (the main government money account) to pay for essential public services and government operations when needed. It's essentially giving permission for day-to-day government spending to happen between major budget decisions.
691,"This Act gives the UK government official permission to spend taxpayers' money on running the country for the 2009-2010 financial year. It's basically the government's yearly 'shopping list' that Parliament approves, allowing them to pay for services like hospitals, schools, and the military."
698,"This bill would require the UK government to set up a constitutional convention - essentially a national discussion about how Britain's government and laws should work. Currently, much of the UK constitution is unwritten and based on tradition; this bill aims to bring people together to debate whether our system needs updating for modern times."
700,"This bill deals with 'parliamentary privileges' - the special rights and protections that MPs and House of Lords members have so they can do their job without fear. The bill aims to clarify what these privileges are and how they should be used, though the specific details would become clearer as the bill progresses through Parliament."
702,"This bill proposes changes to the UK's constitutional arrangements - essentially the basic rules and structures of how government operates. The bill is currently at an early stage (2nd reading) where MPs debate whether it's worth examining further, though the specific details of what reforms are included aren't provided in this information."
703,"This bill proposes changes to the UK's constitutional arrangements - essentially how our government is organized and run. The specific reforms aren't detailed here, but the bill is in early stages where MPs will debate what changes should be made to the constitution and whether they're necessary."
705,"This bill aims to review and update the UK's constitution (the rules and principles that govern how government works). The UK's constitution isn't written in one document like some countries have, so this bill would examine whether it needs modernizing to suit 21st-century Britain."
706,"This bill changes how construction companies handle 'retention money' - money that clients hold back from payments as security until work is finished. Instead of companies keeping this money themselves, the bill requires it to be held in protected deposit accounts, making sure workers and smaller suppliers actually get paid if something goes wrong."
719,This bill aims to stop companies from charging customers twice for a single purchase or service. It would make it illegal to double-charge consumers and give people clearer rights to claim refunds and compensation if a company takes their money more than once by mistake or on purpose.
726,This bill sets up a support scheme to help people who were harmed by contaminated blood products (mainly during the 1970s-1990s) and their families. It establishes how the government will provide compensation and financial help to infected individuals and those who lost loved ones due to this public health disaster.
727,"This bill creates a support scheme for people infected with HIV or hepatitis C through contaminated blood transfusions or blood products (a major health scandal in the 1970s-80s), and for families of those who died. It aims to provide financial compensation and access to healthcare support to help affected people and acknowledge the serious harm caused."
730,"This Act allows the government to use the 'Contingencies Fund' - a pot of emergency money - to pay for urgent, unexpected expenses without getting Parliament's approval first. The government must later tell Parliament what the money was spent on, but it can access the funds immediately when needed for genuine emergencies."
732,"This bill aims to boost renewable energy in the UK by making it simpler to build wind farms on land. It does this by introducing 'contracts for difference' - agreements that guarantee renewable energy companies a set price for their electricity, reducing their financial risk and encouraging investment in clean energy."
740,This bill aims to make conversion therapy illegal across the UK. Conversion therapy refers to attempts to change someone's sexual orientation or gender identity through treatments or practices - something medical experts say is harmful and ineffective. The bill would prevent people from offering or promoting these practices.
745,"This Act sets out the legal framework for how co-operatives and community benefit societies (businesses owned and run by their members for shared benefit) must be registered, managed, and operated in the UK. It ensures these organisations follow proper rules to protect members' money and interests."
746,"This bill aims to make it easier for co-operative and community benefit societies to invest in environmentally sustainable projects. These are organisations owned and run by their members (like credit unions or housing co-ops), and the bill would help them invest in things like renewable energy and green initiatives while still operating successfully."
747,"This bill updates and improves the legal framework for three types of organisations: co-operatives (businesses owned by workers or members), community benefit societies (organisations that benefit local communities), and credit unions (financial groups that lend money to members). The changes aim to make it easier for these groups to operate and grow while protecting members' interests."
748,"This Act sets out the legal rules for how co-operatives, community benefit societies, and credit unions should be run in the UK. It covers things like how they're registered, how they manage members' money, and what they must do to stay registered and trustworthy."
749,"This bill aims to help co-operatives (businesses owned and run by their members) and social enterprises (businesses that exist mainly to help society, not just make profit) grow stronger. It would provide them with better access to funding, training, and support to create more jobs and community benefits across the UK."
750,"This bill creates a new legal framework for co-operative housing, where groups of people can own and manage homes together rather than through traditional individual ownership or landlords. Members would share decision-making and costs, similar to how food co-ops or credit unions work, but applied to housing."
751,"The Co-operative Housing Tenure Bill establishes a new legal framework for co-operative housing in the UK, where residents collectively own and manage their homes rather than renting from a landlord or purchasing individually. The bill creates formal recognition of housing co-operatives as a distinct tenure type, sets out governance standards, and provides legal protections for co-operative members. It aims to make co-operative housing more accessible and sustainable by clarifying property rights, financing mechanisms, and member responsibilities within a regulated structure."
752,"This bill would allow schools in the UK to operate as co-operatives, meaning they're run jointly by staff, parents, and the community working together as equal partners. Instead of one person or organization controlling the school, everyone involved would have a share in decisions about how it's managed."
753,"This bill aims to encourage more UK workers to own a share of the companies they work for, similar to co-operative or mutual business models. The government would likely offer financial incentives to make it easier for employees to buy into their workplace, giving them a say in how the business is run."
754,"This bill allows co-operatives (businesses owned and run by their members together) to sell a new type of investment called 'permanent shares'. These are long-term investments where shareholders get a share of profits but less control than regular members, helping co-operatives raise money more easily."
755,"This Act updates the laws governing co-operatives (member-owned businesses), mutuals (member-owned financial organizations), and friendly societies (member-run insurance clubs). It aims to make it easier for these types of organizations to operate while keeping rules in place to protect the people who own and use them."
762,"The Coronavirus Act 2020 was emergency legislation that gave the government and public services special powers to handle the COVID-19 crisis. It allowed rules to be changed quickly, provided financial help to workers and businesses, and made it easier for the NHS to operate during the pandemic."
766,"This bill aims to change how coroners (officials who investigate unexplained deaths) decide whether a death was suicide. Currently, coroners must be 'sure beyond reasonable doubt' - the same standard used in criminal courts. The bill would clarify what evidence coroners should consider when making these difficult decisions."
787,"This bill aims to set and enforce better safety and quality standards for cosmetic surgery procedures (like breast implants, facelifts, and liposuction) across the UK. It would ensure clinics, surgeons, and facilities meet certain requirements to protect patients from harm and poor-quality treatment."
792,"This bill deals with council tax valuation bands - the system used to put homes into different groups (A through H) based on their value, which determines how much council tax you pay. The bill would make changes to how this valuation system works, though the specific details aren't yet clear at this early stage."
793,"This bill proposes to reform the council tax valuation bands system. Council tax is the local tax that households pay, and it's currently based on property values from 1991. The bill would likely update how homes are sorted into different value bands to reflect modern-day property prices."
798,"The Counter-Terrorism Act 2008 gives UK police and security services enhanced powers to investigate, monitor, and prevent terrorist activities. It includes measures like extended detention periods for suspects, better information-sharing between agencies, and tools to disrupt terrorist funding and planning."
799,"This Act strengthens UK laws against terrorism and border control. It gives police and security services more powers to investigate suspected terrorists, control who enters the country, and punish those involved in terrorism-related activities. It also creates new offences related to travelling abroad for terrorism purposes."
801,"This bill makes changes to the existing counter-terrorism laws from 2015. It adjusts how the government can monitor potential threats and deals with other security measures, though the specific amendments aren't detailed in the information provided."
802,"This Act toughens the UK's response to terrorism by increasing prison sentences for terror-related crimes, allowing courts to extend sentences for dangerous offenders, and giving authorities stronger powers to monitor and prevent terrorist activities. It aims to make it harder for terrorists to operate and to punish them more severely when caught."
806,"The Courts (Remote Hearings) Bill enables courts across England and Wales to conduct legal proceedings via video link and other remote technologies, rather than requiring all parties to be physically present in a courtroom. The bill provides a legal framework that allows judges to decide when remote hearings are appropriate, covering civil cases, criminal proceedings, and tribunal hearings. It aims to improve access to justice, reduce delays caused by geographical barriers or scheduling conflicts, and cut costs for court users. The bill maintains safeguards to ensure fair trials and allows judges to require in-person hearings when they believe it's necessary for justice."
811,This bill aims to identify and help people and businesses who didn't qualify for any of the government's Covid-19 financial support schemes during the pandemic. It would provide additional financial assistance to those who were left without help despite being affected by lockdowns and business closures.
812,This bill proposes to establish a system to compensate UK citizens who claim they have experienced serious health problems as a direct result of receiving a Covid-19 vaccine. It would create a process for people to apply for financial support if they can demonstrate vaccine-related harm.
813,"This bill proposes a system for people in the UK who believe they have suffered serious health damage from a Covid-19 vaccine to claim financial compensation. It would set out how people could apply for payments and what injuries would qualify for support, similar to compensation schemes that exist for other medical treatments."
814,"This bill proposes to create or change a system for handling claims from people who say they've been harmed by Covid-19 vaccines. It would set up a process for these claims to be assessed and potentially for people to receive compensation, similar to schemes that exist for damage caused by other medicines."
815,"This bill would establish a compensation scheme for people who have suffered serious adverse health effects they believe were caused by Covid-19 vaccines. It would create a legal framework allowing individuals to claim damages without having to prove negligence by vaccine manufacturers or the government. The scheme would cover medical costs, loss of earnings, and other damages for those who can demonstrate a causal link between vaccination and their injury. This differs from the existing Vaccine Damage Payment scheme, which has strict eligibility criteria and provides only £120,000 maximum compensation."
816,"This bill would create a new government compensation scheme for people who have suffered serious, lasting health damage that they believe was caused by receiving a Covid-19 vaccine. Similar schemes already exist for other vaccines, and this would work in a comparable way, with the government providing financial payments to approved claimants."
817,"This bill would set up a system to pay money to people in the UK who suffered serious health damage that they can prove was caused by a Covid-19 vaccine. It's similar to existing schemes for other vaccines, and would help affected people with costs like medical treatment and income they lost while unwell."
818,This bill would establish a system to pay compensation to people in the UK who believe they have suffered serious health damage as a direct result of receiving a Covid-19 vaccine. It's similar to existing schemes that compensate people harmed by other medicines or vaccines.
819,"This bill establishes a compensation scheme for people who have suffered severe adverse health effects from Covid-19 vaccines administered in the UK. It creates a legal framework and funding mechanism to provide payments to vaccine-injured individuals without requiring them to prove negligence or fault on the part of vaccine manufacturers or the NHS. The scheme would operate similarly to existing vaccine damage payment schemes, offering financial support to those who meet specific medical criteria for serious injury. The bill aims to provide a faster, more accessible route to compensation than pursuing traditional legal claims."
820,This bill gives the government legal authority to diagnose Covid-19 infections and provide vaccine treatments to UK citizens. It's currently being debated in Parliament to decide whether these powers should be formally approved in law.
821,"This bill gives the government legal authority to diagnose Covid-19 and provide vaccine treatments to the public. It's currently being debated in parliament to decide whether these powers should be formally approved, extended, or changed in some way."
823,"This bill aims to add new financial regulations to combat child sexual abuse material by requiring banks, payment systems, and credit providers to better monitor and prevent their services being used for CSAM-related crimes. It focuses on cutting off the money flow that supports this illegal activity."
831,"The Crime and Policing Bill is a legislative package designed to strengthen law enforcement powers and modernise the police service across England and Wales. It typically includes measures to expand police stop-and-search authorities, introduce new criminal offences (particularly around protest activities), enhance sentencing powers, and reform police conduct procedures. The bill aims to give officers additional tools to combat crime and anti-social behaviour while addressing public concerns about safety and disorder."
834,"This bill would allow members of the public to petition Parliament to trigger a review of criminal cases through the Criminal Cases Review Commission (CCRC). Currently, only the CCRC itself can decide which cases to investigate for potential miscarriages of justice. The bill creates a formal mechanism for citizens to submit evidence of potential wrongful convictions and require the CCRC to consider these petitions seriously. This could increase public scrutiny of the criminal justice system and potentially lead to more cases being re-examined for procedural errors or new evidence."
843,"This bill requires a formal review of the Criminal Injuries Compensation Authority (CICA), the public body that awards compensation to victims of violent crime in England, Scotland, and Wales. The review would examine how the CICA operates, including its decision-making processes, eligibility criteria, award levels, and efficiency. The bill aims to assess whether the current system adequately serves crime victims and whether changes are needed to improve how compensation claims are handled and processed."
844,This bill asks Parliament to take a close look at the Criminal Injuries Compensation Scheme - the system that gives money to people who have been victims of violent crime. A review would check if the scheme is still fair and fit for purpose in 2024.
852,"This bill changes the rules about criminal records in the UK. It likely focuses on things like: which convictions should be disclosed, how long records are kept, and whether people with old convictions can have them hidden from employers or the public. The exact details matter a lot - this is why Parliament is debating it."
858,"The Crossrail Act 2008 is a law that allows the government to build a new high-speed railway line running east to west across London and into surrounding areas. It gives the project legal permission and powers to acquire land, manage construction, and operate the new railway service (now known as the Elizabeth Line)."
860,"This bill would change the rules about who can work for the Crown (government and public sector organisations). Currently, most Crown jobs must go to British citizens, but this bill would allow non-British citizens to apply and work in these positions."
861,"This bill would change the rules so that non-British citizens can apply for and work in jobs for the Crown (the UK government and its organizations). Currently, most of these jobs require you to be a British citizen, but this bill would relax that requirement to open up employment opportunities to people from other countries."
872,"This bill requires organisations that fall victim to ransomware attacks or cyber extortion to report the incident to the relevant authorities within a specified timeframe. It aims to create a comprehensive database of cyber threats targeting UK businesses and institutions, helping law enforcement and cybersecurity agencies identify patterns, track criminals, and coordinate responses. The bill likely includes penalties for non-compliance and may establish exemptions for cases where reporting poses genuine security risks. By mandating disclosure, the government seeks to improve situational awareness of cyber threats and strengthen the UK's collective defence against organised cybercriminals."
873,"This bill updates UK cyber security law by replacing the outdated Network and Information Systems Regulations 2018 with new, stricter requirements for organisations that provide essential services and digital infrastructure. It requires critical sectors, such as energy, water, healthcare, and financial services, to implement stronger security measures, report cyber incidents faster, and comply with regular security audits. The bill also expands protections to cover more businesses in the digital sector and gives regulators stronger enforcement powers to penalise non-compliance, aiming to reduce vulnerability to cyber attacks that could harm public safety and national security."
878,"This bill aims to improve how people suffering from asbestos-related illnesses can claim financial compensation. Asbestos is a dangerous material that was widely used in buildings and products; this bill would make it fairer and simpler for victims to get money from those responsible for their exposure, particularly in cases where the original source is unclear or the responsible company no longer exists."
886,"This bill proposes amendments to the Dangerous Dogs Act 1991, which currently restricts ownership of certain dog breeds deemed high-risk (including pit bull type dogs). The amendments would modify how dangerous dogs are identified, regulated, and managed. The specific changes would depend on the amendment's provisions, potentially altering breed-specific legislation, changing assessment procedures, or adjusting penalties for owners. The bill aims to update 30+ year old legislation to reflect current dog behaviour science and public safety standards."
889,"The Data (Use and Access) Act 2025 reforms how organisations in the UK can collect, use, and share data. It establishes new rules giving individuals greater control over their personal information, requiring companies to be more transparent about data use, and creating pathways for researchers and public bodies to access data more easily for legitimate purposes like health research and policy-making. The bill aims to balance privacy protection with enabling beneficial uses of data by establishing clearer legal frameworks and enforcement mechanisms."
896,"This bill proposes changing how the UK manages daylight saving time, the practice of moving clocks forward an hour in spring and back an hour in autumn. Rather than continuing this twice-yearly switch, the bill would likely introduce permanent clock times, meaning we'd either stay on one time year-round or change how the system operates. The exact changes depend on which version of the bill passes through Parliament."
899,"The Debt Relief (Developing Countries) Bill enables the UK government to write off or reduce debts owed by developing countries, typically through bilateral agreements or multilateral initiatives. The bill provides the legal framework for the government to forgive loans that developing nations cannot feasibly repay, with the aim of freeing up resources in those countries for essential services like healthcare and education. This would apply to debts owed directly to the UK government rather than private creditors, and would likely be coordinated with other creditor nations to ensure fair burden-sharing."
954,"This bill would transfer power over employment and workplace rules from the UK Parliament in Westminster to the Scottish Parliament in Edinburgh. It would allow Scotland to set its own employment laws rather than following UK-wide rules, giving Scottish politicians more say over how work is regulated in Scotland."
959,This bill aims to transfer more government power from Parliament in London to local councils and regional authorities across England. It would let different areas make more decisions about their own services and policies rather than following one-size-fits-all rules set by central government.
975,"This Act allowed the UK government to give broadcasters and companies information about where people lived during the digital TV switchover (around 2008-2012). The information helped these companies contact people who needed help moving from old analogue TV signals to new digital ones, but it meant sharing personal data on a large scale."
976,"This bill aims to require that digitally altered images, particularly those that change body shape, size, or appearance, are clearly labeled or marked so viewers know they've been edited. The goal is to tackle the negative effects of unrealistic filtered images on people's self-image and mental wellbeing, especially among young people."
977,"This bill aims to tackle the problem of heavily filtered and edited body images on social media and in adverts. It would require that digitally altered images - like those with smoothed skin, reshaped bodies, or extreme filters - must be clearly labelled so viewers know they're not realistic. The goal is to protect people's mental health, especially young people who might feel pressured to look like impossible edited versions of real bodies."
978,This bill would require the UK's diplomatic service (embassies and government representatives abroad) to prioritize serving UK-produced wines and sparkling wines at official events and functions. It's designed to support British wine producers by giving their products prominence when the country is representing itself internationally.
985,"This bill aims to tackle the employment gap for disabled people in the UK. It would likely introduce measures to help disabled people get jobs and stay in work, addressing the fact that disabled people are less likely to be employed than non-disabled people."
988,"This bill asks the government to review Disabled Facilities Grants - money that helps disabled people pay for home improvements like ramps, grab rails, or accessible bathrooms. The review would check if the system is working properly and if changes are needed to make it better for disabled people and their families."
993,"This bill aims to make it a crime to leave needles abandoned in public spaces like streets, parks, or beaches. It would introduce legal penalties for people who discard needles irresponsibly, with the goal of reducing the risk of needle-stick injuries that can spread serious diseases like HIV and hepatitis."
995,This bill aims to control or ban the sale and use of single-use disposable barbecues (the small charcoal ones sold in shops). It's designed to reduce the risk of wildfires and accidental fires in outdoor spaces where these barbecues are often left unattended or not properly extinguished.
996,"This bill aims to address the problems caused by disposable barbecues, such as wildfires, injuries, and litter in outdoor spaces, by restricting their sale or use. It's a response to incidents where cheap, single-use barbecues have caused damage to landscapes and put people at risk."
997,"This bill would make it illegal to sell disposable e-cigarettes in the UK. Currently, people can buy single-use vapes that are thrown away after the battery runs out. The bill aims to stop this by prohibiting their sale, similar to how some other countries have already done."
1000,"This Act changed the rules about when UK general elections happen. Instead of elections being automatically held every five years on a fixed date, it gives the Prime Minister more freedom to decide when to call an election (within certain limits). Essentially, it replaced the Fixed-term Parliaments Act 2011, which had locked election dates in place."
1005,"This bill changes the financial rules for divorce in England and Wales. When married couples split up, they have to divide their money, pensions, and property - this bill would alter how those decisions are made by the courts."
1015,"This bill aims to encourage and support British doctors and nurses to work in developing countries. It likely removes barriers that prevent medical staff from taking time to help in poorer nations, either through voluntary work, short-term placements, or aid programmes."
1033,"This bill strengthens consumer protections for people commissioning domestic building works (such as extensions, renovations, and repairs to homes). It establishes clearer standards for builder conduct, requires better transparency in contracts and pricing, and creates enforcement mechanisms to hold builders accountable for poor workmanship or non-completion. The bill aims to reduce disputes between homeowners and builders by setting baseline requirements for qualifications, insurance, and dispute resolution before work begins."
1036,"This bill proposes to lower the Value Added Tax (VAT) on domestic energy - the tax people pay when they buy gas and electricity for their homes. Currently VAT is charged at the standard rate; this bill would reduce it, meaning households would see lower energy bills."
1038,"This bill proposes to reduce the Value Added Tax (VAT) rate on domestic energy bills, electricity, gas, and heating oil for household use, from the current 5% to 0%. The measure aims to lower household energy costs by removing the VAT charged on these essential utilities. The bill would apply to residential customers and is intended to help reduce energy bills during a period of high energy prices and to ease the cost-of-living burden on UK households."
1039,"This bill requires the government to launch a formal call for evidence on how to improve energy efficiency in UK homes. Rather than implementing specific new policies immediately, it first gathers information from experts, businesses, homeowners, and other stakeholders about what measures work best and are most cost-effective. The bill aims to inform future policy decisions on reducing household energy consumption and carbon emissions through better insulation, heating systems, and building standards. It essentially pauses for data collection before major legislative changes are made to domestic energy efficiency requirements."
1040,"This bill aims to improve how much energy UK homes waste by making them more efficient. It would likely involve government support (possibly funding or grants) to help people upgrade their homes with better heating, insulation, and other energy-saving improvements."
1044,"This bill sets rules to make homes more energy-efficient by reducing wasted heat and power. It likely requires homes to meet certain energy performance standards, similar to how cars have fuel efficiency ratings, to help people save money and protect the environment."
1054,"This bill aims to introduce stronger penalties specifically for people caught drink driving for a second or subsequent time. It's designed to punish repeat offenders more severely than first-time offenders, with the goal of stopping people from drink driving again and making roads safer."
1058,"This bill aims to automatically suspend driving instructors from their job if they are convicted of sexual offences. It's designed to protect learner drivers, particularly young and vulnerable people, by keeping convicted offenders out of one-on-one teaching situations where they have power over their students."
1060,"This bill makes changes to the laws about driving offences (breaking driving rules). However, the specific details of what is being changed aren't clear from the information provided - Parliament would need to see the full bill text to understand exactly what driving offences are being added, removed, or changed."
1071,"This bill allows police officers to conduct roadside drug tests on drivers they suspect of being under the influence of drugs. It aims to catch drug-impaired drivers quickly and reduce drug-driving accidents, similar to how current breath tests work for alcohol."
1103,"This bill aims to change education law so that students' non-religious philosophical beliefs (such as humanism, atheism, or secular worldviews) receive the same legal recognition and protection that religious beliefs currently have in schools. Currently, the law mainly focuses on protecting religious convictions, so this bill would extend those same safeguards to non-religious students."
1104,"This bill aims to improve how schools and councils support students with special educational needs - those who have disabilities, learning difficulties, or other challenges affecting their education. It likely changes rules about how these students are assessed, what help they receive, and how schools fund and deliver this support."
1106,"This bill would require schools in England to actively teach and promote 'British values' as a core part of the curriculum. It seeks to embed values such as democracy, the rule of law, individual liberty, and mutual respect across all educational settings. The bill aims to ensure that students develop a stronger understanding of British civic culture and constitutional principles. Schools would need to demonstrate how these values are integrated into teaching, potentially through dedicated lessons, assemblies, or cross-curricular approaches."
1128,"This bill would require people to prove who they are by showing identification before they can vote in UK elections. Currently, voters don't need to show ID - they just give their name and address. The bill would change this rule, though the exact type of ID accepted hasn't been fully detailed yet since it's still at an early stage."
1141,"This Act changed how people register to vote in the UK. It moved away from a household-based system to individual voter registration, meaning each person must now register themselves rather than one person registering everyone at an address. It also updated various rules about elections and how they are run."
1142,"This bill would change UK law to allow electric personal vehicles (such as e-scooters and electric skateboards) to be legally used on public roads and highways. Currently, most of these vehicles aren't allowed on roads, and this bill aims to create rules so they can be used safely alongside cars and pedestrians."
1143,"This bill would make it legal for people to use electric personal vehicles (such as e-scooters and electric skateboards) on highways and public roads in the UK. Currently, many of these vehicles exist in a legal grey area, so this bill would set clear rules about how and where they can be used."
1150,"This bill establishes legal standards and regulations for electrically assisted pedal cycles (e-bikes) in the UK. It defines what qualifies as an e-bike, sets safety and performance requirements, and clarifies where and how they can be used on public roads and paths. The bill aims to create consistency across the country while balancing the growth of e-bike usage with road safety and environmental goals."
1151,This bill requires the government to carry out a formal review of the UK's electricity grid - the network of cables and equipment that brings power to our homes and businesses. The review will check if the grid is fit for the future and working as efficiently as possible.
1155,"This bill aims to control how e-cigarettes are advertised and who can buy them in the UK. It would set a legal age limit for purchasing e-cigarettes (like we have for cigarettes) and restrict how companies can advertise these products, particularly to prevent them reaching young people."
1156,"This bill would introduce new laws to control how e-cigarettes are branded, promoted and advertised in the UK. It aims to restrict things like adverts, sponsorships and eye-catching packaging, with the main goal of preventing young people from being attracted to e-cigarettes and potentially getting addicted to nicotine."
1157,"This bill aims to bring in new rules for e-cigarettes and vaping products in the UK. It would control things like where they can be sold, how they're advertised, age restrictions for buyers, and possibly the ingredients allowed in them. The goal is to protect young people from vaping while balancing the needs of adults."
1158,"This bill introduces new regulations for electronic cigarettes and vaping products in the UK. It gives the government powers to control how e-cigarettes are made, packaged, advertised, and sold to protect public health, especially to prevent young people from using them."
1159,"This bill aims to make it easier for doctors and hospitals across the NHS to access and share electronic patient records with each other. The goal is to improve continuity of care by ensuring that all healthcare professionals treating you have access to the same up-to-date medical information, rather than having records scattered across different systems."
1161,"This bill would require schools in England to teach emergency and life-saving skills as part of the curriculum. Students would learn practical techniques including cardiopulmonary resuscitation (CPR), the recovery position, how to use automated external defibrillators (AEDs), and how to respond to choking, bleeding, and other medical emergencies. The bill aims to equip young people with knowledge that could help them save lives in emergency situations before professional medical help arrives."
1180,This bill aims to give workers on zero-hours contracts (where employers don't guarantee any minimum hours) the right to a guaranteed minimum number of working hours each week. This would make their pay and schedules more predictable and stable.
1181,"This bill would legally require employers to make reasonable changes to help people who are carers keep their jobs. For example, a worker caring for an elderly parent could ask for different hours or work-from-home options, and their employer would have to seriously consider this request rather than refuse it."
1183,"This bill aims to protect workers from being unfairly dismissed and then re-hired on worse terms. It targets a practice where employers fire workers (especially union members) and offer them their job back with lower pay or worse conditions, forcing workers to accept or lose their job. The bill would make this tactic illegal or more difficult."
1184,"This bill aims to protect workers from being dismissed and then rehired on worse conditions, particularly those involved in trade union activities. It stops employers from using dismissal and re-engagement as a way to reduce pay, change contracts, or weaken workers' rights."
1186,"This bill gives the Welsh Government greater control over employment support services in Wales, rather than these services being run by the UK Government. It allows Wales to design and deliver its own job-support schemes to help unemployed and disadvantaged people find work."
1188,"This bill aims to stop employers from treating people unfairly at work because of their insurance status or medical history. It would make it illegal to refuse someone a job, deny them promotion, or treat them badly based on insurance-related factors, similar to existing protections against discrimination."
1195,"This bill proposes changes to employment law in the UK - the rules that govern how employers and employees should treat each other at work. The exact details of what it changes aren't fully specified here, but it's currently being debated in Parliament to decide if it should become law."
1204,"This bill aims to expand parental leave rights so both mothers and fathers can share time off after having a baby, and to strengthen workers' rights to request flexible working arrangements (like part-time hours or working from home). The goal is to help parents balance work and family life more easily."
1206,"This bill aims to give clearer legal definitions of different types of employment status in the UK. Currently, the rules about who counts as an employee versus self-employed can be confusing, so this bill tries to make it simpler and fairer for both workers and businesses."
1207,"The Employment Status (Review) Bill creates a mechanism to review and clarify the employment status of workers in the UK, particularly those in ambiguous positions like gig economy workers, freelancers, and contractors. The bill aims to establish clearer definitions and tests to determine whether individuals should be classified as employees, workers, or self-employed, which affects their rights to minimum wage, holiday pay, and pension contributions. It may introduce a statutory definition or review process to resolve disputes about employment classification that currently create uncertainty for both workers and employers. The legislation responds to growing concerns that many workers lack basic protections because their status remains legally unclear."
1211,"The Energy Act 2016 reformed the UK's energy market to accelerate the transition to low-carbon electricity and reduce emissions. It introduced the Contracts for Difference scheme, which guarantees stable prices for renewable energy generators, making investment in wind, solar, and nuclear power more attractive. The Act also reformed electricity market rules, enhanced consumer protections, and established the Oil and Gas Authority to regulate North Sea energy production more efficiently."
1222,"This bill aims to protect vulnerable energy consumers by introducing two main measures: regulating pre-payment meter charges to prevent users from paying significantly more than standard customers, and requiring energy suppliers to offer affordable 'social tariffs' to low-income households. Pre-payment meters currently often charge higher unit rates despite being used disproportionately by poorer households, and this bill seeks to cap that premium. The social tariff requirement would create a dedicated low-cost energy option for struggling families, similar to schemes already operating in some European countries."
1224,"This bill sets energy efficiency standards for Houses in Multiple Occupation (HMOs) - these are homes rented out to several unrelated people, like student houses or shared flats. It would require landlords to make improvements such as better insulation and efficient heating to reduce energy waste and costs for tenants."
1225,"This bill aims to help reduce energy waste in buildings and make energy bills cheaper for people across the UK. It would likely set new standards for how efficiently homes and businesses use energy, and potentially introduce programmes or requirements to improve insulation, heating systems and other energy-saving measures."
1229,"This bill aims to tackle two problems at once: reducing carbon emissions from energy production to fight climate change, and making sure more people can afford to heat their homes properly. It would put new requirements on energy companies and direct money towards making homes warmer and more energy-efficient."
1230,"This bill aims to help the UK use energy more efficiently and cost-effectively. It would introduce measures to reduce energy waste and help people and businesses lower their energy bills, likely through improved standards for buildings, appliances, or energy practices."
1233,"This bill aims to protect off-grid households from high energy prices. Many rural homes can't access mains gas, so they rely on expensive alternatives like heating oil and LPG. The bill would introduce measures to make these energy sources more affordable and fair in price, similar to how on-grid households benefit from regulated gas prices."
1235,"This bill proposes changing how the UK uses daylight saving time (clock changes) to save energy. Currently we change clocks twice a year - the bill would either stop these changes or make daylight saving permanent, aiming to use natural daylight better and reduce energy costs."
1236,"The English Devolution and Community Empowerment Bill transfers powers from central government to local areas and communities across England. It enables regions to have greater control over decisions affecting them, such as economic development, transport, and public services, through devolved authorities. The bill also strengthens community involvement in local decision-making by giving residents and organisations more say in how public money is spent and services are delivered. This represents a shift toward 'levelling up' by allowing different areas to develop policies suited to their specific needs rather than following one-size-fits-all Westminster approaches."
1241,"The Environment Bill sets new laws to protect the UK's air, water, and wildlife. It creates responsibilities for the government and businesses to meet environmental targets, tackle pollution, and restore natural habitats. It also aims to reduce single-use plastics and improve recycling."
1245,This bill aims to improve how fly-tipping (illegally dumping rubbish on land) is reported and dealt with. It would likely create better systems for people to report fly-tipping and help councils and environmental agencies track and stop it more effectively.
1257,"This bill would change the rules around titles (like 'Lord', 'Lady', 'Sir', 'Dame') so that people can use titles that match their gender identity rather than being locked into titles based on their sex at birth. It's designed to make titles more inclusive for transgender and non-binary people."
1270,"The E-scooters (Review and Awareness) Bill requires the government to conduct a comprehensive review of e-scooter use and safety across the UK, and to launch a public awareness campaign about the risks and regulations. The bill focuses on gathering data about e-scooter accidents, injuries, and usage patterns, while also improving public understanding of where e-scooters can legally be used. It does not directly introduce new laws or bans, but instead mandates investigation and education to inform future policy decisions."
1271,"This bill aims to ban 'essay mills' - companies that write essays and assignments for students in exchange for money. It would make it illegal to provide or use these services, helping to stop cheating in universities and colleges across the UK."
1289,"This Act requires the UK Parliament to hold referendums (public votes) before the government can agree to major new powers for the European Union or significant changes to UK-EU relations. It's designed to make sure big EU decisions are approved by British voters, not just politicians."
1300,This Act allows the UK Parliament to approve Croatia's membership in the European Union and gives Ireland an opt-out from certain EU justice and law enforcement rules. It's mainly a formal legal step to update UK law to match these EU changes.
1305,"This bill is designed to make sure Parliament carefully considers all the ways that leaving the EU will affect the UK - including changes to laws, trade agreements, and people's rights. It aims to ensure the government plans properly for these big changes rather than rushing decisions."
1307,"This bill aims to make sure the UK government gives Parliament and citizens more information about European Union matters. It would require the government to be more transparent and open about EU-related decisions, negotiations, and their impacts on the UK."
1308,"This bill sets out new rules for how the UK government must collect, store, and share information about European Union matters. It aims to make sure Parliament and the public can access EU-related documents and information more easily after Brexit."
1310,This bill requires the UK government to provide more public information and reports about European Union issues and activities. It aims to increase openness and allow Parliament and citizens to better understand what the government is doing regarding EU-related matters.
1324,"This bill provides the legal framework for the UK to leave the European Union under the withdrawal agreement negotiated between the UK government and the EU. It implements the agreement that was finalized in October 2019, which includes a transition period (now ended) during which UK-EU relations would be governed by existing EU law. The bill ratifies the withdrawal agreement in UK law, establishes the legal mechanisms for the transition, and creates provisions for the UK-EU relationship after this period ends. Essentially, it makes the negotiated Brexit deal enforceable under British law."
1329,"This Act gave Parliament the legal power to block a no-deal Brexit and required the government to ask for more time from the EU if no agreement had been reached by October 31st, 2019. Essentially, it stopped the Prime Minister from forcing the UK out of the EU without a deal that Parliament had approved."
1345,"This bill sets up a transition (or 'implementation') period after Brexit where the UK temporarily keeps following EU rules and laws while both sides negotiate what their relationship will be like in the future. Think of it as a bridge period rather than an immediate cliff-edge change, giving businesses and government time to prepare for the new arrangements."
1358,"This bill aims to allow government officials and public bodies more freedom to make sensible decisions based on individual situations, rather than mechanically following strict rules in every case. It would give decision-makers permission to use reasonable judgment when they think it's fair and appropriate to do so."
1368,"This bill would make it illegal for people to wear face coverings that hide their identity in public spaces across the UK. It would prevent people from wearing items like full-face masks, veils, or hoods in most situations, with potential exceptions for safety equipment or medical reasons."
1380,This bill aims to help people in debt by requiring fee-charging debt management companies to promote free debt advice services instead. The goal is to make sure people know they can get help with their debts without having to pay money to a company.
1385,"This bill would create a legal right for employees undergoing fertility treatment to take paid time off work for medical appointments and procedures. It would require employers to grant reasonable time off for activities such as clinic visits, egg collection, embryo transfer, and related treatments, without loss of pay or penalties to employment status. The bill aims to reduce the financial and practical barriers that prevent people from accessing fertility treatment, which can be time-intensive and emotionally demanding. It would apply across the UK to employees in both public and private sectors."
1415,"The Financial Assistance to Ukraine Act 2025 authorizes the UK government to provide financial aid to Ukraine, likely including grants, loans, or both to support Ukraine's government operations, military defence, and post-conflict reconstruction. The bill establishes a legal framework allowing Treasury spending on Ukrainian assistance without requiring individual parliamentary votes for each disbursement. This enables the UK to respond quickly to Ukraine's evolving needs during its conflict with Russia and contribute to Ukraine's long-term stability and recovery."
1416,"The Financial Education Bill aims to improve financial literacy among UK citizens by mandating financial education in schools and establishing frameworks for public financial awareness programmes. The bill requires schools to teach practical money management skills, including budgeting, savings, debt management, and investment basics, as part of the curriculum. It also establishes funding mechanisms for financial education initiatives targeted at underserved communities and vulnerable groups. The legislation seeks to reduce financial exclusion and improve long-term economic wellbeing by ensuring citizens have foundational knowledge about managing personal finances."
1429,"This bill gives financial regulators stronger powers to supervise and control how derivatives (bets on future prices of things like oil, currencies, or shares) are bought and sold in the UK. It aims to make the financial system safer by preventing excessive risk-taking with these complex products."
1438,"This bill aims to make sure people living in or visiting buildings have clear, easy-to-access information about how to escape safely in a fire. It would require buildings to better communicate fire safety rules and procedures so everyone knows what to do in an emergency."
1440,"This bill strengthens protections by requiring firearms and shotgun licensing authorities to consider domestic violence history when deciding whether to grant or renew licenses. It mandates that anyone with a conviction or restraining order related to domestic violence faces automatic scrutiny in the licensing process, and authorities must actively share relevant information between agencies. The bill aims to prevent individuals with a pattern of domestic abuse from accessing firearms, recognizing that domestic violence is a significant risk factor for firearm-related harm."
1445,"This bill aims to tighten the rules around firearm ownership and increase penalties for crimes where someone is attacked because of their race, religion, sexuality, or other characteristics. It combines two policy areas to try to reduce both gun-related harm and hate-based violence in the UK."
1446,"This bill aims to tighten the rules around who can own firearms (guns) and to increase penalties for crimes where the victim is targeted because of their identity, such as their race, religion, disability, or sexual orientation. It combines two separate issues: making firearm ownership stricter and making hate-motivated crimes punished more severely."
1450,"This bill makes changes to the Fireworks Act 2003, which is the law controlling fireworks in the UK. The exact changes aren't detailed here, but the bill would update or modify some of the existing rules about fireworks - for example, this could involve stricter safety checks, age limits, or when fireworks can be used."
1458,This bill aims to regulate Fixed Odds Betting Terminals - the fast-spinning electronic gambling machines in betting shops. It seeks to make them safer by limiting how much money people can bet at once and introducing other measures to protect people from addiction and financial harm caused by problem gambling.
1462,"This bill removes the law that set elections to happen every 5 years on a fixed date. If it passes, Prime Ministers will go back to being able to call elections whenever they want (within a 5-year limit), as they could do before 2011."
1463,This bill removes the rule that requires general elections to happen every 5 years on a fixed date. It would let the Prime Minister call elections whenever they want (within a 5-year limit). This reverses a previous law called the Fixed-term Parliaments Act from 2011.
1466,"This bill removes a 2011 law that made UK general elections happen automatically every 5 years. If passed, Prime Ministers would go back to having the power to decide when to call an election (within a maximum 5-year limit), rather than elections happening on a fixed date."
1469,"This bill aims to make it easier for UK workers to request flexible working arrangements such as remote work, part-time hours, or different schedules. It would require employers to take these requests seriously and only refuse them for genuine business reasons, giving employees more say in how they work."
1470,"This bill aims to give UK workers the right to request flexible working arrangements (such as working from home, part-time hours, or different times) more easily. Currently, workers can request this but employers can refuse. The bill would strengthen these rights and potentially require employers to have good reasons if they say no."
1475,"This bill proposes setting up a parliamentary committee to investigate foetal sentience - whether an unborn baby can feel pain or sensations, and at what stage of pregnancy this might happen. The committee would gather scientific evidence to help inform future policy decisions about abortion and pregnancy care."
1477,This bill aims to address food insecurity in the UK - meaning situations where people struggle to afford enough healthy food. It would likely create new policies or support systems to help vulnerable people access food and reduce hunger across the country.
1478,"This bill aims to improve how food is labelled in shops by requiring clearer, more detailed information on packaging. It could include things like nutrition information, allergen warnings, or country-of-origin labels to help UK shoppers make better-informed decisions about their food."
1479,This bill would require food packaging to display labels showing the environmental impact of what you're buying - such as how much carbon was used to produce it or how much water it needed. It aims to help people understand and choose more sustainable food options.
1481,"This bill would require food manufacturers to provide clearer, standardized nutrition information on food packaging and restrict health claims made on food labels. It aims to help UK consumers make more informed dietary choices by making calorie, fat, sugar, and salt content more visible and consistent across all products. The bill also establishes rules about which health claims (such as 'low fat' or 'heart healthy') manufacturers can legally make, requiring them to be backed by scientific evidence. These measures are designed to address obesity, diet-related diseases, and misleading marketing in the food industry."
1484,"This bill proposes to update the regulations that control how food packaging must be labelled in the UK. It would change what information food companies must display on their packaging - such as ingredients, allergens, or how healthy the food is - though the exact changes aren't specified in this basic description."
1486,This bill would require the UK government to develop a formal strategy to address food poverty - the problem of people not being able to afford enough nutritious food. It's about creating an official plan to identify the causes of food poverty and set out how the government will tackle it.
1488,"This bill establishes new regulatory controls over food products sold in UK markets and strengthens requirements for public sector food procurement (such as in schools, hospitals, and prisons). It likely includes measures to set standards for food quality, labelling, and safety; potentially restricts certain products or ingredients; and requires public institutions to meet specific sourcing or nutritional criteria when purchasing food. The bill aims to protect consumers, support domestic producers, and improve nutritional standards in publicly-funded settings."
1495,"This bill aims to introduce new government rules and oversight for English football clubs. It would likely cover areas such as financial rules, spending limits, ownership standards, and how clubs are managed - similar to how other industries are regulated to protect fans, players, and the sport's future."
1504,"This bill gives the government new powers to control who attends football matches and other sports events, mainly to reduce crowd violence and anti-social behaviour. It allows for things like banning troublemakers from stadiums and potentially requiring ID cards for entry."
1510,This bill would give the UK government stronger powers to exclude or remove foreign nationals (non-British citizens) from the country if they commit certain crimes. It aims to speed up the process of getting foreign criminal offenders out of the UK.
1513,"This bill would require foreign nationals to verify their immigration status in order to use certain public services in the UK. It aims to restrict access to publicly-funded services to British citizens and those with legal immigration rights, though the exact details of which services are affected may be clarified during parliamentary debate."
1514,"This bill gives the UK government stronger powers to remove foreign nationals (non-British citizens) from the country if they've committed crimes or are serving prison sentences. The goal is to speed up the process of getting foreign offenders out of the UK, rather than keeping them in British prisons or the country long-term."
1518,"This bill sets up official standards and rules for forensic linguists who work with the police and courts. It aims to make sure that when experts analyze language evidence (like text messages or statements), they follow the same reliable methods, so justice isn't based on inconsistent or poor-quality analysis."
1519,"This bill creates an official Forensic Science Regulator - a person or role that checks and controls the quality of forensic science used in UK criminal cases. The regulator would set standards for labs and experts to follow, making sure that evidence like DNA tests and fingerprints are accurate before they're used in court."
1520,This Act creates an official Forensic Science Regulator - a person responsible for checking that forensic evidence (like DNA and fingerprints) used in criminal cases is accurate and reliable. They set standards that forensic labs must follow to help make sure justice is done fairly.
1530,"This bill aims to automatically register eligible children for free school meals, rather than requiring parents to apply manually. Currently, eligible families must complete application forms to access free meals, which creates a barrier that means some entitled children miss out. The bill would use existing government data to identify eligible children and enroll them automatically, ensuring uptake of the entitlement without parental bureaucracy. This would expand access to free meals for children from low-income households across England."
1535,"This bill aims to strengthen legal protections for freedom of expression specifically when discussing religion or belief systems. It would establish clearer boundaries between protected speech (such as criticism of religious ideas, practices, or institutions) and unlawful speech (such as incitement to violence or harassment based on someone's religious identity). The bill seeks to prevent individuals from facing legal consequences or prosecution simply for expressing opinions, analysis, or critique about religious or non-religious beliefs. It essentially clarifies that disagreeing with, questioning, or criticizing religious doctrines is a protected right distinct from attacking or inciting harm against people who hold those beliefs."
1547,"The Freight Crime Bill strengthens law enforcement powers to combat theft, robbery, and organised crime targeting goods in transit across the UK. It introduces new offences specifically targeting freight crime, increases maximum prison sentences for related crimes, and gives police enhanced stop-and-search powers and surveillance capabilities. The bill also establishes a national freight crime unit and requires better information-sharing between transport companies, police, and border agencies to disrupt criminal supply chains."
1548,"This bill proposes changing child benefit so that parents get more money when their children are young (when childcare and baby costs are highest), rather than spreading the payment equally across all years. It's called 'front-loaded' because the money is loaded towards the front (early years) of a child's life."
1549,"This bill would change how child benefit is paid out by giving families more money per child when children are young, then reducing the amount as children get older. Currently, families get the same amount for each child regardless of age, but this bill proposes a 'front-loaded' system that prioritises younger children."
1560,"This bill aims to improve access to college and university education for people who currently find it harder to get in, such as students from low-income families or underrepresented groups. It's designed to remove barriers and create more opportunities for a wider range of people to pursue further and higher education."
1565,"This bill proposes to change and update the Gambling Act 2005, which is the main law controlling gambling in the UK. The specific amendments aren't detailed here, but the bill aims to modernise gambling rules - possibly to address issues like problem gambling, online betting, or how betting companies operate."
1570,"This bill proposes to make Gamma-Butyrolactone (GBL) illegal in the UK. GBL is a chemical that some people use as a recreational drug because of its effects similar to other substances. The bill aims to stop its production, sale, and possession to protect public health and safety."
1571,"This bill creates a licensing system to regulate gangmasters - people or companies that hire and supply workers to other businesses. Its main goal is to stop the exploitation of workers by ensuring only legitimate, inspected gangmasters can legally operate, protecting people from poor pay, unsafe work, and bad treatment."
1576,"This bill would establish an independent public inquiry into UK involvement in and conduct related to the conflict in Gaza. The inquiry would have statutory powers to compel witnesses, examine documents, and publish findings on matters including UK arms exports, military support, diplomatic actions, and potential breaches of international humanitarian law. The bill aims to create an official, legally-binding investigation with transparent proceedings and a published report, rather than leaving accountability to existing parliamentary or government review mechanisms."
1583,"The General Cemetery Act 2025 updates the legal framework governing the operation, maintenance, and regulation of cemeteries across the UK. The bill establishes modern standards for cemetery management, including provisions for digital record-keeping, environmental practices, and consumer protections for families purchasing burial plots. It aims to modernise legislation dating back to the 19th century while addressing contemporary issues such as land use, cremation services, and memorial regulations."
1585,"This bill would create rules or requirements for televised debates between political party leaders during general election campaigns. Currently, debates happen but aren't required by law. The bill aims to make sure voters can see leaders debate important issues face-to-face as a standard part of every election."
1589,"This bill is designed to provide some kind of public support during general elections. Without more details about the specific proposals, the exact nature of this support isn't yet clear, it could relate to voter information, election funding, or other election-related assistance. The bill is at an early stage and hasn't been fully debated yet."
1608,This bill aims to promote goods and services that are made or produced in the UK. It would likely encourage the government and possibly businesses to prioritize buying British-made products over imports from other countries.
1609,"This bill creates new laws to regulate how goods delivery services (like courier and food delivery companies) operate in the UK. It likely covers things such as how delivery workers are treated, delivery standards, safety requirements, or environmental rules - though the exact details aren't clear from the title alone."
1611,"This bill creates new legal rules for 'goods mortgages' - a way for people and businesses to borrow money by using their possessions (like machinery, vans, or equipment) as a guarantee that they'll repay the loan. It modernises old laws to make this type of borrowing clearer and more practical for the modern economy."
1617,"This bill proposes to establish a devolved government for Cornwall with its own parliament or assembly that would have powers to make decisions on specific issues affecting the county. It's similar to the devolution arrangements already in place for Scotland, Wales, and Northern Ireland, giving Cornwall more self-governance."
1618,"This bill aims to increase the powers that Wales has to govern itself by transferring certain decision-making powers from the UK Parliament to the Welsh Government and Welsh Parliament (Senedd Cymru). It's part of the ongoing process of devolution, which is about giving different parts of the UK more control over their own affairs."
1620,"This bill would require the UK government to hold a referendum asking Welsh people whether they support devolution - giving Wales greater independence to make its own decisions on things like health, education, and taxes. It's about letting Welsh citizens vote directly on how much self-government Wales should have."
1626,"The Great British Energy Act 2025 establishes a new state-owned energy company tasked with investing in renewable energy projects across the UK, particularly in wind, solar, and other clean energy infrastructure. The legislation aims to reduce the UK's dependence on fossil fuels, create jobs in the green energy sector, and help meet climate commitments. The bill grants the company powers to develop projects, form partnerships with private companies, and operate competitively within the energy market."
1634,"This bill aims to protect green belt land - the countryside and open spaces that surround UK towns and cities. It would strengthen the rules preventing developers from building on these areas, with the goal of keeping these green spaces available for nature, recreation, and preventing urban sprawl."
1635,"This bill aims to protect Green Belt land - designated countryside areas around towns and cities - from being developed into houses, shops, and factories. It would make the rules stricter to stop urban sprawl and keep these green spaces available for nature and public use."
1638,This bill aims to create an official definition of 'green jobs' (work that helps the environment or tackles climate change) and introduce measures to encourage more people to work in these sectors. It's about making sure the UK has a clear strategy for developing environmentally-friendly careers as we move towards net zero emissions.
1651,"This bill updates a law from 1847 that sets out the rules for managing harbours, docks and piers in Britain. It modernises these rules so they work better for today's ports and shipping industry, rather than using 175-year-old regulations."
1661,"This bill aims to make hate crimes against people with learning difficulties and learning disabilities a specific criminal offence in law. Currently, such crimes may be prosecuted under general hate crime laws, but this bill would recognise disability-based hate crimes as a distinct crime category, similar to how race or religion-based hate crimes are already treated."
1682,"This Act establishes the position of National Data Guardian - an official person responsible for protecting people's health and social care information from misuse and breaches. They act as a guardian of your privacy in the NHS and care system, making sure your sensitive medical data is handled carefully."
1683,"This bill makes the role of the National Data Guardian - an independent official who protects patient privacy - stronger and more official. It gives them clear legal powers to check that hospitals, doctors, and health companies keep patient data secure and use it properly, rather than just advising them informally as they do now."
1686,"This Act introduces a new 'Health and Social Care Levy' - essentially a tax increase - to raise money specifically for the NHS and adult social care services. The tax is paid by employees and employers, and the money collected goes directly towards healthcare and care for older or vulnerable people."
1690,"This bill aims to improve public health across the UK by encouraging healthier lifestyles. It likely includes plans for health education campaigns, possibly stricter rules on certain products, or funding for health services - though the exact details aren't confirmed at this stage."
1703,"This bill aims to increase the number of families using the Healthy Start Scheme, a government programme that gives vouchers to low-income families with young children and pregnant women to buy nutritious food. It focuses on making the scheme easier to access and encouraging more eligible people to apply."
1711,"This bill would change the laws about hereditary titles in the UK so that daughters have the same rights as sons to inherit and pass on titles like Duke, Earl, or Baron. Currently, most titles follow 'male-only' inheritance rules that date back hundreds of years, meaning they often skip over daughters to go to sons or other male relatives."
1721,"This bill aims to control 'high cost credit' - loans with very high interest rates that can be expensive and risky for borrowers. It would set limits on interest rates and charges that lenders can apply, similar to existing rules for payday loans, to stop people being charged excessive amounts."
1722,"This bill aims to control how high-cost credit services (such as payday loan shops and pawn brokers) operate from physical shop premises. It would introduce new rules and regulations to make these services fairer and safer for customers, protecting people from predatory lending and extremely high interest rates."
1723,"This bill would require the government to regularly report to Parliament about the 'High Income Child Benefit Charge' - a rule that removes child benefit from families where one parent earns over £50,000 per year. The reports would show how this policy is actually affecting families, so politicians can see the real-world impact."
1724,"This bill asks the government to examine and evaluate the 'High Income Child Benefit Charge' - a rule that reduces or removes child benefit payments for families where one parent earns over £50,000 per year. The bill wants to understand how this charge affects families and whether it needs to be changed."
1727,"This bill allows the government to formally review and potentially adjust the spending and plans for the first phase of High Speed 2, the new high-speed railway being built in the UK. Essentially, it gives Parliament permission to reconsider how much money is being spent and what the project will actually deliver."
1728,"This bill allows the government to build a new high-speed railway line connecting Crewe to Manchester. It's part of the larger HS2 rail project and aims to provide faster train journeys between these cities, similar to how the existing high-speed rail works in other parts of the UK."
1729,"This Act gives the government permission to plan, build, and operate a new high-speed railway connecting London to Birmingham and the West Midlands. It allows the project to proceed and provides the legal framework needed to buy land, build the infrastructure, and run the trains."
1730,"This Act allows the government to prepare and plan for building a high-speed rail network in the UK. It gives permission for surveys, design work, and other preparation activities needed before actual construction can begin on new fast train routes."
1731,"This Act gives the government permission to build and operate a high-speed rail line connecting the West Midlands to Crewe in Cheshire. It allows the project to go ahead by setting out the legal framework for land use, construction, and running the new railway service."
1733,"This bill aims to limit advertisements for high-cost credit products (like payday loans that charge very high interest rates). It would control where and how these lenders can advertise to try to stop people, especially those who are struggling financially, from borrowing money at rates they might not be able to afford to repay."
1746,"This bill creates stricter electrical safety standards for high-rise residential buildings (tall apartment blocks). It requires better inspections of electrical wiring and equipment, and gives building owners clearer responsibilities to keep residents safe from electrical hazards."
1756,This Act creates plans for the UK to build a Holocaust memorial - a permanent structure designed to remember the victims of the Holocaust and keep their memory alive for future generations. It shows the country's commitment to never forgetting this historical tragedy.
1757,"This bill would legally require local councils to keep a register of home-educated children and regularly check that they are receiving suitable education. Currently, parents can home-educate their children with less formal oversight, but this bill would give councils a clear responsibility to monitor home education in their area."
1759,"This bill establishes a mandatory registration system for home-educated children in the UK, requiring parents to notify local authorities of their intention to educate children at home and submit to regular monitoring. It aims to ensure home-schooled children receive adequate education and safeguarding oversight, similar to what schools provide. The bill also creates statutory duties for local authorities to support home educators with resources and guidance, and establishes minimum educational standards that must be met. It represents a significant shift toward greater state oversight of home education, which currently operates with minimal regulatory requirements."
1770,"This bill aims to make the honours system fairer by giving equal titles to all partners of people who receive honours. Currently, the rules mainly recognise married opposite-sex partners, but this bill would extend the same rights to same-sex partners and unmarried partners."
1773,"This bill would ban the sale of peat and peat-based products for gardening and horticulture purposes in the UK. Currently, gardeners and commercial growers can legally purchase peat to use in compost, potting soil, and soil conditioning. The bill aims to eliminate this market to protect peatland ecosystems, which store significant amounts of carbon and support rare wildlife. Gardeners would need to switch to alternative growing media such as coir, wood fibre, or compost made from green waste."
1774,"This bill requires the government to produce a comprehensive report on funding for hospices and health care services in the UK. The report must examine current funding levels, identify gaps between demand and available resources, and assess how well hospice services are financed across different regions. By mandating transparency and analysis of funding patterns, the bill aims to establish a clear evidence base for future policy decisions on end-of-life and palliative care provision."
1775,"The Hospices and Palliative Care Bill strengthens funding and regulation for hospice services and end-of-life care across the UK. It aims to ensure more consistent access to palliative care regardless of where patients live, establishes quality standards for hospice provision, and clarifies the legal framework for advance care planning and assisted dying decisions. The bill seeks to address the current patchwork of hospice funding and service availability, ensuring vulnerable patients receive dignified, compassionate care at the end of life."
1786,"This bill gives the government special priority to schedule debates and votes on Brexit-related laws in the House of Commons. Essentially, it allows the government to push Brexit business to the front of the queue ahead of other parliamentary business that MPs might want to discuss."
1787,"This Act gives the House of Commons Commission (the group that runs the day-to-day operations of Parliament) clearer legal powers to manage staff, facilities, and finances. It aims to make Parliament run more smoothly and ensure proper oversight of how it's managed."
1792,This bill sets up or changes a financial fund specifically for House of Commons Members to access for work-related expenses and personal welfare support. It's essentially about creating a dedicated pot of money that MPs can use for certain approved purposes during their time in Parliament.
1801,"This bill proposes to amend (change) how the House of Lords operates. The exact changes aren't clear from the title alone, but it's designed to reform some aspect of the Lords - possibly how many members there are, how long they serve, or how they're chosen."
1812,"This bill stops the House of Lords from holding special elections (by-elections) to replace hereditary peers who die or step down. Currently, when a hereditary peer leaves, other hereditary peers vote to elect a replacement, this bill would end that practice, meaning fewer hereditary peers over time."
1813,"This bill would stop by-elections in the House of Lords when hereditary peers (people who inherit their seat through their family) leave or die. Currently, when one hereditary peer leaves, another from the same family group is elected to replace them. This bill would end that practice, gradually reducing the number of hereditary peers in the Lords."
1814,"This bill stops the House of Lords from holding by-elections to fill vacant seats left by hereditary peers. Currently, when a hereditary peer dies or retires, a special election is held to choose their replacement from other hereditary peers. This bill would end that practice, allowing seats to remain empty instead."
1815,"This bill would end by-elections in the House of Lords for hereditary peers (peers who inherit their title and seat). Currently, when a hereditary peer dies or leaves, a new one is elected to take their place. This bill would stop that process, gradually reducing the number of hereditary peers in Parliament."
1817,"This bill stops the House of Lords from holding by-elections when hereditary peers leave. Instead of replacing them, those seats would be eliminated, slowly reducing the number of hereditary peers in Parliament over time."
1818,"This bill would stop the House of Lords from holding by-elections when hereditary peers leave their positions. Currently, when a hereditary peer dies or resigns, other hereditary peers vote to elect a replacement; this bill would end that practice and let those seats stay empty."
1819,"This bill would stop the practice of holding by-elections to replace hereditary peers in the House of Lords when they leave. Currently, when a hereditary peer dies or retires, other hereditary peers vote to elect someone to take their place. This bill would end that process, meaning seats would stay empty."
1828,"This bill would reform how life peerages (the titles given to members of the House of Lords) are nominated and awarded in the UK. Currently, the Prime Minister has significant power to nominate peers, often as a reward for political loyalty or party donations. This bill would establish a more independent process, likely transferring some nomination power away from the Prime Minister to an independent or cross-party commission. The specific aim is to make peerage nominations more transparent and merit-based rather than politically influenced."
1832,"This bill proposes to change the House of Lords, which is the upper chamber of Parliament. The exact reforms aren't specified in this description, but they could include reducing the number of Lords members, changing how they're appointed, or introducing elections - the bill is still being debated so details may change."
1840,"This bill sets out new rules and standards for Houses in Multiple Occupation (HMOs) - shared houses where several unrelated people rent rooms. It aims to make these homes safer and fairer for tenants by controlling things like overcrowding, safety standards, and landlord responsibilities."
1841,"This bill creates stricter regulations for Houses in Multiple Occupation (HMOs) - homes rented out to several unrelated people. It aims to set minimum safety and housing standards, though the exact rules aren't yet clear as the bill is still being debated."
1842,"This bill requires Houses in Multiple Occupation to meet minimum energy efficiency standards (like proper insulation and heating) and requires landlords to provide Energy Performance Certificates showing how energy-efficient their properties are. It aims to make shared rental properties warmer, cheaper to heat, and better for the environment."
1851,"This bill aims to give local councils more power to make decisions about housing development and planning in their areas without as much interference from the national government. It's about shifting decision-making responsibility from Westminster to local communities, so they have more say in how their neighbourhoods change and develop."
1858,"This bill proposes changes to how housing is managed and built in the UK. The specific details of what reforms it includes would be found in the full bill text, but it's intended to address housing-related issues the government wants to fix."
1862,"This bill aims to establish and enforce basic housing standards for refugees and asylum seekers - people who have fled their home countries and are seeking protection in the UK. It ensures their temporary accommodation meets minimum requirements for safety, cleanliness, and living conditions."
1868,"This bill aims to change how the Human Rights Act 1998 defines a 'public authority' ,  the organisations that must respect people's human rights. Currently, courts decide case-by-case which organisations count; this bill would set clearer, fixed rules about which bodies must follow human rights law."
1870,"This bill changes how the Human Rights Act 1998 defines 'public authority' - basically, which organisations must follow human rights rules. Currently, this definition is unclear and causes arguments in court about whether private companies running public services (like hospitals or prisons) have to obey human rights law."
1878,"This bill aims to improve how the UK protects children who are victims of human trafficking - when criminals force children into dangerous situations like forced labour or sexual abuse. It likely introduces tougher penalties for traffickers, better support services for rescued children, and stronger ways to identify and stop trafficking before it happens."
1886,"This bill is about approving and supporting the Humber2100+ Project, which appears to be a long-term development or infrastructure plan for the Humber area (a region in England). The bill would give the project official parliamentary backing, though the full details of what the project involves aren't clear from the title alone."
1891,"This bill would make it illegal for UK citizens to import hunting trophies - things like animal heads, skins, or bones from animals they've hunted in other countries. The aim is to discourage trophy hunting of endangered and threatened species around the world."
1903,"This bill makes it a serious crime to enter or stay in the UK illegally, with punishments including prison time. It's designed to crack down on illegal immigration by making it a criminal matter rather than just an immigration issue, and to target people-smuggling gangs more harshly."
1906,"The Illegal Immigration (Offences) Bill creates new criminal offences and increases penalties related to illegal entry and residence in the UK. It aims to deter people from entering the country illegally by making it a specific crime to enter without permission, with sentences up to four years imprisonment. The bill also targets those who facilitate illegal immigration, including people smugglers and those assisting unauthorised entry. It strengthens enforcement powers for immigration officials and border authorities to detect, investigate, and prosecute immigration-related offences."
1914,"This bill creates new criminal offences for recording and sharing intimate images without consent. It makes it illegal to take, possess, or distribute sexually explicit photos or videos of someone without their permission, including 'deepfake' pornography created using AI. The legislation aims to protect people from sexual abuse and harassment, with penalties including fines and imprisonment. It covers both cases where images are shared maliciously and situations involving voyeurism or non-consensual filming."
1928,"This bill gives the UK government power to make its own immigration and social security rules now that it has left the EU. It removes EU immigration laws and changes how the UK handles benefits for people who move between the UK and EU countries. Essentially, it replaces EU rules with new UK-only rules."
1929,"This Act changes UK immigration and benefits rules after Brexit. It ends free movement from the EU, introduces a new points-based immigration system, and adjusts social security rules so they no longer follow EU law. Essentially, the UK now makes its own immigration decisions rather than sharing this power with Europe."
1937,"This bill would reduce or lower the tariffs (special taxes) that the UK charges on imported goods. The aim is to make foreign products cheaper when they enter the UK, but this could also affect UK-based businesses and workers in manufacturing industries."
1938,"This bill provides a mechanism for prisoners serving Imprisonment for Public Protection (IPP) sentences to apply for re-sentencing, potentially reducing their prison terms. IPP sentences, abolished in 2012, were indeterminate sentences where prisoners had to prove they were safe to release rather than having a fixed release date. The bill aims to address the situation where hundreds of IPP prisoners remain incarcerated beyond what would have been their original tariff (minimum sentence length), many for decades, because they cannot satisfy increasingly difficult release criteria."
1942,"This bill would change who gets to pick the Independent Adviser on Ministers' Interests - the person who checks whether government ministers are following the rules about conflicts of interest. Instead of the Prime Minister choosing them, Parliament would make the choice instead."
1943,"This bill changes how the Anti-slavery Commissioner is appointed. Instead of the government choosing them, Parliament would select them. The Anti-slavery Commissioner is an official who investigates slavery and human trafficking in the UK and pushes for stronger action to stop it."
1946,"The Industry and Exports (Financial Assistance) Act 2026 enables the UK government to provide financial support to domestic industries and businesses seeking to expand into export markets. This includes grants, loans, and guarantees designed to help companies compete internationally and strengthen UK manufacturing and services sectors. The act establishes the legal framework and funding mechanisms for these assistance programmes, allowing government departments to deploy capital directly to eligible businesses. It aims to boost economic growth, create jobs, and improve the UK's trade position post-Brexit."
1951,"This bill would change UK inheritance law so that unmarried couples living together long-term can inherit from each other's property and money when one dies, even if there's no will. Currently, only married couples and civil partners have these automatic inheritance rights; cohabitants have no legal claim unless a will is made."
1978,"This bill creates an official, legal definition of what the UK means by 'International Development Assistance' - essentially setting clear rules about what types of spending count as foreign aid. This helps Parliament and the public understand and monitor where this money goes and ensures it's genuinely helping developing countries."
1989,"This Act allows the UK to legally support and participate in the Special Court for Sierra Leone, an international tribunal that prosecutes those responsible for serious crimes during Sierra Leone's brutal 1991-2002 civil war. It gives the UK the power to help investigate, prosecute, and support the court's work to bring those responsible to justice."
1993,"This bill proposes new government regulations for internet platforms and messaging services to protect users from harmful content and ensure companies are more accountable. It would set rules about how platforms moderate content, protect children online, and make their decision-making processes clearer to users."
1998,"This Act gives UK security and police services legal permission to collect and access people's communications data (like phone records and internet history) to investigate serious crimes and terrorism. It requires warrants and oversight, but creates a framework for large-scale surveillance activities."
2001,This bill aims to make investment managers follow clearer and stricter rules about protecting the money they manage for clients. It strengthens 'fiduciary duties' - meaning investment managers must legally prioritize their clients' best interests rather than their own profits.
2003,This bill proposes to set up a second official investigation into the 2003 Iraq War and how the UK government made decisions to join it. The goal would be to produce a public report examining what went wrong and holding decision-makers accountable for their actions.
2006,This bill would make it illegal for the UK to sell weapons and military equipment to Israel. It's a response to concerns about how weapons are used in the Israeli-Palestinian conflict and represents one side of a major debate about whether the UK should restrict arms exports based on human rights concerns.
2010,"This bill asks Parliament to investigate the idea of a 'jobs guarantee' - a scheme where the government would offer a job to anyone who wants one but can't find work. The bill doesn't create the scheme itself, but instead funds research to understand if it's a good idea and how it could be set up."
2011,"This bill asks Parliament to fund research into a 'Jobs Guarantee Scheme' - a potential policy where the government would offer a job to anyone who wants one. The bill doesn't create the scheme itself, but instead investigates whether it could work in practice and what it would involve."
2017,"This Act changes the rules around judicial review - the process where courts check if the government has acted fairly and legally. It introduces stricter time limits for bringing cases to court, makes some cases harder to challenge, and adjusts how the courts handle legal fees and appeals."
2026,"This bill allows Kew Gardens to manage and lease its property more independently, rather than needing Parliament's approval for lease decisions. It's designed to give the organization more control over how it uses its land and buildings to support its work as a world-renowned botanical research and education center."
2029,"This bill aims to improve support for kinship care - when children are raised by relatives instead of their parents. It would likely provide better funding, clearer legal rights, and more help for these family carers so children in their care have stable, secure homes."
2038,"This bill would introduce a Land Value Tax - a new way of taxing people based on the value of the land they own, separate from any buildings on it. The idea is to raise money for the government and discourage land from being left unused in valuable areas."
2044,"This bill aims to regulate laser pens by introducing new rules around their sale, ownership, and use in the UK. It would likely set age limits for buying them, restrict who can own them, and set rules for how they can be used - similar to how other potentially dangerous items are currently controlled."
2048,"This bill proposes to ban the use of lead ammunition in the UK. Lead bullets can contaminate soil and water, and may harm wildlife and people who eat game shot with lead ammunition. The bill would require hunters and sport shooters to use non-lead alternatives instead."
2056,"This bill aims to make leasehold fairer by giving leaseholders (long-term renters) more power and cheaper costs. It could make it easier to extend leases, reduce ground rent charges, and give leaseholders more say in how their buildings are run and maintained."
2059,"This bill aims to protect leaseholders (people who rent their homes long-term) by making rules about insurance costs and commission fees. It would require property companies to be transparent about how much they're charging and why, stopping them from secretly marking up prices on things like buildings insurance."
2060,"This bill aims to reform the rules around 'forfeiture' - the process where a landlord can take back a leasehold property if a tenant breaks their lease agreement, usually by not paying rent. The bill would likely make this process fairer for leaseholders by giving them more protection and opportunities to fix problems before losing their home."
2062,"This bill aims to help leaseholders (people who rent flats long-term) by making it clearer and easier for them to challenge service charges that seem unreasonably high. Service charges pay for building maintenance like repairs and cleaning, but some leaseholders feel they're being overcharged, so this bill would strengthen their ability to question these costs."
2063,This bill aims to help leaseholders who believe a tribunal (a type of court) has made an unfair decision. It would let them challenge that decision more easily and recover money they spent on lawyers if their challenge succeeds. The bill tries to make the system fairer for people renting their homes long-term.
2065,"This bill reforms the leasehold system specifically for integrated retirement communities, developments where older residents live in self-contained homes or apartments with shared facilities and care services. It addresses issues where residents face unfair lease terms, excessive ground rents, and limited rights to extend or manage their leases. The bill aims to give retirement community residents stronger protections, fairer financial terms, and greater control over their living arrangements, similar to protections already offered to other leaseholders in the broader leasehold reform agenda."
2067,"This Act gives Leeds City Council specific legal powers to manage certain aspects of the city. It's a local law that allows the council to do things like borrow money, manage land and buildings, and run services in ways that work best for Leeds rather than following one-size-fits-all national rules."
2069,The Legal Services Act reforms how lawyers and law firms are regulated in the UK. It opens up the legal profession to new ways of working (like non-lawyer ownership) and creates an independent regulator to oversee quality and protect consumers.
2071,"This bill would make it legal for doctors to prescribe cannabis-based medicines to patients who need them for medical treatment. Currently, cannabis is illegal in the UK, so this would change the law to allow medicinal use only, not recreational use."
2081,"The Licensing Hours Extensions Act 2026 allows local licensing authorities in the UK to grant extensions to operating hours for alcohol-serving establishments such as pubs, bars, and nightclubs beyond their current standard closing times. The bill gives premises greater flexibility to apply for later closing times, subject to local council approval and consideration of factors like public nuisance and crime prevention. It represents a shift towards deregulation, allowing market demand and local decision-making to determine trading hours rather than strict national restrictions."
2086,"This bill proposes to give lip-reading an official status in UK law, probably by setting quality standards, requiring proper training, or establishing it as a recognized profession. It aims to improve communication access for people who are deaf or hard of hearing, ensuring they receive consistent, reliable support when lip-reading is used."
2088,"This bill amends the classification and regulatory framework for Listed Investment Companies (LICs) in the UK. It modifies how these companies, which are closed-end funds traded on stock exchanges, are categorized and regulated by the Financial Conduct Authority (FCA). The bill aims to provide greater flexibility for LICs in their operations and investment strategies while clarifying their legal status. Key measures include changing how LICs are classified under FCA rules and potentially reducing certain regulatory burdens that apply to them."
2089,"This bill establishes mandatory safety standards and regulatory requirements for lithium-ion batteries used in consumer products, energy storage systems, and vehicles across the UK. It requires manufacturers to conduct safety testing, include safety labelling and documentation, and implement recall procedures for defective batteries. The bill also creates enforcement powers for regulators to inspect facilities, issue penalties for non-compliance, and sets standards for battery recycling and disposal to prevent fires and environmental contamination. The legislation aims to reduce incidents of battery fires, explosions, and toxic releases that have increased significantly with the growth in lithium-ion battery use."
2090,This bill creates new safety and environmental rules for large facilities that store lithium-ion batteries. It aims to reduce the risk of fires at these storage sites and protect the environment by requiring better safety systems and proper environmental permits before these facilities can operate.
2098,"The Live Music Act 2012 simplifies the rules around hosting live music in smaller venues. It removes some licensing requirements and fees for small-scale performances (like acoustic sets in pubs), making it cheaper and easier for communities to enjoy live music without dealing with lots of government paperwork."
2099,"The Living Wage (Reporting) Bill requires large employers to publicly disclose information about how many of their employees earn below the Living Wage threshold and what proportion of their workforce this represents. The bill aims to increase transparency around low-wage employment and create public accountability for companies. By making this data publicly available, the legislation seeks to encourage employers to improve pay standards and allow consumers and investors to make informed decisions based on companies' wage practices."
2113,"This bill gives local councils in England greater powers to plan, control, and improve transport services in their areas. Currently, many transport decisions are made by central government; this bill would shift more responsibility and decision-making power to local level, allowing communities to shape their own transport systems."
2120,This bill requires local authorities (councils) to protect wildlife on the roads they maintain and repair. It aims to reduce the number of animals killed or injured by traffic by giving councils new powers and responsibilities to implement wildlife-friendly measures on local roads.
2133,"This bill would require local councils to create and regularly update Infrastructure Requirement Plans - detailed documents setting out what roads, schools, hospitals, utilities and other services their area will need over the next 10-15 years. The goal is to make sure communities have better planning for future growth and investment."
2137,"This bill gives local councils in England more control over religious observances at their official events and ceremonies. Instead of following strict national rules, each council could decide how to handle prayers, religious symbols, and other faith-related elements at council meetings and public events."
2142,"The Local Government and Elections Bill reforms how local councils operate and hold elections across England. It introduces measures to strengthen council leadership through directly elected mayors in certain areas, requires councils to publish more financial information and performance data, and changes electoral arrangements including moving to all-out elections on a four-yearly cycle in some councils. The bill aims to increase transparency, improve accountability, and modernize local government structures."
2173,"This bill regulates how local authorities can place looked-after children (children in care) in residential placements far from their home area. It sets rules about distance thresholds, consultation requirements, and safeguarding measures when councils place children in care homes or foster placements outside their local region. The bill aims to keep children closer to their families, schools, and support networks while ensuring proper oversight when distant placements are necessary. It introduces new duties for local authorities to justify and monitor these placements."
2174,"The Lord Advocate Bill addresses the constitutional role and independence of Scotland's Lord Advocate, who serves as the country's chief law officer and head of the Crown Office and Procurator Fiscal Service. The bill aims to clarify the Lord Advocate's position within Scotland's devolved government, particularly regarding their prosecutorial independence and accountability arrangements. It establishes clearer separation between the Lord Advocate's role as a government minister and their duty to act impartially in criminal prosecutions. The reforms seek to strengthen protections for prosecutorial decision-making from political interference while defining how the Lord Advocate answers to Parliament."
2175,"This bill makes changes to the Lords Spiritual - the Church of England bishops who sit in the House of Lords. The exact changes aren't yet clear, but the bill aims to update how these religious representatives participate in Parliament."
2176,"This Act allows female bishops of the Church of England to become members of the House of Lords automatically, in the same way senior male bishops have been able to for centuries. Before this law, only male bishops could hold these positions, so it removed a gender-based barrier."
2178,"This bill aims to encourage UK homes to switch from traditional gas boilers to low-carbon heating methods, such as heat pumps powered by electricity. It's designed to help reduce greenhouse gas emissions and fight climate change, though it affects how people heat their homes and hot water."
2179,"This bill would allow certain low-risk workplaces to skip formal risk assessments (detailed safety checks). It assumes some jobs are so safe that they don't need the usual safety paperwork requirements, though they'd still need to follow basic health and safety laws."
2181,"This bill proposes to ban letter boxes that are installed at low levels on buildings. The exact reasons aren't clear from the title alone, but such a law would make it illegal to have these low-level letter boxes and could require people to install them higher up instead."
2189,"This Act sets out the legal framework for how Manchester City Council operates and what powers it has to run the city. It covers things like decision-making, budgets, and how the council should serve the people of Manchester."
2195,This bill changes the rules for how the Marine Accident Investigation Branch - the UK government body that investigates shipping accidents - publishes and manages its investigation reports. It's currently at the stage where MPs debate whether the bill is a good idea before voting on the specific details.
2196,"This bill aims to create a licensing system for activities in UK marine waters (at sea). It would require certain sea-based activities to get official permission from the government, similar to how you need a license to drive a car. This helps the government manage what happens in UK waters and aims to balance business, environmental protection, and public safety."
2207,"This bill would ban or restrict bottom trawling, a fishing method where heavy nets are dragged along the seabed, within Marine Protected Areas (MPAs) in English waters. Bottom trawling disrupts seabed habitats, damages ecosystems, and can destroy marine life and fish breeding grounds. The bill aims to strengthen environmental protections in designated marine conservation zones by preventing this damaging fishing practice in these sensitive areas. It represents a targeted approach to protecting England's marine biodiversity without necessarily banning the practice in non-protected waters."
2212,"This bill would allow secular (non-religious) belief organisations to officially conduct legal marriages. Currently, only religious organisations and registrars can do this. The bill would give humanist groups and similar organisations the same legal power to marry couples, recognising that some people want meaningful ceremonies that reflect their non-religious beliefs."
2214,"This Act changed UK law to allow same-sex couples to get married legally. Before 2013, only opposite-sex couples could marry. The Act made marriage equal for everyone, regardless of whether someone is attracted to the same sex or opposite sex. It gave same-sex married couples the same legal rights and responsibilities as other married couples."
2215,"This bill would make it legal for same-sex couples (gay and lesbian couples) to get married in Northern Ireland. Currently, same-sex marriage is already legal in England, Scotland, and Wales, but Northern Ireland has different laws. This bill would bring Northern Ireland into line with the rest of the UK."
2216,"This bill would allow same-sex couples to legally marry in Northern Ireland. Currently, only different-sex couples can marry there, even though same-sex marriage is already legal in the rest of the UK. The bill would update Northern Ireland's marriage laws to match the rest of Britain."
2217,"This bill would extend same-sex marriage rights to British overseas territories that don't currently allow it. Currently, same-sex couples can marry in the UK, but some of Britain's overseas territories still ban it. The bill would change this by requiring those territories to recognize same-sex marriage as legal."
2220,"This bill proposes to make changes to the Marriage Act 1949, which is the main law controlling how marriages work in the UK. However, without knowing the specific amendments being proposed, it's difficult to say exactly what will change - you would need to read the bill's detailed proposals to understand what new rules it would introduce."
2222,"This bill proposes to amend (change) the Marriage Act 1949, which is the main law controlling how marriages work in the UK. The exact changes aren't specified in this basic information, but the bill aims to update these 75-year-old rules for modern times. It's currently at an early stage and hasn't been debated in detail yet."
2236,"This bill proposes setting a maximum wage, a legal limit on how much money the highest-paid people in the UK can earn. The exact wage limit isn't specified in this description, but the bill would prevent earnings above that threshold."
2238,"This bill requires meat producers and retailers to provide clear information to consumers about how animals were killed during the slaughter process. The labelling would indicate whether animals were stunned before slaughter (and the method used) or killed without pre-stunning, as permitted under religious exemptions. The aim is to give UK consumers transparent information about production methods when purchasing meat products, enabling them to make informed choices based on animal welfare considerations."
2245,This bill aims to make it easier for doctors to use new and experimental medical treatments for patients in life-threatening situations where conventional treatments haven't worked. It tries to balance patient safety with giving patients hope of accessing innovative therapies more quickly than the usual approval process would allow.
2259,"This bill proposes to stop Members of Parliament from having second jobs while they are serving as MPs. It would force MPs to choose between being a full-time politician or working in another profession, but not doing both at the same time."
2265,"This Act changes the rules about who can approve important mental health decisions in the UK's healthcare system. It transfers some approval powers from central bodies to senior mental health professionals, aiming to speed up decision-making for patients who need mental health treatment or care."
2283,"This bill requires the UK government to issue formal travel advice warning British citizens about the risk of methanol poisoning in specific countries or regions where contaminated alcohol has caused deaths or serious illness. The bill aims to ensure that tourists and travellers have clear, accessible information about which destinations have experienced methanol-poisoning incidents, helping them make informed decisions about where to drink alcohol abroad. It places a duty on the Foreign Office to update this advice regularly and ensure warnings are prominently displayed in travel guidance. The bill responds to cases where British travellers have died or been seriously harmed after consuming illegally-produced or contaminated alcoholic drinks in destinations where such poisoning is a known hazard."
2285,"This bill updates the official definition of 'microgeneration' - small renewable energy systems like solar panels or wind turbines that homeowners install themselves. By changing what counts as microgeneration, it aims to help more people benefit from government support for renewable energy and encourage more people to generate their own green energy."
2286,"This bill aims to encourage 'microgeneration' - when homes and local communities produce their own small amounts of renewable energy. It would likely remove barriers that currently make this difficult and could include support or incentives to help people install solar panels, small wind turbines, or other renewable energy equipment."
2289,This bill would legally require washing machines sold in the UK to have built-in filters that trap microplastics (tiny plastic fibres from synthetic clothing) so they don't escape into the water system and harm marine life and the environment.
2300,"This bill sets minimum energy performance standards for buildings across the UK. It requires buildings to become more energy-efficient by improving things like insulation and heating systems, which should reduce energy bills and help meet the UK's climate goals."
2302,"This bill proposes to amend (change) the current minimum wage rules in the UK. The exact changes aren't specified in the information provided, but the bill would alter how much employers must legally pay their lowest-paid workers."
2306,"This bill aims to create a proper enforcement system for the Ministerial Code so that when ministers break the rules of conduct, there are automatic consequences. Currently, the Prime Minister decides what happens when a minister breaks the code, but this bill would create a more independent process to investigate and punish rule-breaking."
2318,"This bill would establish a new Ministry for Poverty Prevention within the UK government with dedicated responsibility for developing and coordinating anti-poverty strategies across departments. The ministry would be tasked with setting measurable targets for poverty reduction, conducting research into poverty causes, and ensuring government policies are assessed for their impact on poverty levels. It represents an attempt to create a single governmental focus on poverty prevention rather than having anti-poverty work scattered across multiple existing departments."
2334,This bill would require manufacturers of phones and internet-connected devices to include a pre-set safety feature that blocks sexually explicit content. It also aims to make it harder for people to share illegal explicit images through these devices. The bill focuses on putting protective technology in place at the device level rather than relying only on laws or parental controls.
2348,"This bill establishes a payment scheme to compensate women and families who were harmed in mother and baby institutions in the UK, particularly Church-run facilities that operated historically. The bill requires a formal report to be produced detailing the scope of abuse, mistreatment, and forced adoptions that occurred in these institutions. It creates a legal framework for identifying eligible victims and determining appropriate financial compensation for the suffering and injustices they endured. The scheme aims to provide both redress and official recognition of institutional wrongdoing."
2355,"This bill deals with how Ofsted (the education watchdog) inspects Multi-Academy Trusts, which are groups of schools run together by one organization. It would change the inspection rules or process for these school groups, though the exact changes depend on the bill's specific details."
2356,"This bill changes the rules for 'multi-employer pension schemes' - these are shared pension plans where several companies contribute to one scheme for their workers. The bill updates how these schemes are run, protected, and managed to adapt to modern workplace needs."
2359,"This bill aims to improve safety in multi-storey car parks across the UK. It would likely set new standards that car park owners must follow to protect people from accidents, injuries, and crime when they park or walk to their cars."
2360,"This bill introduces new safety requirements for multi-storey car parks across the UK. It aims to improve safety standards in these buildings to protect car users and staff from potential hazards like fires, poor maintenance, or structural issues."
2361,"The Multi-Storey Car Parks (Safety) Bill introduces mandatory safety standards for multi-storey car parks across the UK. It requires owners and operators to implement structural inspections, improve lighting and CCTV systems, enhance emergency procedures, and ensure proper maintenance of concrete, steel, and ventilation systems. The bill aims to prevent structural failures, reduce accidents, and improve personal security for users. Failure to comply would result in enforcement action and potential penalties."
2365,"This bill allows mutual organisations (like building societies and credit unions) to create and sell redeemable shares to raise money. Currently, mutuals are structured differently from regular companies, and this change would give them a new way to fund themselves while remaining member-owned organisations."
2367,This bill would make it legal and protected for people in the UK to publicly commemorate the Nakba - a significant date in Palestinian history marking displacement and loss in 1948. It aims to safeguard the right to remember and acknowledge this event through public events or gatherings.
2368,"This bill aims to introduce environmental standards for nappies sold in the UK to reduce their impact on the environment. It would require nappies to meet certain eco-friendly requirements, such as reducing plastic content or making them more biodegradable, though the exact standards would be decided by the government."
2369,"The National Cancer Strategy Bill establishes a comprehensive, long-term framework for improving cancer prevention, early detection, and treatment across the UK. It requires the government to set measurable targets for reducing cancer incidence and mortality, allocate dedicated funding for cancer research and NHS services, and coordinate efforts between health authorities, charities, and the private sector. The bill mandates regular progress reviews and public reporting on how well the strategy is being delivered, ensuring accountability and transparency in cancer care."
2371,This bill proposes creating a National Commonwealth Military Day - an official annual day for the UK to recognise and honour military personnel and veterans from Commonwealth countries. It's similar to existing remembrance events but would create a dedicated day specifically for Commonwealth service members.
2383,"This bill would allow the NHS to introduce charges (co-payments) that patients pay when they use services, or to share costs between patients and the government (co-funding). Currently, NHS services are free when you use them. The bill is at the stage where MPs debate its general principles before detailed examination."
2388,This bill aims to make it easier for NHS and care sector workers to borrow money cheaply and avoid expensive loans like payday loans. It does this by encouraging and supporting credit unions (community lending organisations) and potentially limiting access to high-cost credit for these workers.
2390,"This bill would introduce charges for NHS patients to co-pay or co-fund some of their treatment costs, meaning people would pay some money directly when they use NHS services, rather than it being completely free. Currently, the NHS is free for all UK residents at the point of use."
2391,"This bill would introduce charges where NHS patients have to pay part of the cost of their treatment, rather than it being completely free. The government would set co-payment amounts and decide which treatments patients must help fund."
2392,"This bill would introduce charges that patients have to pay towards NHS treatment costs (called 'co-payments') and allow the NHS to raise money from other sources besides taxes ('co-funding'). Currently, NHS treatment is free at the point of use for all UK residents."
2393,"This bill would introduce a system requiring NHS patients to contribute financially toward their healthcare costs through co-payments (charges per visit or treatment) and co-funding arrangements (shared costs between the NHS and patients). Currently, NHS services are free at the point of use, funded through taxation. The bill would change this by making patients pay a portion of costs for certain services, with the stated aim of generating additional revenue for the NHS and potentially managing demand. Exemptions would likely apply to vulnerable groups such as children, pensioners, and those on low incomes."
2395,This bill requires the NHS to properly consult local communities and listen to their views before making significant changes to hospital services or healthcare provision in their area. It's about giving ordinary people a voice in decisions that affect their local healthcare rather than leaving everything to distant decision-makers.
2403,"This Act made changes to the National Insurance system in the UK. National Insurance is money that employees, employers, and self-employed people pay to fund state pensions, unemployment benefits, and the NHS. The Act adjusted how much people and businesses pay, and updated the rules for who has to pay and how it's collected."
2405,"This Act changes how National Insurance contributions work in the UK. It mainly raises the threshold at which employees start paying National Insurance (meaning some lower-paid workers pay less) and reduces what employers have to pay, aiming to make work more affordable and encourage hiring."
2413,"This bill modifies how secondary Class 1 National Insurance contributions work, the taxes that employers pay on employee wages above a certain threshold. The legislation adjusts the rates, thresholds, or application of these contributions, which directly affects how much employers must pay in National Insurance for their workforce. Changes to secondary contributions influence employer costs, wage-setting decisions, and potentially employment levels across the economy."
2416,"This bill is about setting a legal minimum wage - the lowest amount per hour that employers in the UK must pay their workers. It aims to ensure low-paid workers earn enough to live on, though people disagree about whether it helps or harms businesses and the economy."
2421,"This bill changes how national parks in the UK are governed and managed. It affects the rules, decision-making structures, and possibly the leadership of national parks, though the exact changes depend on what amendments are added during parliamentary debate."
2429,"This bill aims to give nature better legal protection by setting clear environmental targets, requiring the government to report on progress, and making sure decision-makers consider the environment properly. It's designed to reverse wildlife decline and help tackle issues like habitat loss and pollution."
2431,"This bill promotes the use of nature-based solutions to manage water and reduce flooding across the UK. It requires water companies and local authorities to prioritize natural approaches, such as restoring wetlands, improving soil permeability, planting trees, and reconnecting rivers to floodplains, alongside or instead of traditional grey infrastructure like concrete channels and dams. The bill establishes reporting requirements and targets to ensure these methods are systematically implemented, with the aim of improving water quality, reducing flood damage, and enhancing biodiversity simultaneously."
2436,"This bill gives Network Rail specific new powers or changes how they operate in Scotland. The exact details aren't clear from the basic information, but it's essentially Parliament saying Network Rail can do something new or different with Scotland's railways - similar to how a school might give a new responsibility to one of its departments."
2444,"This bill aims to improve the NHS 111 telephone service by making sure staff receive proper training and are properly supervised by qualified clinicians. The goal is to ensure that when people call 111 for health advice, they're getting guidance from well-trained staff who are checked and supported by medical professionals."
2445,"This bill would change the rules about how many hours doctors and surgeons can work in NHS emergency hospital departments. Currently, strict EU-based limits prevent them working very long shifts, but this bill would relax those limits to give hospitals more control over scheduling."
2446,This bill requires the NHS to keep better records of how much healthcare is used by foreign nationals (people who aren't UK residents) and potentially charge them for non-emergency treatment. It aims to recover some of the NHS's costs from overseas visitors rather than having British taxpayers cover these expenses.
2457,"This bill aims to control how Non-Disclosure Agreements are used in the UK. NDAs are contracts that prevent people from sharing information (like business secrets). The bill would likely restrict NDAs that stop people reporting serious wrongdoing, protecting workers who want to speak up about things like abuse or illegal activity at work."
2458,"This bill would restrict the use of Non-Disclosure Agreements (NDAs) in certain situations, particularly to prevent their use in concealing wrongdoing such as harassment, discrimination, or illegal activity. The legislation aims to allow workers and other affected parties to report misconduct to relevant authorities or legal representatives without fear of legal action from their employers or organisations. It seeks to balance legitimate business interests in protecting confidential information with the public interest in preventing cover-ups of serious misconduct."
2459,"This bill restricts the use of Non-Disclosure Agreements (NDAs) in cases involving serious wrongdoing like sexual harassment, discrimination, or criminal activity. It ensures that people who've experienced these harms can report them to authorities or speak publicly about what happened, without being silenced by legal agreements they've signed."
2460,"This Act changes how non-domestic properties (like shops, offices, and factories) are valued and taxed in the UK. It updates the rules for calculating business rates so the system is more modern and reflects current property values."
2461,"This bill updates the system for creating and managing the official lists that decide how much non-domestic rates (business property tax) businesses have to pay. It modernises the rules and processes used to value business properties and calculate what councils charge them, with the aim of making the system clearer and more efficient."
2463,"This Act reforms how councils value non-domestic (business) properties for tax purposes in England. It updates the rules for creating and maintaining the lists used to calculate business rates, aiming to make the system more modern, accurate, and efficient."
2464,"This bill modifies the non-domestic rates system (business property tax) by adjusting the multipliers used to calculate bills for different types of properties. Crucially, it extends business rate relief to private schools, treating them more favorably in the rating system than they previously were. The bill allows the government to change the multiplier rates, the percentages applied to property valuations to determine tax liability, giving flexibility in how much different businesses and organizations pay in property taxes."
2465,This Act reduces the amount of business tax that nurseries and plant-growing grounds have to pay to local councils. It's designed to give these types of businesses financial help by lowering their operating costs.
2466,This Act prepares the way for the UK government to modernise how business property taxes are managed by introducing digital services. It's essentially groundwork to move from paper-based systems to online platforms for handling non-domestic rates.
2467,"This bill aims to reduce the non-domestic rates (business property taxes) that councils charge on public lavatories. The goal is to make it cheaper to run public toilet facilities, which could help ensure more of them stay open and accessible across the country."
2469,"This bill would change UK passports so they don't require people to choose between 'male' or 'female'. Instead, passengers could select a non-gender-specific option (like 'X' or leave it blank), allowing those who don't identify as either gender to have official documents that match their identity."
2478,"This Act is designed to help Northern Ireland's political parties negotiate and set up a functioning government. After politicians from different communities stopped cooperating, this law tries to restart talks and get decision-making working again so the country can be properly governed."
2480,"This bill amends (changes) a 2019 law about how Northern Ireland's executive gets set up after elections. Essentially, it adjusts the rules and timescales for when politicians must form a working government, which is important because Northern Ireland's political system requires power-sharing between different communities."
2482,This Act creates temporary (short-term) rules to keep Northern Ireland's government functioning when normal arrangements have broken down. It's designed as a bridge solution to maintain public services while politicians try to restore normal working relationships.
2490,This Act puts into law an agreement made at Stormont (the Northern Ireland Parliament) to improve how the government runs and to help solve long-standing problems in the region. It's designed to ensure the peace process continues and that politicians from different backgrounds can cooperate on practical issues that affect people's daily lives.
2495,This Act sets out the budget - the government's spending plan - for Northern Ireland in 2018. It decides how much money different government departments get to spend on public services and infrastructure that year.
2499,"This Act allows Northern Ireland's government to adjust its budget and spend money in ways that wouldn't normally be allowed, because the government was unable to agree on a regular budget. It was a temporary measure to keep essential public services running when normal budget-making had broken down."
2501,"This bill allows the government to change the Northern Ireland Protocol, the post-Brexit agreement that keeps some EU rules in Northern Ireland to avoid a hard border with Ireland. The bill gives ministers power to alter these rules without Parliament voting on each change, making trade between Northern Ireland and Great Britain simpler."
2502,"The Northern Ireland Troubles Bill creates a new independent commission to investigate deaths and serious injuries that occurred during the conflict in Northern Ireland (roughly 1968-1998). Rather than pursuing traditional criminal prosecutions, the commission will conduct investigations into past incidents and publish findings. The bill grants a conditional amnesty, immunity from prosecution, to those who cooperate fully with the commission and disclose what happened. This represents a shift from criminal justice toward a truth-seeking and reconciliation approach."
2508,"This Act sets up a system to monitor and regulate nuclear facilities in the UK to make sure they're safe and secure. It replaces previous EU-based nuclear safeguards rules that applied when Britain was in the European Union, allowing the UK to have its own independent nuclear safety and security system."
2513,This bill would require OFCOM (the organisation that regulates TV and internet services in the UK) to have a specific legal responsibility to help prevent serious self-harm and suicide online. It aims to make social media platforms and websites safer for people who are struggling mentally by holding them more accountable for harmful content.
2514,"This bill creates official sentencing guidelines for crimes of violence and harm under a 160-year-old law. Currently, judges have less formal guidance on how long sentences should be, so this bill aims to make sentencing more consistent across different courts and different judges."
2521,"This bill would require the Office for Budget Responsibility to independently verify how much political parties' election promises would cost and make these figures public. Currently, parties don't have to prove their policies are affordable - this bill aims to change that so voters can see which promises are realistic."
2523,This bill proposes setting up a new 'Office for Science Quality Assessment' - a government organization designed to evaluate and maintain standards for scientific research across the UK. It would examine how science is conducted and help ensure it's reliable and trustworthy.
2532,"This bill aims to help make off-patent medicines more affordable and accessible. Once a medicine's patent expires, other companies can make cheaper copies called generics. The bill likely contains measures to encourage this, reduce costs to patients and the NHS, or improve how these medicines are distributed and regulated in the UK."
2533,"This bill grants police extended powers to stop, search, and seize off-road motorcycles and quad bikes used without permission on public land or in ways that cause nuisance. It aims to address anti-social behaviour and environmental damage caused by uncontrolled off-road biking, particularly in rural areas and green spaces. The legislation allows officers to take action against vehicles used recklessly or illegally, with provisions for confiscation and potential prosecution of riders. The bill seeks to balance enforcement capabilities with community safety concerns about unregulated off-road bike activity."
2534,"This bill would require off-road vehicles to be officially registered with the government, creating a record of who owns them. The 'money resolution' stage means Parliament is deciding whether the government should spend public money to set up and run this new registration system."
2535,"This bill would require people who own off-road vehicles to register them with the government and get official documentation, like car owners do. The aim is to reduce illegal off-road biking in public spaces and give authorities better ways to identify and track these vehicles."
2536,"This bill would require off-road vehicles to be officially registered with the government, likely through a database. This means owners would need to record their vehicle details with authorities, similar to how car owners must register their vehicles, to create an official record of who owns which off-road vehicles."
2537,"This bill would require people who own and use off-road vehicles to register them with a central system. The government would keep a record of who owns each vehicle, similar to how car registration works, making it easier to track vehicles and their owners."
2544,"This bill requires on-demand streaming services to make their content accessible to people with hearing or sight disabilities. It means services must provide subtitles for deaf people, audio descriptions for blind people, and other features so everyone can watch and enjoy programmes regardless of their disabilities."
2551,"This bill would require online retailers to verify that customers are the correct age before selling age-restricted items like alcohol, tobacco, and certain knives. It aims to bring online shopping rules in line with existing rules for physical shops, which must already check ID for these products."
2560,"This bill requires online services and social media platforms to implement age verification or age assurance measures to restrict access by children below a certain age (likely 13 or 16, depending on the service). Platforms would need to take reasonable steps to prevent underage users from accessing age-restricted content or services, with potential fines for non-compliance. The bill aims to protect children from harmful online content, predatory behaviour, and excessive screen time by creating legal obligations for tech companies rather than relying on voluntary measures."
2566,"This bill allows the UK to continue being a member of the Open Skies Agreement, an international treaty that lets participating countries conduct aerial observation flights over each other's territory to monitor military activities and build trust. It's about maintaining a long-standing defence and security agreement with other countries."
2570,"This bill would change how organ donation works in the UK. Instead of needing to register to be an organ donor, you would automatically be a donor when you die unless you've previously opted-out (said you don't want to donate). The aim is to increase the number of organs available to help people waiting for transplants."
2571,"This Act changed how organ donation works in the UK by switching to 'deemed consent' - meaning the government assumes you're willing to donate your organs when you die, unless you've registered that you don't want to. It aims to increase the number of organs available for people needing transplants."
2572,"This bill would switch the UK from an 'opt-in' organ donation system (where you choose to donate) to a 'presumed consent' system (where you're automatically a donor unless you say no). The aim is to increase the number of organs available for transplants and save more lives, while still allowing people to refuse if they want to."
2590,"This bill asks the UK Parliament to officially recognise Palestine as an independent state. It's a symbolic measure expressing Parliament's view on the Israeli-Palestinian conflict, rather than a law that changes day-to-day government operations."
2591,"This bill proposes that the UK Parliament officially recognizes Palestine as an independent state. It's a political statement about how the UK should position itself on the Israeli-Palestinian conflict, rather than a law that directly changes UK rules or services."
2593,"This bill would commit the UK Parliament to recognize Palestine as an independent state. It would require the Government to establish formal diplomatic relations with Palestine and work toward Palestinian statehood through international channels. The bill represents a parliamentary statement of intent on UK foreign policy toward the Israeli-Palestinian conflict, though its practical effect depends on Government implementation and would need to navigate existing international law and diplomatic frameworks."
2595,"This bill calls on the UK government to formally recognize Palestine as an independent state. It represents a symbolic parliamentary statement rather than legislation that would automatically change UK policy, as foreign recognition decisions are made by the government, not Parliament. The bill seeks to commit the UK to supporting Palestinian statehood as part of resolving the Israeli-Palestinian conflict. Passage would signal parliamentary support for this position but would require the government to decide whether to implement formal diplomatic recognition."
2597,"This bill aims to improve palliative care services in the UK - the medical and emotional care given to people with serious illnesses who cannot be cured. It focuses on making sure these services are better organised, more accessible, and consistently good quality across all regions of the country."
2608,This bill requires park home site owners (people who own the land where mobile homes are placed) to get a license from the government and follow set standards. The aim is to protect people living in park homes by making sure their sites are well-managed and owners treat residents fairly.
2611,"This bill aims to stop publicly-owned parks and playing fields from being sold. It protects green spaces that belong to councils or other public bodies, ensuring they stay as places where people can play sports, exercise, and spend time outdoors rather than being developed or sold for profit."
2616,"This bill gives the government better powers to manage Parliament Square - the public space around Westminster. It allows authorities to set rules about events, gatherings, and protests in the area to maintain order and safety, while balancing public access to this important democratic space."
2622,"This Act gives permission and funding for a large-scale restoration and renewal project of the Parliamentary Buildings in Westminster. It's essentially Parliament's way of saying 'yes' to fixing up the old, historic building that houses the House of Commons and House of Lords."
2626,This bill makes changes to parliamentary constituencies - the local areas that each MP represents. It's being reviewed in detail at committee stage to decide exactly what changes should be made before Parliament votes on the final version.
2632,This bill deals with parliamentary privilege - the legal protection that allows MPs and Lords to say things in Parliament that would normally get them sued for defamation (damaging someone's reputation). It's about balancing politicians' freedom to speak openly in debates with protecting ordinary people from having lies spread about them.
2633,"This bill requires the UK government to submit trade agreements to Parliament for scrutiny and approval before they come into force. It gives MPs and Lords the power to review trade deals, debate their terms, and vote on whether to accept them, rather than allowing the government to sign agreements without parliamentary oversight. The bill aims to ensure that major trade agreements reflect Parliament's will and protect British interests in areas like workers' rights, environmental standards, and NHS access. Essentially, it shifts control over trade policy from executive decision-making to democratic parliamentary approval."
2637,"This bill makes changes to the rules and standards that MPs must follow. It's a follow-up amendment to an earlier standards bill, and it aims to update or clarify the guidelines that control MP conduct, such as how they handle money, gifts, or conflicts of interest."
2642,"This Act establishes a framework for the public ownership and operation of passenger railway services across the UK. Rather than allowing private train operating companies to run services under franchise agreements, the legislation enables the government to bring railway lines into public ownership as franchises expire or are terminated. The Act aims to give the state direct control over rail operations, fares, service quality, and investment decisions, with the stated goal of improving passenger experience and reducing reliance on private profit-driven operators."
2650,"The Pavement Parking Bill would give local councils in England the power to restrict or ban vehicles from parking on pavements (sidewalks). Currently, only London has this authority. The bill aims to improve safety and accessibility for pedestrians, wheelchair users, and people with buggies by preventing cars from blocking footpaths. Councils would have flexibility to decide their own parking rules based on local needs rather than following a one-size-fits-all national approach."
2655,"This bill aims to create rules for pedicabs (three-wheeled bicycle taxis) in London. It would set up a licensing system so pedicabs must meet safety standards, carry insurance, and be properly registered before they can pick up passengers on London's streets."
2661,"This bill introduces special pension rules for individuals at the end of their life, likely allowing exceptional access to pension funds or modified withdrawal conditions when someone has a terminal diagnosis or limited life expectancy. The precise measures are not detailed in available information, but such legislation typically permits early pension withdrawal, lump-sum distributions, or relaxed drawdown rules without the usual age restrictions or tax penalties that normally apply. The bill aims to give people facing imminent death greater financial flexibility and control over their accumulated pension savings during their final period."
2665,"This bill requires the government to consult with pensioners and stakeholders before making changes to Pension Credit rates and Personal Expense Allowances. It also establishes a duty to regularly review these allowances to ensure they remain adequate. Pension Credit is a means-tested benefit for low-income pensioners, and the Personal Expense Allowance determines how much money pensioners can keep before losing eligibility. The bill aims to ensure that policy changes affecting vulnerable pensioners happen transparently and are regularly evaluated."
2668,"This bill updates and reforms UK pension schemes - the systems that help people save money for retirement. It makes changes to rules about how pensions are run, who oversees them, and how workers' money is protected, aiming to make the system fairer and more secure."
2670,"The Pension Schemes Bill reforms how UK pension schemes are regulated and governed to improve member protection and scheme sustainability. It strengthens the powers of the Pensions Regulator to enforce better standards, introduces new requirements for pension scheme trustees to manage risks more effectively, and gives the regulator greater ability to intervene in poorly-run schemes. The bill also modernises rules around pension transfers and investment governance to protect savers' money from fraud and poor decision-making."
2671,"This Act allows UK pension schemes to formally change how they handle Guaranteed Minimum Pensions - pensions that were promised to workers before 1997. Instead of keeping these old pension rules, schemes can now convert them into the modern pension system, which is meant to make pensions simpler to run and manage."
2674,"The Pensions Act 2011 reforms the UK pension system by gradually raising the age at which people can claim their state pension (from 65 towards 68), and introducing automatic enrolment so more workers are automatically signed up to workplace pensions. It aims to make pensions more affordable long-term as people live longer."
2678,"This bill would extend the automatic enrolment pension scheme to cover more UK workers than it currently does. Currently, employers must automatically put eligible workers into a workplace pension; this bill would likely lower the age or earnings threshold, meaning younger people or lower-paid workers would be included in the scheme."
2686,"The Perinatal Mental Health Assessments Bill requires NHS services to provide mandatory mental health screening and assessments for pregnant women and new mothers (typically within the first year after birth). The bill aims to identify conditions like depression, anxiety, and post-traumatic stress disorder earlier, ensuring women receive timely treatment. It establishes standardised assessment procedures across all NHS trusts and maternity services to reduce variation in care quality and outcomes for mothers and babies."
2691,"This bill expands Permitted Development Rights (PDR), which allow property owners and developers to make certain building changes without needing full planning permission. The bill loosens restrictions on what types of projects qualify for PDR, potentially enabling faster conversions of commercial buildings to residential use, larger extensions to homes, and other developments. The aim is to speed up the development process and reduce bureaucratic delays, though it limits local councils' ability to assess whether changes fit with community planning goals. Essentially, it shifts decision-making power away from local democratic planning processes toward developers' rights to build."
2722,"The Planning (Flooding) Bill strengthens how flood risk is assessed and managed in the planning system. It requires developers and local authorities to conduct more rigorous flood risk assessments before building projects are approved, particularly in flood-prone areas. The bill aims to prevent development in high-risk zones and ensure new buildings incorporate flood resilience measures like improved drainage and elevated structures. This is intended to reduce property damage, protect lives, and lower long-term costs from flooding incidents."
2724,"This bill aims to strengthen the rules protecting green belt land, the countryside and open spaces that surround built-up areas. It would make it more difficult to get permission to build on these protected spaces, with the goal of keeping them green and preventing urban sprawl."
2729,This bill gives local councils stronger legal powers to require landowners to keep their land in good condition and prevent it from becoming neglected or run-down. It aims to stop properties becoming eyesores or dangers to their communities.
2738,"The Planning and Infrastructure Act 2025 is designed to reform England's planning system to accelerate infrastructure development and housing delivery. It streamlines the planning permission process by reducing bureaucratic delays, introducing faster timelines for decision-making on major projects, and potentially loosening restrictions on building in certain areas. The Act aims to make it easier for councils and developers to approve projects deemed strategically important, while establishing new frameworks for financing infrastructure like roads, railways, and utilities alongside new developments."
2746,This Act sets up a 'Planning-Gain Supplement' - a tax on developers who make significant profits when their land value increases after getting planning permission. The government would collect a share of these profits to reinvest in local communities affected by new development.
2749,This bill aims to tackle the problem of plastic pollution by introducing new rules and restrictions on how much plastic is produced and thrown away in the UK. It would likely ban or limit certain types of single-use plastics and push companies and consumers to use less plastic overall.
2750,"This bill aims to tackle plastic pollution by introducing new laws to reduce how much plastic we use and throw away. It could include measures like banning certain single-use plastics, improving recycling systems, or requiring companies to reduce their plastic packaging and waste."
2751,"This bill aims to reduce plastic pollution across the UK by introducing measures to cut down on single-use plastics, improve recycling, and hold companies responsible for their plastic waste. It's designed to protect the environment, marine life, and reduce the amount of plastic ending up in landfills and oceans."
2753,"The Plastics Bill is designed to reduce plastic pollution in the UK by limiting single-use plastics (like bags and straws), improving recycling systems, and making companies take more responsibility for the plastic they produce. It aims to protect the environment and reduce plastic waste ending up in oceans and landfills."
2756,"This bill aims to stop wet wipes containing plastic from being sold or used in the UK. Wet wipes currently cause major problems in sewers and the environment because people flush them and they don't break down, so the bill would require wipes to be plastic-free and genuinely biodegradable."
2769,"This Act changes the rules around policing and crime in the UK. It gives police new powers, changes how crimes are investigated and punished, and affects things like stop-and-search, violence reduction, and how the police service is managed overall."
2770,"The Policing and Crime Act 2017 updates police powers and how they operate in England and Wales. It covers things like stop-and-search rules, driving standards, sexual abuse prevention, and gives police new abilities to deal with crime and disorder in modern society."
2774,"The Political Donations Bill introduces new rules to regulate how money is given to political parties, candidates, and campaigning groups in the UK. The bill aims to increase transparency by requiring donors to be identified and reported, set limits on donation amounts to prevent wealthy individuals or organisations from having disproportionate influence, and strengthen enforcement mechanisms to ensure compliance. It also extends existing donation rules to cover more types of political spending, including online campaigning and third-party campaigns."
2780,"This bill requires the UK government to produce and publish guidance on Poly and Perfluorinated Alkyl Substances (PFAS), chemicals widely used in industrial applications, food packaging, and consumer products. PFAS are persistent in the environment and human bodies, raising health and contamination concerns. The bill aims to help businesses, regulators, and the public understand PFAS risks and compliance requirements, particularly as the UK develops stricter regulations independent of EU frameworks post-Brexit. The guidance would clarify which products contain these substances and what steps organizations should take to reduce exposure and environmental harm."
2783,This Act creates a system to compensate Post Office workers and sub-postmasters who were wrongly prosecuted or lost money because the Horizon computer system gave false information about their accounts. It aims to provide financial compensation and support to help repair the harm caused by this major miscarriage of justice.
2785,"This bill aims to reform post-16 education and training (college, apprenticeships, and vocational courses for 16+ year-olds) to make the system work better. It likely involves changes to how courses are funded, what subjects are offered, and how colleges and training providers operate, with the goal of better preparing young people for work or further study."
2789,"This bill would make it a requirement for the NHS to offer mental health check-ups to women after they give birth. Currently, mental health support after pregnancy isn't always guaranteed, and this bill aims to ensure all new mothers are properly checked for conditions like depression and anxiety."
2790,This Act updates the law about Powers of Attorney - documents that give someone permission to make decisions or handle money for you if you can't. It sets clearer rules to prevent fraud and protect people from being taken advantage of while making sure the system still works practically for families who need it.
2798,This bill aims to protect people who use pre-paid electricity or gas meters by preventing energy companies from disconnecting them once their debt goes above a certain amount. It's designed to stop vulnerable people losing access to essential heating and power while they're trying to pay off what they owe.
2799,"This bill stops pre-payment meter customers from being automatically cut off from their gas or electricity without proper warning or support. It aims to protect vulnerable people (like families with children, elderly people, or those in fuel poverty) from losing essential services suddenly and without a fair chance to get help."
2800,"This bill would temporarily stop energy companies from installing new pre-payment meters in homes. Pre-payment meters require customers to pay money upfront before they can use gas or electricity. The bill aims to protect people who struggle to afford energy, particularly in winter months, by preventing them from being cut off suddenly."
2816,"This bill proposes setting a legal maximum length of time that a Prime Minister can serve in office. Instead of relying on elections alone to change Prime Ministers, there would be a built-in rule forcing them to step down after a certain period, similar to how some countries limit their leaders' terms."
2823,"This bill creates an official, temporary way to replace the Prime Minister if they're unable to work. Instead of leaving it unclear or relying on unwritten rules, it would set out exactly how a stand-in PM is chosen and how long they can serve until the main PM returns or a new one is properly elected."
2825,"This bill sets out the legal reasons and conditions under which principal local authorities (the main councils that run local areas) could be abolished by the government. It creates a clearer framework for when this can happen, rather than leaving it open-ended or decided case-by-case."
2838,"This bill aims to update and improve how private burial grounds and cemeteries in the UK are regulated and managed. It would likely set new standards for things like maintenance, record-keeping, and safety at private burial sites to ensure they're properly looked after."
2844,"This bill aims to introduce new regulations to control how private parking companies charge and treat drivers. It would set standards for things like clear signage, fair charges, and complaint procedures at privately-owned car parks across the UK."
2852,"This Act sets new security standards that manufacturers must follow when making internet-connected products, and gives the government tools to improve the UK's broadband and mobile networks. It aims to protect people from cyber attacks while helping Britain's digital infrastructure keep up with modern technology."
2853,"This Act simplifies the process for foreign professionals to have their qualifications recognised and work in the UK. It removes some of the old bureaucratic barriers that made it difficult for overseas-trained doctors, engineers, plumbers and other skilled workers to practise their professions here."
2855,"This bill temporarily pauses 'programming of bills' - a rule that limits how much time Parliament spends debating specific legislation. It gives MPs more flexibility to take as long as they feel necessary to discuss bills, rather than working within fixed time schedules."
2857,This bill would make the UK government officially commit to helping create peace between Israel and Palestine through diplomatic work and participation in peace negotiations. It's about the UK taking a formal role in trying to resolve this long-standing conflict between the two groups.
2860,"This bill reforms how property is registered and valued in the UK. It aims to modernise the Land Registry system, improve the accuracy of property valuations for tax and legal purposes, and potentially introduce new requirements for property owners to register their holdings. The legislation seeks to create a more transparent and up-to-date record of property ownership and value across the country, which could affect how council tax, stamp duty, and other property-related taxes are calculated."
2872,"This Act aims to protect people from sex-based harassment (unwanted comments, behaviour, or threats targeting someone because of their sex or gender) when they are in public places like streets, shops, and transport. It creates legal protections and potentially gives people ways to report and get help if they experience this kind of treatment."
2878,"This bill aims to protect children from digital harms by establishing safety requirements for online platforms and strengthening data protection rules specifically for under-18s. It likely includes measures requiring social media companies and websites to implement age verification, content moderation, and privacy safeguards to prevent children accessing inappropriate material and having their personal data exploited. The legislation would give regulatory bodies (such as Ofcom) enforcement powers to compel platforms to comply with these standards or face penalties. This represents a significant shift in making tech companies legally responsible for child safety on their services."
2895,"This bill aims to ensure that terminally ill patients in the UK receive fluids and nutrition as part of their end-of-life care. It sets out rules about when and how these should be provided, balancing the duty to care for dying patients with their right to make choices about their own medical treatment."
2896,"This bill aims to ensure that palliative care services are properly provided to people with serious or terminal illnesses across the UK. It focuses on giving patients better access to pain management, counselling, and end-of-life support to improve their quality of life and dignity during their final months."
2899,This bill proposes creating a 'Public Advocate' - an independent official whose job would be to help members of the public who feel they've been treated unfairly by government bodies. The advocate would investigate complaints and try to get problems resolved for ordinary people.
2900,"This bill proposes creating a new 'Public Advocate' - an independent official whose job is to listen to complaints from UK citizens about government and public services, investigate problems, and push for improvements. It's designed to give ordinary people a stronger voice when they feel the system isn't working for them."
2901,This bill would create a new 'Public Advocate' - an independent official whose job is to support and represent ordinary people who believe they've been let down by public organisations. They would investigate complaints and help people get fair treatment.
2903,"This bill proposes creating a Public Advocate - an independent official whose job would be to listen to complaints from ordinary people about how government bodies and public services treat them, and to push for fair solutions. It's designed to give citizens an extra way to get help if they feel let down by the state."
2904,This bill proposes creating a new 'Public Advocate' - an independent official who would help ordinary people challenge unfair decisions by government bodies and public services. The advocate would have powers to investigate complaints and push for changes when public services aren't working properly.
2906,"This bill proposes creating a Public Advocate - an independent official whose job is to listen to complaints from ordinary people about how government bodies treat them, investigate problems, and recommend improvements. It's designed to give citizens a stronger voice when they feel let down by public services."
2910,"The Public Authority (Accountability) Bill establishes stronger legal mechanisms to hold government bodies, councils, NHS trusts, and other public institutions accountable for their decisions and actions. It likely introduces requirements for transparency in decision-making, creates clearer pathways for citizens to challenge unlawful or negligent actions by public authorities, and may impose duties to publish information and explanations about key policies. The bill aims to strengthen oversight and give individuals better recourse when public bodies fail in their duties or act outside their legal powers."
2912,"This bill requires UK public authorities (such as councils, NHS trusts, and government departments) to be transparent about their use of algorithmic and automated decision-making systems. It mandates that authorities document these systems, assess their impact on citizens, and provide people with meaningful information about how automated decisions affecting them are made. The bill also establishes rights for individuals to request human review of automated decisions and gives regulators powers to audit and enforce compliance."
2917,"This bill would require UK public bodies and organisations to include representatives from Scotland, Wales, and Northern Ireland on their boards and decision-making committees. It aims to make sure these devolved nations have a voice in organisations that affect them, rather than being left out of important decisions made in London."
2920,"This bill requires public buildings (like government offices, schools, and hospitals) to publish their energy performance certificates online. These certificates show how energy-efficient each building is, similar to energy labels on fridges, so the public can see which buildings use energy responsibly."
2932,"This bill amends (changes) the existing Public Interest Disclosure Act, which protects 'whistleblowers' - people who report illegal activities, safety risks, or other serious wrongdoing they've discovered at work. The amendment adjusts these protections, though the specific changes would depend on the detailed proposals within the bill."
2970,"The Public Services (Targets) Bill establishes a framework for setting and monitoring performance targets across UK public services, including the NHS, schools, and local government. It requires public sector organisations to meet specific, measurable goals on delivery standards and report progress transparently to Parliament and the public. The bill aims to improve accountability by making it clearer what the public can expect from essential services and holding leadership responsible for results. It includes provisions for independent scrutiny of target-setting and allows for intervention if services consistently fail to meet agreed benchmarks."
2972,"This bill aims to improve bus and train services in rural parts of the UK where public transport is poor or non-existent. It would help people living in countryside areas travel more easily, especially those who can't afford to run a car or are unable to drive."
2973,"This bill aims to protect and support schoolchildren who are at risk of losing out educationally, for example, due to poverty, disability, family problems, or other challenges. It would make it a legal requirement for the government and schools to spot these at-risk pupils and provide them with the help they need to stay in school and succeed."
2977,"This bill aims to introduce new safety and regulatory controls for quad bikes (four-wheeled off-road vehicles). It would give the government power to set rules about things like who can ride them, how they're used, and potentially safety standards - likely in response to accidents or injuries involving quad bikes."
2981,This bill is designed to formally mark and celebrate the Queen's 65 years as monarch. It would authorize official recognition of this significant anniversary through parliamentary approval of jubilee-related arrangements and festivities.
2983,"This bill creates a new Rail Ombudsman service to help train passengers who have problems with their rail company - like compensation for delays or complaints about service. Instead of fighting with the company alone or going to court, passengers can ask the ombudsman to investigate for free and make fair decisions."
2991,"This bill is about how the UK government manages its railway system. It gives the government powers to award long-term contracts (franchises) to private companies to run train services, or potentially to run them itself. It sets out the rules for these agreements and what happens if companies fail to deliver the service they promised."
2996,"This Act helps UK businesses dealing with coronavirus by reducing their property tax bills (business rates). It also protects company directors from being banned from running businesses in the future if their company was dissolved because of pandemic-related financial problems, rather than dishonesty or misconduct."
3001,"This bill would allow voters to recall (remove) their local MP before the next general election, rather than waiting up to five years. If a certain percentage of constituents sign a petition against their MP, it would trigger a by-election where voters decide whether to keep them or elect someone new."
3002,"This bill would allow voters in a local area to force an early election to remove their MP, rather than having to wait until the next scheduled general election. If enough constituents sign a petition (usually 10-15% of voters), a recall election would be held to decide if the MP should stay in office."
3006,"This bill would allow voters in a constituency to force a by-election and remove their MP from office if enough people sign a recall petition. Currently, MPs can only be removed by voters at the next general election; this bill would give constituents the power to trigger an early removal between elections."
3008,"This bill would allow voters to force a recall election to remove their MP if that MP changes which political party they belong to after being elected. Currently, there is a recall process for MPs but it only covers serious misconduct, this bill would add party-switching as a new reason for recall."
3009,"This bill would make the UK Parliament officially recognise the Armenian Genocide - the mass killing of Armenian people during World War One and its aftermath under Ottoman rule. Currently, the UK does not have an official parliamentary position on whether these events should be called genocide."
3010,"This bill asks Parliament to officially recognise that the deaths of around 1.5 million Armenians during World War One were genocide - meaning the Ottoman Empire deliberately tried to destroy the Armenian people. Currently, the UK does not have an official position on this; this bill would change that."
3011,"This bill gives the UK government power to control what happens when goods are exported from the UK and then resold to other countries. Currently, once goods leave the UK, there's limited control over where they go next. The bill aims to let the government restrict or track these 're-exports' to protect security and follow international agreements."
3017,"This bill would change the rules for referendums in the UK by requiring a higher percentage of votes to pass major decisions, rather than just winning by 50%+1. It means future referendums on big national questions would need something like 60% or two-thirds agreement instead of a simple majority."
3021,"This bill aims to change the rules so that refugees in the UK can more easily bring family members to join them. Currently, refugees face strict limits on who they can bring over - this bill would likely make those rules less restrictive, allowing more families to be reunited in the UK."
3031,"This bill gives Welsh speakers the right to register births and deaths in the Welsh language in Wales. Currently, registration documents are only available in English, so this change would allow Welsh-language versions to be created and officially recognized for people who prefer to use Welsh."
3033,"This bill requires local authorities in Wales to provide registration services for births, deaths, and marriages conducted entirely in Welsh. It ensures that Welsh-speaking citizens can complete all official registration processes, submitting forms, receiving documents, and conducting business, without using English. The bill aims to strengthen Welsh language rights in a key civic process and reflects Wales's status as a bilingual nation with Welsh as an official language."
3055,"This bill aims to bring in new regulations for privately rented homes in the UK. It would set out rules that landlords must follow regarding things like property standards, rent increases, and how they treat tenants - with the goal of improving conditions for renters."
3057,"This bill requires UK regulators to consider economic growth as a primary objective when making decisions, alongside their existing safety and consumer protection duties. It applies to major regulators across financial services, energy, telecoms, and other sectors. The legislation aims to reduce regulatory barriers that may inhibit business expansion and investment. Regulators would need to actively assess how their rules affect growth and demonstrate this in their decision-making processes."
3059,"This Act gives UK regulatory bodies (like health and safety inspectors) more flexible powers to enforce rules and punish rule-breaking. Instead of always taking cases to court, regulators can now use tools like warnings, fines, and other sanctions directly, making enforcement faster and more practical."
3060,"This bill would require the government to conduct and publish detailed Impact Assessments before introducing new regulations. These assessments would explain what problems the rules aim to fix, who they'll affect, and whether the benefits outweigh the costs, making the law-making process more transparent."
3063,"This bill establishes or strengthens requirements for Regulatory Impact Assessments (RIAs) before the government introduces new regulations. RIAs are formal analyses that measure potential costs, benefits, and effects of proposed rules on businesses, public services, and citizens. The bill likely mandates that departments conduct thorough assessments, publish findings transparently, and potentially face scrutiny if evidence suggests a regulation will cause disproportionate harm. This aims to ensure regulations are evidence-based and justified rather than imposed without understanding their real-world consequences."
3079,"The Removal of Titles Bill would establish a legal mechanism allowing the Crown to strip individuals of their honours, titles, and formal designations. This would apply to peerages, knighthoods, damehoods, and other honours bestowed by the monarchy. The bill clarifies the process, circumstances, and procedures under which such removals could occur, moving beyond the current informal or case-by-case approach. It aims to provide Parliament with clearer statutory authority over the honours system."
3082,"This bill sets new minimum standards for how well insulated rental properties must be. It aims to make rented homes warmer and more energy-efficient, similar to the Government's push to improve home insulation across the UK, but specifically targeting the rental sector."
3086,"This bill aims to give renters more security and fairness in their homes by changing the rules that govern rental agreements. It would restrict 'no-fault' evictions (where landlords can evict without a specific reason), improve standards for rented properties, and give tenants stronger legal protections."
3087,"The Renters' Rights Act 2025 aims to reform the private rental market by strengthening tenant protections and limiting landlord powers. Key measures include abolishing Section 21 'no-fault' evictions (allowing landlords to evict without cause), introducing longer notice periods for evictions, restricting rent increases, and improving standards for rental properties. The bill seeks to give renters greater security of tenure and clearer legal protections while maintaining a functioning rental market."
3093,"This bill would allow two people to share a single Member of Parliament position, working part-time hours instead of one person working full-time. Currently, each parliamentary seat is held by one MP working full-time, but this bill proposes to change that system."
3096,This bill proposes to lower the voting age so that younger people (likely 16 and 17-year-olds) can vote in parliamentary elections and possibly other elections. It aims to increase youth representation in democracy and give young people more influence over decisions that affect their lives.
3098,"This bill would lower the voting age in UK parliamentary elections, most likely to 16 years old (though the exact age would be specified in the full text). It aims to give younger people a direct say in decisions that affect their futures, particularly on issues like education, climate change, and employment. The bill would require changes to electoral registration processes to include 16 and 17-year-olds. This follows similar changes already made in some local elections and Scottish Parliament elections."
3102,"This bill would require the UK Government to formally recognize the Republic of Somaliland as an independent sovereign state. Somaliland is a territory in the Horn of Africa that declared independence from Somalia in 1991 and has functioned as a self-governing entity for over 30 years, though it lacks international recognition. The bill would commit the UK to diplomatic recognition, allowing the establishment of official relations, trade agreements, and representation. This is a significant geopolitical move, as no major world power currently recognizes Somaliland, and recognition could influence international diplomacy in the region."
3116,"This bill aims to give terminally ill people the legal right to choose to die at home instead of in hospitals or care homes. It would likely require changes to healthcare rules and support services to make this possible, such as training carers and providing equipment needed for end-of-life care at home."
3119,"The Right to Die at Home Bill seeks to give terminally ill patients the legal right to end their lives at home with medical assistance, rather than being forced to travel abroad or continue suffering. The bill would establish a framework allowing eligible patients to receive help ending their life from a doctor, subject to safeguards such as multiple medical assessments and waiting periods. This represents a significant change to current UK law, where assisting someone to end their life remains illegal under the Suicide Act 1961, except in very limited circumstances. The bill aims to give people greater autonomy over end-of-life decisions within their own homes."
3120,"The Right to Manage and Leasehold Bill reforms the rights and protections available to leaseholders in England, particularly those in multi-unit residential buildings. It lowers the thresholds and reduces the costs for leaseholders to collectively take over management of their buildings (Right to Manage), strengthens protections against unfair ground rents and service charges, and increases transparency requirements for managing agents and freeholders. The bill aims to shift power from professional managing companies and freeholders toward resident leaseholders, giving them greater control over how their buildings are run and maintained."
3126,"The River Wye (Cleaning) Bill is legislation aimed at addressing water pollution and environmental degradation in the River Wye, which forms part of the England-Wales border. The bill establishes legal duties on water companies and agricultural operators to reduce sewage discharge and nutrient runoff (particularly nitrogen and phosphorus) that have damaged the river's ecosystem. It sets out enforcement mechanisms, monitoring requirements, and timelines for achieving improved water quality standards. The measure responds to years of environmental decline, including algal blooms and fish die-offs, caused primarily by sewage overflow and intensive farming practices in the catchment area."
3132,"This bill introduces new rules and measures to make roads safer across the UK. Without seeing the specific details, it likely covers things like stricter penalties, new driving rules, vehicle safety requirements, or speed limit changes - all aimed at preventing accidents and protecting road users."
3134,"The Road Safety (Schools) Bill introduces mandatory measures to improve road safety for school-aged children in the UK. It requires schools to implement road safety education programmes, establishes lower speed limits in designated school zones (typically 20 mph), and places obligations on local authorities to conduct safety assessments on routes to schools. The bill also mandates that schools work with local councils and police to identify accident hotspots and implement targeted interventions where children are most at risk."
3137,"This bill aims to reduce traffic congestion on UK roads. However, the specific measures it proposes aren't detailed in the information provided - Parliament will debate the exact plans during the second reading stage before deciding whether to approve it."
3138,"This bill introduces new safety requirements for horses and riders on UK roads, likely including measures such as mandatory safety equipment (reflective clothing, lights), standards for horse training and behaviour assessment, and rules governing where horses can be ridden. It may establish clearer liability frameworks for accidents involving horses and motor vehicles, and could include penalties for non-compliance. The bill aims to reduce injuries and deaths among riders and horses caused by traffic incidents, while clarifying rights and responsibilities for both equestrians and vehicle drivers."
3147,"This bill would make cycling rule-breaking a traffic offence with legal consequences, similar to how car drivers are punished for breaking road laws. It aims to make cyclists more accountable for their behaviour on public roads, though the exact details depend on what specific rules and penalties are included."
3159,"The Roadworks (Regulation) Bill establishes new rules to manage roadworks on UK streets more effectively. It aims to reduce disruption by requiring better coordination between utility companies, councils, and contractors carrying out works like repairs to water pipes, gas lines, and telecommunications cables. The bill introduces stricter licensing requirements, notification standards, and penalties for companies that cause unnecessary delays or poor-quality work. Overall, it seeks to minimise congestion, improve road safety, and ensure roadworks are completed more efficiently."
3161,"This bill seeks to remove criminal penalties for rough sleeping and street-related offences in England and Wales. Currently, people sleeping rough can be prosecuted under laws against anti-social behaviour, obstruction, and begging. The bill would decriminalise these activities, meaning rough sleepers would no longer face arrest, fines, or criminal records for the act of sleeping outside. Instead, the focus would shift toward providing housing and support services rather than prosecution."
3165,"This bill requires the government to produce and publish a report examining the scope and responsibilities of the Commissioner for the Royal Fleet Auxiliary. The Royal Fleet Auxiliary is a civilian-manned naval support service that provides logistics and transport to the Royal Navy. By commissioning this report, Parliament seeks to clarify what the Commissioner's role currently entails and potentially identify areas where their remit should be adjusted, expanded, or clarified for better governance and operational effectiveness."
3169,"This bill aims to ensure that public authorities follow the law properly and can be taken to court if they break it. It's designed to strengthen the 'rule of law' - the principle that everyone, including the government, must obey the law and be accountable for their actions."
3170,"This bill would make it easier for ordinary people to take legal action against public authorities that break the law or act unfairly. It aims to strengthen the 'rule of law' - the principle that everyone, including the government, must follow the law and be treated fairly."
3181,"This bill gives local councils stronger and clearer authority to create byelaws - local rules that protect public safety and conservation in their communities. These rules could cover things like protecting green spaces, managing public areas safely, or protecting wildlife, with each council deciding what their area needs."
3194,"This bill aims to make the ticket market for sporting events and concerts fairer for ordinary fans. It would introduce new regulations to stop practices like bulk-buying tickets with bots or selling them at excessive prices, so that real fans can buy tickets at reasonable costs rather than being undercut by resellers."
3195,"This bill regulates how tickets for sporting and cultural events are sold to prevent exploitative practices. It typically addresses issues like secondary ticket market transparency, resale price caps, bot-driven bulk purchasing, and ticket touting. The legislation aims to protect consumers from paying inflated prices while ensuring organisers and legitimate sellers can still operate, and genuine fans have fair access to tickets at reasonable prices."
3198,"This bill would allow the Church of England to perform marriage ceremonies for same-sex couples. Currently, the Church is not permitted to do this. The bill gives individual churches the choice to decide whether they want to conduct same-sex marriages."
3199,"This bill would require the UK to hold a referendum asking the public whether to allow same-sex marriage. Instead of Parliament deciding the law directly, it would let voters make the final choice on this issue."
3202,"This bill updates the rules around how the UK manages and improves its satellite navigation systems (like GPS). It aims to make the process of updating these systems clearer and more efficient, so they stay reliable and up-to-date for public use."
3203,The Saving Gateway Accounts Act creates special savings accounts for low-income UK citizens where the government matches their savings with bonus money. It's designed to encourage people on lower incomes to save money by rewarding them with extra cash from the government when they put money aside.
3205,"This Act created a scheme where the government gives a one-off payment of money to pregnant women to open a savings account for their baby. The savings can be used later to help with the child's education, housing, or other needs when they turn 18."
3214,"This bill proposes that schools should provide free breakfast to their pupils. The aim is to ensure all children start the school day well-fed, which could help improve their learning, behaviour, and overall wellbeing."
3220,This bill aims to ensure that disadvantaged children get free meals and activities during school holidays (like summer break and half-terms) when they don't have access to school meals. It's designed to support children's health and wellbeing when school is closed.
3226,"The Schools Bill is a law that would give the government greater powers over how schools operate in England. It aims to improve standards by allowing faster intervention in poorly-performing schools and giving ministers more say in education decisions, rather than leaving everything to local councils and school leaders."
3228,"The Schools (Allergy Safety) Bill establishes mandatory safety procedures for schools to protect pupils with allergies. It requires schools to maintain updated allergy registers, provide staff training on recognising and responding to allergic reactions, and ensure appropriate storage and access to emergency medications like epinephrine auto-injectors (EpiPens). The bill aims to reduce deaths and serious incidents caused by allergic reactions in school settings by creating consistent, legally binding standards across all schools."
3252,"This bill updates the laws that control how scrap metal dealers operate in the UK. It aims to prevent theft and illegal selling of scrap metal by tightening rules about who can buy and sell metal, record-keeping, and how dealers must check where their materials come from."
3256,This bill aims to control second home ownership in the UK by introducing new regulations. The goal is to address the shortage of affordable homes for first-time buyers by limiting second home purchases or changing how second homes can be used.
3257,"This bill aims to change how schools for 16 to 19-year-olds are run by giving them more independence and control over their own budgets and decisions. The idea is to make these schools (like sixth forms) operate more like academies, similar to how some other schools in England are already run."
3258,"The Secure 16 to 19 Academies Act 2026 aims to strengthen the operational and financial stability of academy schools serving 16 to 19-year-old students in England. The bill establishes enhanced governance requirements, stricter financial oversight mechanisms, and clearer accountability standards for these institutions. It seeks to prevent academy closures and financial mismanagement while ensuring consistent educational quality across the 16-19 sector. The legislation applies binding standards that academies must meet to maintain their funding and operational status."
3260,"This bill updates the rules for 'secured lending' - when someone borrows money and promises to give the lender something valuable (like a house or business equipment) if they can't pay back the loan. The bill aims to reform how these loans work, though the specific details of what changes aren't provided here."
3263,"This Act gives UK citizens the right to apply to their local council to build their own custom-designed home, rather than having to buy from a developer. It requires councils to keep a register of people interested in self-building and makes it easier for individuals to access land and support to build their own houses."
3264,"This bill would allow self-employed people to skip certain risk assessments that are normally required. It aims to make things easier for freelancers and small business owners by removing what some see as unnecessary red tape, though others worry about losing important safety checks."
3266,"This bill removes age-based rules that currently prevent certain people from being appointed to senior judge positions in the UK. Currently, there are age limits on who can become a senior judge; this bill would allow anyone who is qualified to apply, regardless of their age."
3274,"This bill expands the powers of the Secretary of State for Justice to influence sentencing guidelines set by the independent Sentencing Council. Currently, the Sentencing Council operates with significant independence to develop guidelines that judges use when sentencing criminals. This bill would allow the Secretary of State to direct or request changes to these guidelines, potentially making sentences harsher or addressing public concerns about specific crimes more quickly. Essentially, it shifts some decision-making power from an independent judicial body to an elected politician."
3276,"This bill reforms how pre-sentence reports (PSRs) are prepared and used in criminal sentencing across England and Wales. Pre-sentence reports are documents compiled by probation services that provide judges with information about a defendant's background, circumstances, and risk factors before sentencing. The Act likely establishes new sentencing guidelines that courts must consider alongside these reports, standardising how this information influences sentencing decisions and potentially affecting sentence lengths and consistency across different courts."
3293,"This bill would allow people to be pardoned (have their convictions cleared) if they were convicted under old sexual offence laws that have since been removed or changed. It recognises that some historical laws were unfair - for example, laws that criminalised consensual relationships between same-sex partners - and gives people convicted under these outdated laws a chance to clear their records."
3304,This bill requires people who rent out their homes as holiday lets or short-term accommodation (like Airbnb properties) to tell their local council about it. The government wants councils to have a list of these properties so they can track how many short-term rentals are in their area and make sure people follow local housing rules.
3305,"This bill would require owners of short-term and holiday-let properties to register them with their local council. The government wants to know where these properties are, make sure they meet safety standards, and help address the shortage of homes available for people to rent long-term."
3307,"This bill would make anyone renting out a property for short holidays or short-term stays get permission (a licence) from their local council first. The goal is to regulate this type of accommodation, similar to how hotels are controlled, to protect renters and manage housing availability in local areas."
3308,"The Short-term Let Accommodation Bill introduces new regulations for properties rented out for short periods (typically under 90 days), such as holiday lets and Airbnb-style accommodation. The bill aims to control the growth of short-term rentals in residential areas by requiring landlords to obtain planning permission or register their properties, and may impose restrictions on the number of days per year a property can be let short-term. It also seeks to ensure better safety standards, tax compliance, and to protect long-term rental housing stock in tight housing markets."
3309,"This bill requires owners and platforms of short-term let accommodations (such as Airbnb properties) to share data with local authorities. The data sharing includes information about property locations, occupancy patterns, and host details. The aim is to help councils enforce planning regulations, prevent unauthorized commercial use of residential properties, and ensure short-term lets comply with local housing rules. By requiring this transparency, the government intends to give local authorities better oversight of the short-term rental market."
3310,"This bill requires landlords and property owners to obtain planning permission before converting residential properties into short-term holiday lets (such as Airbnb-style rentals). Currently, many areas allow this conversion without planning permission under permitted development rules. The bill aims to give local councils greater control over short-term letting in their areas, allowing them to manage the impact on housing availability, neighbourhood character, and local services. It represents a significant shift in planning rules to address concerns that short-term lets are reducing the supply of long-term rental housing in many communities."
3311,"The Silica Dust (Exposure) Bill aims to strengthen protections for workers exposed to crystalline silica dust, a hazardous substance that causes serious lung diseases including silicosis and lung cancer. The bill likely introduces stricter exposure limits, enhanced monitoring requirements, and improved safety standards across industries where silica dust is present, such as construction, stoneworking, foundries, and ceramics manufacturing. It may also mandate better training, equipment provision, and medical surveillance for at-risk workers. The legislation seeks to reduce occupational disease and death by enforcing tighter controls on this known carcinogen."
3312,"This bill sets out how the government should officially recognise and protect Sites of Special Scientific Interest (SSSIs) - places like nature reserves, rock formations, or habitats that have important scientific value. It aims to create a consistent process for deciding which areas deserve this special status and what rules should protect them."
3313,"This Act reforms how post-16 education and skills training work in England. It changes the system so colleges and training providers focus more on what employers need, helps young people choose between academic and practical routes, and aims to get more people into work-ready skills."
3316,"This bill aims to make it easier for small and medium-sized co-operatives to develop and grow. Co-operatives are businesses owned by their workers or members who share the profits and decisions. The bill would likely provide financial help, advice, and other support to help these types of businesses succeed."
3338,This bill creates a 'Social Energy Tariff' - a scheme that gives discounted gas and electricity rates to people who are struggling to afford energy bills. It aims to help vulnerable households keep their homes warm and powered at a lower cost.
3341,"This bill would set up a new government commission to examine social justice issues - things like poverty, discrimination, and unfairness in society. The commission would study these problems and suggest ways to make society fairer, though it would not have direct power to make changes itself."
3343,"The Social Media (Access to Accounts) Bill would require social media companies to provide law enforcement and other authorised bodies with access to user accounts and data during investigations. The bill aims to give police and security services tools to investigate crimes such as child exploitation, terrorism, and organised crime by requiring platforms to decrypt or provide access to encrypted messages and account information. It would establish a legal framework requiring companies to comply with access requests, with penalties for non-compliance. Essentially, it creates a backdoor into encrypted social media platforms for law enforcement purposes."
3344,"This bill would require social media platforms (like Instagram, TikTok, and X) to verify users' real identities before they can create accounts or post. Instead of using made-up names, people would need to prove who they actually are, similar to opening a bank account."
3346,"This Act allows the government to give one-off extra payments to people receiving social security benefits (like Universal Credit or pension credit). It was designed to help people cope with rising living costs, particularly during the cost of living crisis in 2022."
3347,"This Act allows the government to make one-off or temporary extra payments to people receiving certain social security benefits. It's designed to provide financial support to households facing difficulty, particularly during periods of economic hardship."
3357,"This bill states that the UK Parliament is the supreme law-making body and cannot be overruled by the European Communities (now known as the European Union). It reasserts parliamentary sovereignty, meaning MPs have final say over UK law rather than any outside authority."
3361,"The Space Industry (Indemnities) Act 2025 allows the UK government to provide legal indemnity (financial protection from liability) to commercial space companies operating in Britain. This means the government will cover costs if a space company causes damage, such as harm to people, property, or the environment, during launch, orbital operations, or re-entry activities. The Act enables the UK space sector to compete globally by reducing the insurance burden on companies, while establishing a framework for when and how government protection applies. Essentially, British taxpayers assume some financial risk so that UK space businesses can operate more cheaply and attract investment."
3366,"This bill would create a new government role - a Special Envoy - whose job is to protect and promote freedom of religion and belief in the UK and abroad. The envoy would help ensure people aren't discriminated against because of their religion or beliefs, and would advise the government on these issues."
3380,This Act gives St. Austell Market specific legal powers and rules to operate as a market in Cornwall. It sets out how the market should be managed and what authority it has to run its day-to-day business.
3390,"The State Actors (Proscription) Bill would allow the UK government to formally ban and designate foreign state actors, such as governments, their agents, or state-controlled organizations, as threats to national security, similar to how terrorist organizations are currently proscribed. Once proscribed, it would become illegal to support, fund, or work with these entities, with criminal penalties for violations. The bill aims to give the UK stronger legal tools to counter hostile state activities like espionage, disinformation campaigns, and political interference without requiring a full diplomatic break or waiting for individual crimes to be prosecuted."
3394,"This bill establishes a national oversight mechanism to investigate and review deaths that occur in state custody or involving state agents (such as police, prisons, or armed forces). It creates independent scrutiny of how these deaths are handled, aims to improve transparency in investigations, and establishes clear procedures and accountability standards across the UK. The mechanism would ensure consistent investigation practices and enable families to access information about state-related deaths more effectively."
3396,"This bill aims to clarify what type of worker someone is (employee, self-employed, or something in between) and ensure they get the rights and protections they deserve. It's designed to tackle situations where people work like employees but don't get employee benefits."
3397,"This bill aims to clarify and improve the legal status of different types of workers in the UK. It would likely change how workers are classified (employee, worker, or self-employed) to make sure people get fair treatment, proper pay, and workplace protections based on the type of work they actually do."
3400,"This bill requires the UK government to commission and publish a report examining whether Statutory Adoption Pay (SAP) should be extended to self-employed workers. Currently, only employees receive the statutory entitlement to paid leave when adopting a child; self-employed parents receive nothing. The bill does not directly extend SAP itself, but instead mandates that ministers investigate the feasibility, costs, and implications of doing so, and then present their findings to Parliament within a specified timeframe."
3401,"This bill modifies the procedures for how statutory instruments (detailed laws made by government ministers under powers granted by Parliament) are created, scrutinised, and implemented. Statutory instruments are a fast-track form of legislation used thousands of times yearly for everything from setting benefit rates to environmental regulations. The bill aims to improve parliamentary oversight of these instruments, though the specific amendments would depend on the bill's current provisions in the House of Lords."
3406,"The Steel Industry (Special Measures) Act introduces targeted government interventions to support the UK steel sector during a period of economic challenge. The bill likely includes provisions such as subsidies, tax relief, or preferential purchasing agreements for UK steel producers, and may establish a regulatory framework to protect domestic manufacturers from unfair foreign competition. These measures aim to preserve steel-making capacity, protect jobs in steel communities, and maintain the UK's industrial base. The act represents a direct government commitment to prevent further closures of steel plants and maintain supply chains critical to other UK industries."
3412,"This bill aims to stop what's called 'SLAPP' (Strategic Lawsuits Against Public Participation) - where wealthy people or companies use expensive court cases to scare ordinary people into silence for speaking out or campaigning. The bill would create new protections to dismiss these cases early, saving people money and protecting their right to speak up without fear."
3414,"This bill aims to stop 'SLAPP suits' - expensive legal cases filed mainly to intimidate and silence critics rather than to win in court. It would give courts the power to quickly dismiss these cases and protect campaigners, journalists, and ordinary people who speak out on matters of public interest."
3415,This bill aims to stop 'SLAPP' lawsuits (Strategic Lawsuits Against Public Participation) - cases filed mainly to scare people into staying quiet rather than to win in court. It would give judges the power to throw out such cases early and protect people's right to speak up about matters of public interest without fear of crippling legal bills.
3435,"This bill proposes to update the old rules about how noble titles (peerages and baronetcies) are inherited when someone dies. It aims to modernise the system so it works better for today's society, rather than following centuries-old traditions that may no longer make sense."
3438,"This bill aims to tackle high sugar consumption in the UK by requiring companies to reduce sugar in their products, making nutrition labels clearer and easier to understand, and controlling how sugary foods and drinks are advertised. The goal is to help people make healthier choices and reduce obesity-related health problems."
3447,"This Act temporarily relaxed Sunday trading laws in London during the 2012 Olympic and Paralympic Games, allowing large shops to open for longer than the usual 6-hour limit. It was a one-off measure to help businesses and make shopping easier during the Games period."
3448,"The Superannuation Act 2010 reformed the pension schemes for public sector employees in the UK. It changed how much workers and the government contribute to pensions, increased retirement ages, and tied pension increases to inflation, aiming to control long-term government spending on pensions."
3458,"This Act allows the UK government to spend money on day-to-day services before the full annual budget (Supply) is officially approved by Parliament. It's a temporary measure to keep the country running, and also makes adjustments to previously approved spending limits when needed."
3467,This Act is Parliament's formal approval of how the government will spend billions of pounds across different departments and public services for one year. It's essentially the government's annual budget - deciding which services get how much money to function.
3468,"This Act gives the government official permission to spend a set amount of money on various public services and departments during 2012-13. It's a routine annual law that authorises the government's budget, similar to a household deciding how much to spend on different bills and expenses each year."
3474,"This Act allows the government to spend the money it has set aside for running public services during 2017-18. It's like a family approving their budget, Parliament agrees on how much money each government department can spend that year."
3479,"This bill authorizes the government to spend money from the public purse for the financial year 2024-25. It approves the 'Main Estimates', detailed spending plans submitted by each government department, allowing them to access funds for operations like the NHS, defence, education, and welfare. Without this annual bill, government departments would be unable to legally spend taxpayers' money. The bill also sets limits on how much each department can borrow if needed."
3480,"This bill authorizes the government to spend money from the UK Treasury for the financial year 2025-26 based on departmental spending plans (Main Estimates). It formally approves how much money each government department, including Health, Defence, Education, and others, can spend on their operations and services. Without this annual bill, the government cannot legally access public funds. The bill also allows the Treasury to make minor adjustments to spending allocations if circumstances change during the year."
3482,"This bill would make it a more serious crime for adults to supply or sell drugs to children under 16. It creates an 'aggravated offence' - a category with tougher penalties - specifically for drug supply to young people, going beyond standard drug supply laws."
3483,"This bill aims to create stronger protections for elderly people and at-risk adults by improving how abuse is reported, investigated, and prevented. It would likely set out clearer rules for care providers, social services, and other organizations about spotting warning signs and taking action when someone may be being harmed."
3485,"This bill aims to make sure that parents and carers can easily find accurate information about support available to them and their babies - such as healthcare services, benefits, and parenting advice. Currently, this information is scattered across different websites and organisations, so the bill would require better coordination to help families get the help they need."
3496,"The Sustainable Aviation Fuel Act 2026 establishes requirements for UK airlines and fuel suppliers to gradually increase their use of sustainable aviation fuel (SAF), jet fuel produced from renewable sources like used cooking oil, agricultural waste, or synthetic processes, rather than conventional fossil fuels. The bill sets binding blending mandates, requiring a percentage of all jet fuel used in UK aviation to be SAF, with targets increasing year-on-year. It also includes investment incentives for SAF production facilities in the UK and establishes certification standards to ensure environmental credibility. The aim is to reduce aviation's carbon emissions while building a domestic SAF industry."
3497,"The Sustainable Communities Act 2007 aims to help create neighbourhoods where people can live, work, and thrive long-term. It gives local communities and councils more say in planning their own areas, focusing on making places better for residents through improved housing, jobs, and services."
3502,"This bill gives local councils (in England, Scotland, Wales, and Northern Ireland) more responsibility for approving and planning sustainable energy projects in their areas. It aims to speed up decision-making on renewable energy by letting communities have a stronger voice in how solar, wind, and other clean energy developments happen near them."
3511,"This bill requires the government to systematically evaluate whether tax reliefs (tax breaks given to specific industries, activities, or groups) actually deliver their intended economic and social benefits. Currently, many tax reliefs exist without rigorous assessment of their effectiveness or value for money. The bill establishes a framework for regular review and evidence-gathering on tax reliefs, enabling Parliament to make better-informed decisions about which reliefs to maintain, modify, or remove."
3516,This bill would establish an annual 'Taxation Freedom Day' - a date showing the point in the year when British workers have earned enough to pay all their taxes. It aims to make people more aware of their total tax burden by calculating when their earnings stop going to taxes and start being their own money.
3523,"This Act reforms technical and further education in England to make it more practical and work-focused. It encourages new types of qualifications and training programmes that teach real job skills, while trying to improve how colleges, employers, and training providers work together."
3529,"This Act makes it simpler for telecoms companies to install broadband and phone infrastructure (cables and equipment) in leasehold properties (flats and shared buildings) without needing permission from every single leaseholder. It speeds up getting high-speed internet to more people, but gives property owners less control over their buildings."
3542,"The Terminal Illness (Relief of Pain) Bill would allow doctors to provide pain relief medication to terminally ill patients, even when such treatment might inadvertently shorten life as a side effect. The bill aims to clarify legal protections for medical professionals who prioritize symptom relief and comfort care in end-of-life situations. It establishes that doctors acting in good faith to alleviate severe suffering are not committing a criminal act, even if high-dose pain medication hastens death. The legislation focuses on palliative care rather than actively ending life."
3543,"This bill aims to improve the rights and support available to people who have been told they are dying from an illness. It would likely include things like better access to palliative care (pain relief and comfort care), clearer legal rights, and support for families during end-of-life care."
3544,"This bill would allow adults in England who are terminally ill and expected to die within six months to request and self-administer life-ending medication, subject to strict safeguards. Two doctors would need to independently confirm the person meets eligibility criteria, including a 14-day waiting period between requests. The bill aims to give terminally ill people greater autonomy over their end-of-life choices while including protections against coercion and ensuring only those with full mental capacity can access this option."
3551,"The Terrorism (Protection of Premises) Act establishes legal requirements for owners and operators of certain buildings and public spaces to implement security measures against terrorist attacks. The act defines which premises must comply (typically high-risk locations like transport hubs, shopping centres, and government buildings) and sets out duties for assessing vulnerabilities, installing protective infrastructure, and training staff. Premises that fail to meet these standards can face penalties, and the act grants authorities power to issue improvement notices where security is deemed inadequate. The legislation aims to reduce casualties and prevent attacks by making it harder for terrorists to exploit vulnerable locations."
3555,"This Act prevents people convicted of terrorist offences from being released early on licence (a type of conditional release). Instead of potentially leaving prison after serving two-thirds of their sentence, terrorist offenders must now serve at least three-quarters of their full sentence before they can be considered for release."
3559,"This bill allows police to issue on-the-spot fines to people caught shoplifting, rather than always taking them to court. It's designed to be quicker and easier than the current court process, but still hold shoplifters responsible for their actions."
3560,"This bill aims to increase criminal penalties for stealing tools and equipment used by tradespeople in their work. Currently, theft is sentenced based on the item's monetary value, which often results in low sentences for stolen tools despite their critical importance to workers' livelihoods. The bill proposes that courts should treat tool theft more seriously, potentially as a specific offense category, to reflect the disproportionate harm caused when self-employed tradespeople lose their equipment and cannot work. This would result in harsher sentences than standard theft charges."
3564,"This bill aims to make it easier for British people, including journalists and officials, to visit and work in Tibet. It does this by requiring the UK government to negotiate with China for reciprocal (equal two-way) access, rather than accepting restrictions on who can travel there."
3565,"This bill aims to increase British access to Tibet and Xinjiang by making it a 'two-way street' - the UK would only allow Chinese officials equal access to Britain if China allows British people the same freedom to visit, work, and investigate in these regions. It's designed to challenge restrictions the Chinese government currently places on foreign visitors and journalists in these areas."
3566,"This bill creates a code of practice for 'tied pubs' - pubs where the landlord must buy beer from a specific brewery company that owns the building. It aims to protect pub landlords from unfair treatment by setting out clear rules about rent prices, maintenance responsibilities, and how complaints are dealt with."
3571,"This bill aims to reduce smoking and vaping, especially among young people, by introducing stricter rules around how tobacco and vapes are sold, advertised, and who can buy them. It's designed as a long-term public health measure to make these products less accessible and appealing to teenagers."
3574,"This bill makes tobacco manufacturers responsible for managing the waste their products create, including discarded cigarette butts and packaging. Companies would need to fund clean-up schemes and support smoking reduction efforts, rather than leaving these costs to taxpayers and local councils."
3585,"This bill changes the planning rules for electricity-generating facilities to make it quicker and easier to get approval for building them. Currently, many energy projects need detailed planning permission; this bill would reduce those requirements so renewable energy can be built faster across the UK."
3586,"This bill changes the planning rules for electricity-generating projects in England. It aims to speed up the process of building new power generation facilities by reducing the amount of planning permission needed, so energy projects can be developed more quickly than they can under current law."
3618,"This bill extends concessionary travel schemes operated by Transport for London (TfL), likely expanding eligibility criteria or geographic coverage for reduced-fare passes. The bill aims to make public transport more affordable for specific groups, potentially including older people, disabled passengers, young people, or low-income Londoners. By extending these concessions, the bill seeks to increase accessibility to the London transport network while managing the financial impact on TfL's budget."
3637,"This Act establishes the UK Infrastructure Bank, a government-backed organisation that lends money and provides investment to support major infrastructure projects. It aims to help build and improve essential services like transport, energy, and internet across the UK."
3639,"This bill would place a legal duty on the UK Government to negotiate and pursue membership in a customs union with the European Union. Rather than leaving the customs arrangements as they currently stand, the bill would require ministers to actively seek negotiations with the EU aimed at establishing closer trade ties through a formal customs union. The bill effectively mandates that the Government must attempt to rejoin or create a customs union framework with EU partners, rather than maintaining the current post-Brexit separate customs status."
3644,"This bill aims to make sure unaccompanied asylum-seeking children get proper legal advice and support when appealing asylum decisions. Currently, some children struggle to understand the complex legal system and may not have access to lawyers. The bill would help ensure they have fair representation to present their cases properly."
3647,"This bill makes it a criminal offence to enter a football stadium without authorisation (like a valid ticket or permission). It aims to tackle problems like gate-crashing, hooliganism, and safety issues at football matches by giving police stronger powers to prevent and punish unauthorised entry."
3648,"The Unauthorised Entry to Football Matches Act 2026 creates new criminal offences and enforcement powers to prevent people from entering football stadiums without valid tickets or permission. The bill strengthens penalties for pitch invasions, unauthorised entry, and re-entry after being banned from a venue. It gives football clubs and stewards expanded powers to eject individuals and introduces measures to tackle ticket touting and fraudulent ticket use. The legislation aims to improve stadium safety, protect paying supporters' experience, and reduce disruption at matches."
3651,"This bill aims to make it illegal for businesses to engage in 'unconscionable conduct' - meaning behaviour that is so unfair, dishonest or exploitative that it shocks the conscience. It would give customers and small businesses new legal powers to challenge and get compensation from companies that treat them this way."
3652,"This bill would create exceptions to the under-occupancy penalty, which reduces housing benefits for people in council homes with spare bedrooms. It would allow certain vulnerable people or groups to keep their full housing support even if their homes are considered too large for their household size."
3653,"This bill asks the government to carry out and publish a detailed report on the under-occupancy penalty (commonly called the 'bedroom tax'). This is the rule that reduces housing benefits for people in social housing who have spare bedrooms. The bill simply demands information and transparency, it doesn't change the policy itself, just investigates its effects."
3654,This bill would require Parliament to commission and publish a report investigating the 'under-occupancy penalty' (commonly called the bedroom tax). This is a policy that reduces housing benefit payments for people in social housing who have more bedrooms than the government thinks they need. The report would examine the impact of this policy on people and families.
3655,"This bill asks Parliament to produce a detailed report examining the under-occupancy penalty - a rule that reduces housing benefits for people on low incomes who have 'spare' bedrooms. It's not trying to change the law itself, just to gather and publish information about how the policy is actually working."
3671,"This bill proposes creating an official UK Register of Places - basically a comprehensive list of important locations across the country. The register would record details about these places and could be used by the government, councils, and the public for planning, historical records, and other purposes."
3672,"This bill would establish new UK parliamentary oversight mechanisms for United States military and security operations conducted on British territory or involving British personnel. It would require the US military to provide advance notice to Parliament of certain operations, grant Parliament rights to review classified agreements, and potentially allow the UK to restrict or withdraw consent for specific US activities. The bill aims to strengthen parliamentary scrutiny of the US-UK military relationship and ensure UK sovereignty over decisions affecting British soil and citizens."
3673,"The Universal Credit Act 2025 is a legislative framework governing the UK's main welfare benefit system that consolidates and modernises rules for how Universal Credit operates. The bill likely addresses administration, eligibility criteria, payment structures, and work incentives within the existing Universal Credit scheme. It would establish the statutory basis for recent policy changes and set out the government's approach to supporting working-age people, unemployed individuals, and those with reduced work capacity. The Act aims to clarify the legal framework within which Universal Credit is delivered."
3675,"This bill proposes to restrict Universal Credit eligibility to British citizens only, excluding non-British nationals (including EU citizens post-Brexit, other foreign nationals, and potentially asylum seekers or visa holders). The measure aims to reduce welfare spending on non-citizen residents and prioritise support for British citizens. It would likely require changes to current eligibility criteria, which already have various residency and immigration status requirements. The bill represents a significant shift in who can access this core welfare benefit."
3676,"This bill removes the 'two-child limit' rule in Universal Credit (a payment for people on low incomes). Currently, families only get extra money for their first two children; this bill would mean families get the same extra payment for all their children, potentially helping larger families have more money for essentials."
3678,"This bill changes how Universal Credit (the main welfare benefit for working-age people) is calculated for care leavers, young people who have left the local authority care system. Currently, care leavers aged 18-21 receive a reduced standard allowance (the basic monthly payment). The bill would entitle care leavers to receive the full standard allowance available to other adults, recognizing that they typically lack family financial support that other young people might have. This aims to reduce poverty and improve financial stability for one of the most vulnerable groups in the UK."
3681,"This bill aims to stop people on zero hours contracts from being 'sanctioned' (having their Universal Credit payments reduced or stopped) when they can't meet work-search requirements due to their unpredictable, irregular working hours. It recognizes that zero hours workers face unique challenges because their employer doesn't guarantee them any set hours of work."
3682,"This bill aims to stop the government from penalizing (sanctioning) people who receive Universal Credit and work on zero hours contracts. Zero hours contracts mean workers have no guaranteed hours, so the bill argues these people shouldn't be punished for not meeting strict job-seeking rules when their work is so unpredictable."
3684,"This bill would expand 'universal jurisdiction' - giving UK courts the ability to prosecute serious international crimes (like war crimes or torture) that happen anywhere in the world. Currently, these powers are limited, so this bill would make them broader."
3703,"This bill enables local authorities and community groups to temporarily use vacant commercial properties (such as empty shops or offices) without needing the owner's permission, provided certain conditions are met. It aims to prevent urban decay, reduce blight caused by long-term empty properties, and activate unused spaces for community benefit, such as pop-up shops, cultural events, or social enterprises. The bill creates a legal framework allowing temporary occupation for a defined period, after which the property must be returned to the owner. It balances the interests of property owners with community needs and local economic vitality."
3705,"This bill reviews and potentially reforms the Vaccine Damage Payments Act, which provides compensation to people who suffer severe adverse reactions to vaccines. The current scheme pays a one-off lump sum of £120,000 to those who can prove they've been significantly disabled by a vaccine. The bill would examine whether this Act needs updating, including whether payment levels are adequate, eligibility criteria are fair, and processes are accessible, given changes in medical knowledge and vaccination programmes since the Act was established in 1979."
3716,"This bill strengthens the legal framework around vehicle registration marks (number plates) in the UK, creating new criminal offences and penalties for misusing, altering, or obscuring registration marks. The legislation targets activities like displaying fake plates, deliberately obscuring characters to evade traffic enforcement cameras, and using registration marks fraudulently. It aims to close legal gaps and increase penalties to deter these offences, which are often linked to more serious crimes including vehicle theft, fly-tipping, and evading tolls or traffic fines."
3720,"This bill updates UK laws to allow new vehicle and aircraft technologies to be developed and used. It covers things like self-driving cars, electric vehicles, and aviation innovations, giving the government power to set safety rules and standards for these new technologies."
3721,"This bill proposes giving special consideration to ex-military personnel (veterans) when they're sentenced for crimes, but only when the court decides not to send them to prison. It aims to help veterans who've served their country but have since committed offences, by recognizing their service when deciding their punishment."
3730,"This bill aims to improve how crime victims are treated by creating a Code of Practice - a set of official rules and standards that public services must follow. It focuses on making sure victims receive proper support, information, and respect as they go through the criminal justice system."
3734,This bill aims to give crime victims and people affected by anti-social behaviour better legal rights and clearer support from the justice system. It would set out what victims are entitled to (like updates on their case) and potentially give them more involvement in criminal proceedings.
3754,"This bill would make voting a civic duty that UK citizens must do by law, similar to systems used in some other countries like Australia. Currently, voting in the UK is voluntary - this would change that to compulsory voting in elections."
3769,"The Waste Incinerators Bill establishes new regulatory frameworks for waste incineration facilities across the UK. It sets stricter emissions standards, requires enhanced monitoring of air pollutants, and mandates improved waste-to-energy efficiency levels. The bill also introduces tighter planning controls for new incinerator sites and strengthens enforcement powers for local authorities and environmental regulators."
3771,"This bill would require the UK to set up an official register that tracks recycled waste from collection through to its final use. Essentially, it creates a record-keeping system to make sure that when we put items in recycling bins, they actually get recycled rather than being sent to landfill or shipped abroad illegally."
3773,"The Waste Tyres Bill establishes a framework for managing end-of-life tyres in the UK, placing responsibility on tyre producers and importers to finance the collection and recycling of waste tyres. The bill aims to reduce environmental harm from fly-tipping and improper disposal by creating an extended producer responsibility (EPR) scheme. It sets standards for how waste tyres must be processed, potentially creating a market for recycled tyre materials used in products like playground surfaces, road surfaces, and industrial goods."
3776,"The Water (Agricultural Pollution) Bill aims to reduce water pollution caused by farming activities, particularly from nutrient runoff (nitrogen and phosphorus), pesticides, and sediment that contaminate rivers, lakes, and groundwater. The bill introduces stricter regulations on farming practices, requiring farmers to implement measures such as buffer zones near water sources, limits on fertiliser use, and mandatory reporting of certain agricultural activities. It establishes enforcement mechanisms and potential penalties for non-compliance, while also providing funding and support to help farmers transition to more sustainable practices. The legislation targets improving water quality across England while balancing the needs of the agricultural sector."
3779,This bill requires water companies in England and Wales to provide special reduced-price water tariffs (cheaper bills) for people who cannot afford normal charges. It aims to ensure vulnerable people can still access clean water without facing financial hardship.
3796,The Welfare Reform Act 2007 changed how the UK welfare system works by placing more emphasis on helping people find employment rather than just providing long-term benefits. It introduced new requirements for people receiving benefits and created support programs to help them train and get jobs.
3798,"This bill would require the UK government to think about the long-term wellbeing of future generations when making important decisions. It aims to make sure that today's choices on issues like climate change, health, and resources don't harm people who will live in Britain decades from now."
3799,"This bill would require the government and public bodies to think about how their decisions today will affect people in the future. It aims to stop short-term thinking that creates long-term problems, like ignoring climate change, pollution, or spending all the money now and leaving debt for later."
3801,"This bill would require the UK government to think about how its policies affect future generations' wellbeing. It would make politicians consider long-term consequences on areas like climate change, public health, and living standards before making important decisions, rather than just focusing on immediate problems."
3802,"This bill requires the government to think about how its decisions today will affect people in the future, like on climate change, natural resources, and public health. It's designed to make sure that policies don't just focus on short-term benefits but also protect the wellbeing of generations to come."
3803,"This bill aims to make the government think about long-term consequences before making major decisions. It would require lawmakers to assess how policies on things like climate, jobs, and health will impact people in 10, 20, or 50 years' time, rather than just focusing on immediate results."
3819,"This Act allows the government to spend money on a compensation scheme for Windrush generation members - people who arrived in the UK legally but were wrongly treated as illegal immigrants, losing jobs and homes. It aims to pay them money to repair the harm caused by government mistakes."
3820,"This bill aims to make sure people who don't have a gas connection (and so can't get the standard Winter Fuel Allowance) can still claim money to help pay for heating their homes during winter. Currently, the allowance is mainly designed for gas-heated homes, leaving some people without this support."
3823,"This bill asks Parliament to approve giving the Prime Minister the legal power to trigger Article 50 of the EU treaty, which formally starts the process of the UK leaving the European Union. It's a straightforward yes-or-no vote on whether the government can proceed with Brexit negotiations."
3825,"This bill aims to make sure women are included in peace talks and protected from harm during armed conflicts and wars. It would require the UK government to create plans that give women a proper role in decision-making about peace, and to work towards stopping violence against women in conflict zones worldwide."
3826,"The Women, Peace and Security Bill requires the UK government to develop and implement a comprehensive national action plan addressing women's roles in conflict prevention, peacebuilding, and post-conflict reconstruction. It establishes legal obligations for government departments to consider gender equality and women's participation in peace processes, conflict resolution, and security policy. The bill aims to increase women's representation in peace negotiations, security institutions, and decision-making roles that affect conflict-affected communities. It also requires the government to report regularly to Parliament on progress in achieving these objectives."
3832,"This bill aims to give more people, especially those in flexible or gig economy jobs, legal protection as 'workers' rather than self-employed. It would extend rights like the minimum wage and paid leave to more people, while clarifying exactly who the law protects."
3833,"This Act aims to give workers more predictable working hours and clearer employment terms. It requires employers to provide workers with better notice of their shifts and more stable contracts, especially for those currently on zero-hours or unpredictable arrangements."
3834,"This bill changes how the law defines who counts as a 'worker' and what rights they have. It aims to give more employment protections to people in non-traditional jobs (like delivery drivers or freelancers), rather than just those with traditional employment contracts."
3851,"This bill would make parents legally responsible for crimes committed by their children, potentially through fines or court-ordered parenting programmes. The aim is to use parental accountability as a way to prevent youth crime and encourage parents to supervise their children more closely."
3859,"This bill establishes a Youth Mobility Scheme that allows young people from EU countries to live and work in the UK for an extended period, and reciprocally allows young UK citizens to do the same in EU member states. The scheme replaces the freedom of movement that ended with Brexit, creating a bilateral agreement framework between the UK and participating EU countries. It aims to facilitate cultural exchange, work experience, and travel opportunities for young adults typically aged 18-35. The bill sets out the legal basis for visa-free or visa-simplified entry, work rights, and residency conditions under this new arrangement."
3860,"The Youth Services Bill establishes a framework for funding, delivering, and regulating youth services across the UK. It aims to improve access to youth clubs, mentoring programmes, and recreational activities for young people aged 11-19. The bill sets minimum service standards that councils must meet and creates accountability mechanisms to ensure consistent quality. It also introduces grants and incentives for voluntary organisations to expand their youth provision."
3870,"This bill aims to ensure that Personal Protective Equipment (PPE) standards and regulations accommodate a wider range of body shapes, sizes, and characteristics across the UK population. Currently, many PPE standards are based on limited anthropometric data that may not fit people of different ethnicities, women, people with disabilities, and those outside average sizing ranges. The bill would require manufacturers and regulators to develop and test PPE using more inclusive sizing and design standards, ensuring that workers in high-risk industries (such as healthcare, construction, and emergency services) can access properly fitting protective equipment."
