id,support_explanation
1,"- Reducing accidents and injuries on slip roads that may have a history of safety incidents affecting local residents and road users
- Improving traffic flow and reducing congestion that may contribute to dangerous driving conditions on these sections of the A34
- Enhancing local road infrastructure in East Ilsley and Beedon, which may have broader economic and quality-of-life benefits for the community
- Addressing a localized safety problem through targeted legislation rather than generic national road safety policies"
2,"Voting to support this bill means you want to get rid of business rates - the tax that shops, offices, and factories pay on their buildings. Supporters believe this would help businesses save money, create more jobs, and encourage investment in high streets and town centres."
10,Voting to support this bill means you want to make it illegal for doctors to perform an abortion based on the sex of the baby. Supporters believe this protects against gender-based discrimination and ensures abortions aren't used to select for male or female babies.
13,"- Increases voter participation by removing barriers for people who work long hours, have caring responsibilities, or are temporarily away from home during elections, ensuring their voices are heard in Scottish and Welsh elections
- Reduces pressure on polling stations on election day by distributing voting across a longer period, leading to shorter queues and faster processing for those voting in person
- Improves accessibility for disabled voters, elderly citizens, and those with mobility issues who find it difficult or impossible to attend polling stations
- Simplifies the absent voting application process, reducing bureaucratic hurdles and making it faster for eligible voters to register for postal or proxy votes"
20,"[""- Addresses a persistent economic inequality: women-led businesses receive approximately 2% of venture capital funding despite representing a significant portion of new business formation, so targeted finance access could unlock economic growth and job creation"",""- Increases accountability through mandatory reporting: requiring financial institutions to publish lending data disaggregated by gender creates transparency and allows regulators to identify and challenge discriminatory practices"",""- Generates broader economic benefits: evidence suggests women reinvest profits into communities at higher rates than men, so improving their access to capital could strengthen local economies and social outcomes"",""- Removes information barriers: providing dedicated mentoring and financial guidance to women entrepreneurs addresses knowledge gaps that may disadvantage them when applying for traditional business loans""]"
27,"Voting to support this bill means you believe children with life-limiting illnesses should have better access to palliative care (treatment focused on comfort rather than cure). If it passes, it would aim to improve how the NHS provides pain relief and support services for seriously ill children and their families."
33,"- Increases competition by allowing new telecom providers to enter the market without building duplicate networks from scratch, reducing infrastructure costs and time to market
- Lowers broadband prices for consumers by enabling competing providers to offer services in areas currently served by single operators, preventing monopoly pricing
- Accelerates rural broadband rollout by allowing multiple providers to share one network infrastructure rather than duplicating expensive fiber installations across the countryside
- Encourages innovation in telecom services and packages as smaller, specialized providers can compete on service quality and customer focus rather than capital investment alone"
39,"A vote to support this bill means you think energy companies shouldn't be allowed to charge customers extra fees just for paying their bills in ways other than direct debit (like paying by card or cheque). If it passes, it would cap how much companies can charge for non-direct debit payments, making bills fairer for people who can't or prefer not to use direct debit."
40,"Voting for this bill means you want to improve support for people who adopt children. If it passes, adoptive parents would likely get better leave from work, pay during that leave, and financial help to look after their new children - similar to what biological parents receive."
42,"Supporting this Act means backing the creation of ARIA (Advanced Research and Invention Agency), a new organisation that funds cutting-edge scientific research in the UK. It aims to help British scientists and inventors develop breakthrough discoveries that could solve major problems and keep the UK competitive in technology and innovation globally."
43,"Voting to support this bill means you want adventure and gap year companies (like those offering expeditions, travel programmes, or outdoor activities) to be officially checked and approved by the government. If it passes, these companies would have to meet safety standards and be inspected regularly, which supporters believe would protect young people from unsafe or poor-quality providers."
45,"Voting to support this bill means you want to help more people afford to buy homes. If it passes, the government would likely introduce new schemes or policies to make house-buying more affordable for ordinary people, such as special loans, grants, or lower deposit requirements."
46,"Voting to support this bill means you want the government to take action to make housing more affordable for people. If it passes, the bill would introduce measures to help people struggling with high house prices or rents - such as building more affordable homes or helping first-time buyers."
49,"Voting to support this bill means you want to lower the threshold for requiring affordable housing from developments. If it passes, smaller housing projects (around 10 units instead of larger ones) would have to include affordable homes, making it easier for lower-income people to find affordable places to live."
50,"- Provides transparency and answers to thousands of Afghan refugees and their families whose personal information may have been exposed, helping them understand what data was breached and the security lapses that occurred
- Establishes independent oversight of government and partner organisations handling sensitive resettlement data, ensuring failures are properly investigated rather than internally reviewed
- Creates a formal record of what went wrong with data security systems, enabling lessons to be learned and preventing similar breaches in future humanitarian resettlement operations
- Holds public bodies and contractors accountable through an independent process, potentially leading to compensation claims and systemic reforms to data handling procedures"
51,Voting to support this bill means you want to set minimum standards for how websites and services check people's ages online. Supporters believe this protects children from accessing age-restricted content (like adult sites or gambling) by making age-checking more reliable and consistent across the internet.
60,"Voting for this bill means you want to help people with Age-Related Macular Degeneration (AMD), a disease that causes sight loss in older people. If it passes, the NHS would likely improve treatments, screening, or support services for people suffering from this condition."
62,"[""- Enables rural economic growth by allowing farmers and rural communities to diversify income through permitted development on their own land, without lengthy planning delays"",""- Reduces bureaucratic burden on agricultural businesses by streamlining planning processes for farm-related buildings, infrastructure, and small-scale rural enterprises"",""- Supports food security by allowing necessary agricultural expansion, modernisation of farming infrastructure, and investment in productive capacity without restrictive planning constraints"",""- Empowers landowners to make efficient use of their property and generate revenue through development opportunities previously blocked by overly rigid planning restrictions""]"
69,"Voting to support this bill means you want the government to take action to reduce pollution from diesel vehicles in city centres. If it passes, the government would likely introduce measures like charging fees for older diesel cars or creating low-emission zones where polluting vehicles are restricted."
82,"Voting to support this bill means you want the government to set a minimum price for alcohol drinks. Supporters believe this would reduce alcohol-related health problems and crime by making cheap alcohol more expensive, especially helping people who struggle with addiction."
86,"Voting to support this bill means you want stricter rules on how alcohol is advertised. If it passes, alcohol companies would face new limits on where, when, and how they can advertise their products - likely to reduce exposure to young people and protect public health."
94,"Voting to support this bill means you want the government to create and maintain an up-to-date list of all ancient woodlands in England. This would help protect these valuable forests from being damaged or destroyed, as they're home to rare wildlife and have existed for hundreds of years."
97,"- Establishes minimum welfare standards that all shelters must meet, preventing neglect and abuse in facilities that currently operate without oversight
- Creates a transparent system where the public can identify licensed, trustworthy shelters when adopting animals, reducing risk of supporting irresponsible operators
- Improves animal outcomes by requiring staff training and proper facilities, leading to better health care, socialisation, and rehoming success rates
- Gives enforcement agencies legal grounds to close down dangerous or exploitative facilities that currently operate in regulatory gaps"
100,"- Reduces the spread of rabies and other serious diseases by ensuring all imported pets meet vaccination and health certificate requirements, protecting both imported animals and UK pets
- Tackles puppy smuggling and illegal breeding operations by requiring proper documentation and veterinary checks, improving conditions for animals bred in poor circumstances
- Prevents the import of animals with serious health or welfare issues by mandating health inspections and age restrictions, ensuring higher welfare standards for imported pets
- Protects UK domestic pet breeders and rescue services from unfair competition with inadequately regulated imports, supporting local animal welfare industry"
105,"[""- Dog owners who have experienced attacks on their pets would have a clearer legal route to claim compensation for veterinary bills, emergency treatment, and loss of a beloved animal"",""- Creates incentives for responsible dog ownership by holding owners legally accountable, encouraging better training, secure fencing, and use of leads in public spaces"",""- Provides clarity and consistency in how courts handle these cases, rather than relying on general negligence law which can be unpredictable and expensive to pursue"",""- May reduce the number of serious dog attacks by establishing deterrents through liability and penalties for owners who negligently allow their dogs to harm others' pets""]"
112,"Supporting this Act means backing a faster way to punish people who mistreat animals. Instead of taking animal cruelty cases to court (which is slow and expensive), police and animal welfare officers can issue instant penalty notices - like parking fines - making it quicker and easier to protect animals from harm."
115,"Voting to support this bill means you think the Animals Act 1971 needs updating to better protect animals or clarify the law. If it passes, the changes would become law and would update how animal welfare and liability for animal-related injuries are handled in the UK."
116,"[""- Eliminates animal suffering: Removes millions of animals from laboratories where they experience pain, distress, and death during experiments, addressing significant ethical concerns about causing harm to sentient beings."",""- Accelerates development of alternative methods: Forces investment in non-animal testing technologies such as human tissue models, computer simulations, and organ-on-a-chip systems, which may ultimately be more reliable for predicting human outcomes."",""- Aligns with growing scientific consensus: Recognises that animal models often fail to accurately replicate human biology and disease, meaning many animal-tested drugs still fail in human trials, wasting resources and potentially delaying effective treatments."",""- Protects vulnerable populations: Prevents pharmaceutical companies from relying on animal testing as a shortcut, incentivising more robust human-relevant research methods that better protect patients who ultimately use these medicines.""]"
122,"[""- Protects the presumption of innocence by preventing accused individuals from being publicly named and shamed if they are later acquitted or charges are dropped, avoiding permanent reputational damage and social stigma"",""- Reduces risks of vigilante justice, witness intimidation, and interference with police investigations that can occur when suspects' identities are widely publicized before trial"",""- Helps vulnerable suspects (including those with mental health conditions or learning disabilities) avoid media sensationalism and public harassment during investigations"",""- Aligns with practices in other European countries (such as Germany and France) where suspect anonymity is standard, demonstrating potential effectiveness in protecting fair trial rights""]"
124,"Voting to support this bill means you want anti-loitering devices (like high-pitched sound emitters) to be regulated and controlled by law. If it passes, these devices would be subject to rules about where and how they can be used, aiming to prevent misuse while allowing legitimate safety applications."
126,"Supporting this Act means backing stronger tools to tackle anti-social behaviour like noise complaints, street harassment, and rowdy behaviour that affects communities. Supporters believe it gives police and councils faster ways to stop problem behaviour and makes neighbourhoods safer and more pleasant for residents."
141,"[""- Reduces court backlogs by directing commercial disputes away from the court system, freeing judicial resources for cases that require court authority and allowing faster resolution for parties involved"",""- Lowers costs for businesses and individuals by enabling quicker decisions through streamlined procedures, potentially reducing legal fees and allowing parties to avoid lengthy court battles"",""- Enhances the UK's reputation as a global hub for international commerce by aligning arbitration rules with international standards, making London and UK arbitration more attractive to foreign businesses and investors"",""- Gives arbitrators clearer powers and duties, reducing uncertainty and potential grounds for challenging decisions, which increases confidence in the arbitration process for all parties""]"
142,"Voting to support this bill means you think arbitration and mediation services should follow equality laws more strictly. If it passes, it would ensure these dispute-solving services treat people fairly regardless of their race, gender, disability, or other protected characteristics."
148,"Voting to support this bill means you want arm's-length bodies (public organizations that work independently from government departments) to be more accountable to Parliament. If it passes, Parliament would have stronger powers to oversee and question these bodies about how they spend money and make decisions."
149,"[""- Eliminates wasteful duplication: Allows consolidation of overlapping arm's-length bodies, reducing administrative costs and streamlining public spending during periods of fiscal constraint."",""- Increases accountability: Ensures that public bodies remain fit for purpose and responsive to citizens' needs by subjecting them to periodic scrutiny rather than operating indefinitely without review."",""- Improves efficiency: Enables removal of outdated or ineffective organizations, redirecting resources to higher-priority public services and modernizing the institutional landscape."",""- Aligns bodies with government priorities: Ensures arm's-length organizations' objectives reflect current public policy goals rather than becoming detached from government strategy.""]"
150,"- Strengthens democratic accountability by requiring elected MPs to vote on military action, ensuring decisions reflect public representation rather than executive discretion alone
- Prevents unilateral executive action by mandating parliamentary approval before armed forces are deployed, reducing the risk of conflicts pursued without democratic consent
- Protects against repeating past conflicts by establishing a legal framework that forces thorough debate and evidence presentation before committing to military engagement
- Increases transparency by requiring the government to present clear justification and intelligence assessments to Parliament before military action, enabling informed public and political scrutiny"
154,"[""- Ensures clear legal accountability and conduct standards for military personnel, protecting both service members' rights and public safety through updated disciplinary procedures"",""- Modernises military law to address contemporary challenges such as cyber warfare, mental health support for veterans, and recruitment from broader demographic groups"",""- Provides statutory authority for armed forces operations and recruitment, giving the military a clear legal foundation to carry out defence responsibilities and protect national security"",""- Strengthens support for veterans, including healthcare, housing, and rehabilitation services, recognising the sacrifices made by former service personnel""]"
155,"[""- Strengthens parliamentary democracy by ensuring MPs debate and vote on military deployments, rather than allowing the executive to commit forces unilaterally"",""- Increases transparency and public accountability for military interventions, making government justify the necessity, costs, and strategic objectives of overseas operations"",""- Prevents hasty military decisions by requiring advance approval, potentially avoiding costly or strategically flawed deployments made without proper scrutiny"",""- Aligns UK practice with other democracies like Germany and Canada, which require legislative approval before deploying armed forces""]"
160,"Voting to support this bill means allowing the UK Armed Forces to operate from bases in Germany. If it passes, British military personnel can be stationed there for training, operations, and NATO defence purposes, strengthening UK-Germany military cooperation."
161,"Voting to support this bill means you want to improve leave (time off) for people in the Armed Forces. If it passes, military personnel would get better holiday arrangements, rest periods, or more flexible time away from duty, which supporters argue helps their wellbeing and work-life balance."
170,"Voting for this bill means you want to improve rules and support for people in the Volunteer Reserve (part-time armed forces members). If it passes, the government can make changes to how reservists are treated, paid, or trained to make military service easier and more attractive."
172,"[""- Creates an independent voice for service personnel who may feel unable to raise concerns within the military hierarchy, potentially encouraging reporting of bullying, harassment, or discrimination that might otherwise go unaddressed"",""- Provides impartial investigation of complaints, reducing the appearance of conflicts of interest when complaints are handled internally by the armed forces themselves"",""- Establishes enforceable welfare standards for military personnel regarding pay, conditions, safety, and access to mental health support, backed by statutory authority rather than voluntary guidelines"",""- Improves transparency and accountability by publishing annual reports on systemic issues, helping parliament and the public understand problems affecting the armed forces workforce""]"
173,"[""- Increases transparency and accountability by requiring government to publish detailed performance data, allowing MPs and the public to assess whether compensation schemes are working effectively"",""- Helps identify gaps in service delivery, such as delays in claim processing or inadequate compensation levels, which could then be addressed through future policy changes"",""- Demonstrates respect for armed forces personnel by showing parliamentary commitment to monitoring the schemes that support them, reinforcing that their sacrifices are not forgotten"",""- Provides evidence-based information to inform debates about whether compensation levels are sufficient or whether schemes need reform to better support injured veterans""]"
180,"Voting to support this bill means you want the UK Parliament to officially recognize the mass killing of Armenians in 1915-1923 as genocide. If it passes, it would be a formal statement that the UK government acknowledges these events as genocide, which many Armenians and their descendants see as important for historical truth and justice."
181,"A vote to support means Parliament would officially recognize that the deaths of Armenians in the Ottoman Empire (1915-1923) were genocide. If it passes, the UK government would formally acknowledge this historical event and strengthen ties with Armenia."
188,"[""- Creates an independent, transparent process to investigate arms sales rather than leaving decisions solely to government ministers, potentially increasing public accountability and trust in how weapons exports are approved"",""- Enables quicker suspension of arms to countries where evidence emerges of weapons being used against civilians or in breach of international law, without waiting for parliamentary debate each time"",""- Aligns UK practice with international humanitarian law obligations by establishing formal mechanisms to monitor whether exported weapons are used responsibly"",""- Protects UK reputation and reduces risk of legal liability by ensuring arms aren't exported to parties who will misuse them in ways that could implicate Britain in violations""]"
189,"[""- Increases transparency: MPs and the public gain clearer visibility of how billions in public funding are spent by arm's-length bodies, reducing opportunities for wasteful or questionable decisions to go unnoticed."",""- Strengthens democratic accountability: Elected representatives can directly question leaders of these organisations about their decisions, ensuring public institutions remain answerable to Parliament rather than operating in isolation."",""- Improves taxpayer protection: Regular parliamentary reporting requirements create incentives for arm's-length bodies to demonstrate value for money and justify spending decisions to scrutinising MPs."",""- Reduces fragmentation: The bill creates a consistent accountability framework across different types of arm's-length bodies, eliminating the current patchwork where some organisations face minimal parliamentary oversight.""]"
192,"[""- Protects citizens from algorithmic discrimination in crucial areas like hiring, lending, and benefits eligibility by requiring companies to test AI for bias before deployment"",""- Establishes clear legal liability, so individuals harmed by high-risk AI systems have recourse and companies face financial consequences for negligence, incentivizing better safety practices"",""- Prevents a regulatory 'race to the bottom' where companies relocate to unregulated jurisdictions, by setting consistent UK-wide standards that protect workers and consumers"",""- Maintains Britain's competitive advantage in trustworthy AI development by establishing reputation as a reliable, well-regulated market that attracts responsible investment""]"
201,"- Protects local sports facilities from being sold off for redevelopment, ensuring communities maintain access to venues for physical activity, grassroots sports, and public health benefits
- Gives community groups and sports organisations a fair opportunity to purchase facilities they use, potentially enabling them to become community-owned rather than private assets
- Strengthens local democratic involvement in decisions about community resources, requiring sellers to notify local people rather than selling exclusively to the highest bidder
- Supports the government's public health agenda by safeguarding infrastructure that encourages physical activity and reduces sedentary lifestyles in local areas"
210,"- Respects individual autonomy by allowing competent adults to make end-of-life decisions aligned with their values, rather than forcing them to endure suffering they find unbearable
- Brings England and Wales into line with other countries (including Scotland, Canada, and several European nations) that have implemented similar laws without the predicted harms
- Provides clarity and legal protection for both patients and medical professionals, replacing the current legal uncertainty where some people travel abroad or use dangerous methods
- Allows people with degenerative conditions to plan their deaths while still able to communicate clearly, rather than waiting until they lack capacity to express their wishes"
231,"- Provides clarity and certainty: Establishing a clear prescribed period removes ambiguity about how long asylum seekers can rely on government support, helping both claimants and local authorities plan ahead
- Ensures fair treatment: A defined period prevents arbitrary decisions and ensures all asylum seekers are treated according to consistent, transparent rules
- Reduces administrative burden: Clear time limits simplify the process for government agencies processing claims and reduce the need for case-by-case decisions
- Balances public resources: Setting appropriate support periods helps manage government spending while ensuring vulnerable people receive assistance during the critical waiting period"
235,"Voting to support this bill means you want the government to set quality standards for autism services and support across the UK. If it passes, it would ensure that people with autism receive consistent, high-quality care and services, wherever they live."
236,"Supporting this Act means backing rules that make electric and self-driving vehicles safer and more trusted on UK roads. It helps protect people who are hit by these vehicles and ensures companies take responsibility for accidents, which encourages them to make the technology safer."
237,"Voting for this bill means you want new housing developments to have Automated External Defibrillators (AEDs) available on site. If it passes, property developers would be required to install these life-saving devices that can help restart someone's heart during a cardiac emergency."
243,"Supporting this Act means allowing self-driving cars to be tested and used on UK roads legally. It could create new jobs, reduce accidents caused by human error, and make transport easier for elderly or disabled people who can't drive."
244,"Voting to support this bill means you want voting registration to happen automatically. If it passes, eligible people would be registered to vote without having to fill in forms themselves - the system would do it based on existing government records like tax or benefits data."
249,"Voting to support this bill means you want 16-18 year old school students to be automatically registered to vote when they turn 16, without having to apply themselves. If it passes, more young people would be able to vote in elections because the registration process would happen automatically through schools."
251,"[""- Reduces operational costs for shipping companies through lower crew requirements, potentially making UK maritime trade more competitive globally and lowering consumer costs for imported goods"",""- Improves maritime safety by removing human error (fatigue, navigation mistakes, poor decision-making) from vessel operations, as autonomous systems can react faster to hazards"",""- Creates new high-skilled jobs in maritime technology, AI development, and vessel monitoring centres, while establishing the UK as a leader in autonomous maritime innovation"",""- Reduces environmental impact by enabling optimised fuel efficiency and routing algorithms, cutting emissions from one of the world's largest shipping industries""]"
253,"[""- Disabled passengers gain legal guarantees of accessible facilities and trained assistance at airports and on aircraft, rather than relying on voluntary compliance or variable service levels"",""- Clear, enforceable standards reduce hidden discrimination and ensure consistent treatment across different airlines and airports throughout the UK"",""- Creates accountability through complaint mechanisms and penalties, meaning operators must invest in genuine accessibility improvements rather than minimal compliance"",""- Extends independence and freedom for disabled people to travel for work, leisure, and family reasons without excessive difficulty or cost of arranging ad-hoc support""]"
258,"[""- Standardised guidance could reduce hospital admissions by helping parents recognise allergic reactions earlier and respond appropriately, rather than receiving conflicting advice from different sources"",""- Clear, consistent information across all NHS services and healthcare settings would empower parents to make informed decisions about introducing allergens and monitoring their infants safely"",""- Early intervention protocols outlined in unified guidance could prevent severe allergic reactions from developing into life-threatening situations in vulnerable infants"",""- Parents would have access to evidence-based resources about common infant allergies (cow's milk protein, eggs, peanuts), reducing reliance on outdated or anecdotal information""]"
262,"[""- Protects vulnerable people (elderly, disabled, families with children) by potentially requiring bailiffs to follow stricter procedures and consider circumstances before forcibly removing someone from their home"",""- Establishes clear legal standards for bailiff conduct, reducing confusion and inconsistency in how warrants of possession are enforced across different regions"",""- Gives occupants guaranteed notice periods and procedural safeguards, allowing time to seek legal advice, negotiate with creditors, or arrange alternative accommodation before eviction"",""- Prevents aggressive or intimidatory bailiff tactics by imposing enforceable rules on conduct, with potential penalties for breaches, giving citizens legal recourse if treated unfairly""]"
269,"[""- Increases democratic accountability by giving Parliament a direct say in setting inflation targets, rather than leaving decisions solely to unelected Bank officials"",""- Allows the government to respond to changing economic circumstances by adjusting inflation targets through legislation, rather than being locked into fixed arrangements"",""- Ensures inflation policy reflects the public interest as defined by elected representatives, particularly if current targets are seen as failing ordinary households"",""- Creates transparency by requiring explicit parliamentary debates and votes on inflation targets, making monetary policy decisions visible and contestable""]"
272,"- Prevents financial system collapse: Recapitalisation provides a faster, more targeted alternative to bank failure, avoiding the cascading damage to mortgages, savings, pensions, and business lending that would affect millions of UK households and companies
- Protects taxpayers compared to alternatives: By restoring a bank's capital position rather than allowing failure, the government avoids the far larger costs of deposit insurance payouts, asset liquidation losses, and broader economic damage that occurred during the 2008 financial crisis
- Maintains continuity of essential services: Keeps critical banking infrastructure functioning, ensuring businesses can access working capital, payroll services operate, and individuals retain access to their deposits during periods of market stress
- Provides regulatory tools with clear safeguards: Establishes transparent legal procedures for when recapitalisation can be used, requiring that senior management and shareholders bear losses before public money is deployed, unlike ad-hoc interventions"
285,"- Protects vulnerable people (elderly, low-income, those with poor credit history) from being entirely cut off from the banking system, which can prevent access to wages, benefits, and essential services. - Reduces reliance on predatory alternatives like payday lenders and loan sharks when people cannot access mainstream bank accounts. - Creates accountability by requiring banks to justify account closures and give customers the right to appeal, preventing arbitrary exclusionary practices. - Addresses the digital divide by ensuring basic in-person banking services remain available for those unable or unwilling to use online banking."
299,"- Prevents catastrophic fires at energy storage facilities that risk lives, property damage, and environmental contamination - incidents have already occurred in the UK with serious consequences - Protects local communities by mandating safety buffers between battery facilities and residential areas, schools, and hospitals, reducing exposure to toxic smoke and hazardous materials released during fires - Enables faster renewable energy deployment with public confidence, as robust safety standards remove a significant barrier to planning permission and community acceptance of necessary storage infrastructure - Clarifies liability and insurance requirements for operators, reducing hidden risks and ensuring financial responsibility for emergency response and environmental remediation"
308,"Voting for this bill means you want to make it easier for the BBC to collect unpaid licence fees through the civil courts (like small claims court) instead of criminal courts. Supporters believe this will help the BBC recover money owed more efficiently and fairly, without sending people to jail for non-payment."
311,"Voting to support this bill means you believe people aged over 75 should not face criminal punishment for not paying their BBC licence fee. If it passes, older people could still be taken to court for non-payment, but they would receive a fine rather than potentially going to prison."
312,"Voting to support this bill means you want to remove the threat of criminal punishment for over-75s who don't pay their BBC licence fee. If it passes, elderly people could face civil penalties (like fines) instead of potential prosecution and a criminal record."
313,"Voting to support this bill means you want to make it legal for people over 75 to not pay their BBC licence fee without facing criminal punishment. If it passes, older people in this age group would no longer risk being prosecuted or fined for non-payment."
314,"[""- Protects vulnerable elderly people from criminal prosecution and the stigma of a criminal record, which can affect housing, employment references, and social standing"",""- Recognises that many over-75s are on fixed or low incomes and prioritise essentials like heating and food, making the £159 annual fee genuinely unaffordable for some"",""- Reduces unnecessary burden on courts and police resources by removing minor non-payment cases from the criminal system"",""- Maintains access to BBC services as a cultural and informational resource for older citizens while removing the threat of jail time or fines""]"
317,"A vote to support this bill means you want the BBC to be privatised - turned from a public service into a private company. Supporters might argue this could increase competition, reduce costs, or give the BBC more freedom to operate like other businesses."
318,"Voting for this bill means you want the BBC to be privatised, turned from a publicly-owned organisation into a private company. Supporters believe this could make the BBC more efficient, reduce costs, and give viewers more choice in how they access services."
319,"Voting to support this bill means agreeing to update the BBC's Royal Charter, which is the legal document that governs how the BBC operates. If it passes, the BBC will have a new set of rules for the next 10-15 years, potentially including changes to how it's funded, what services it provides, and how it's managed."
337,"[""- Provides children and young people with access to timely, professional counselling and mental health support during a critical period when grief can affect development, education, and wellbeing"",""- Ensures consistent, coordinated support across schools and health services rather than leaving bereaved young people to navigate fragmented systems or receive no formal help"",""- Reduces long-term psychological harm and improves life outcomes by addressing grief early, potentially preventing depression, anxiety, and behavioural difficulties that can emerge without proper support"",""- Removes financial barriers by establishing funded services, ensuring support is not dependent on family income or ability to afford private counselling""]"
340,"Supporting this Act means backing the rights and privileges of Beverley Freemen - people with special status in the town of Beverley. It protects their traditional freedoms, such as grazing rights or trading privileges, which have been part of the community for centuries."
342,"A vote to support this bill means you believe Welsh speakers should be able to serve on juries while using Welsh in court proceedings. If it passes, Welsh speakers in Wales could participate in trials without needing to use English, making the legal system more accessible to Welsh-speaking communities."
343,"Voting to support this bill means you want Welsh speakers to have the right to use Welsh in jury trials in Wales. If it passes, Welsh-speaking jurors could give their verdicts and participate in trials in Welsh rather than being forced to use English, making the legal system more accessible."
345,"[""- Protects critical ocean ecosystems and fish stocks that sustain UK fisheries and food security; marine areas beyond national jurisdiction contain biodiversity that supports commercial species migrating into UK waters"",""- Positions the UK as a leader in international environmental governance post-Brexit, strengthening diplomatic influence and aligning with stated commitments to achieve net-zero and environmental protection targets"",""- Creates commercial opportunities for UK researchers and biotech companies through regulated access to marine genetic resources (for medicines and industrial applications) with fair benefit-sharing arrangements"",""- Addresses climate change resilience by protecting ocean carbon sinks and biodiversity that regulate global climate systems, benefiting all UK citizens through climate stability""]"
349,"Supporting this Act means backing plans to improve or better manage Bishop's Stortford Cemetery. It could help ensure the cemetery is well-maintained, has enough space for burials, and provides better facilities for families visiting their loved ones."
355,"- Strengthens border security by giving enforcement agencies enhanced powers to detect and intercept irregular migrants, potentially reducing security risks and maintaining control over who enters the UK
- Reduces asylum processing backlogs by allowing claims to be examined outside the UK (offshore processing), potentially providing quicker resolutions and reducing costs of housing asylum seekers in hotels
- Deters illegal immigration routes by making it riskier and less attractive to use smugglers, which may save lives lost at sea and reduce organised crime profits
- Prioritises resources for vulnerable asylum seekers by processing claims faster and removing those without legitimate claims more efficiently, ensuring genuine refugees are helped sooner"
356,"[""- Introduces a merit-based points system that attracts skilled workers and talented individuals the UK economy needs, rather than accepting immigration based solely on family connections or low-skilled status"",""- Strengthens national security and border control by implementing biometric identification systems (fingerprints and iris scans) that make it harder for criminals or security threats to enter the country undetected"",""- Ensures new citizens have sufficient integration and language skills by requiring English language proficiency and 'Life in the UK' knowledge tests before granting British citizenship"",""- Reduces the financial burden on public services by preventing those without sufficient means from becoming permanent residents, ensuring immigrants are less likely to depend on state support""]"
359,"Supporting this Act means protecting children from cosmetic procedures that could harm their development and self-esteem. It prevents companies from offering botulinum toxin injections (like Botox) and cosmetic fillers to under-18s, helping young people focus on natural development rather than feeling pressured to change their appearance through invasive treatments."
366,"- Earlier detection of breast cancer through optimised screening can reduce mortality rates and catch cancers at more treatable stages, potentially saving lives and reducing treatment costs
- A formal review creates accountability by requiring evidence-based justification for current screening practices and ensuring taxpayer money is spent on clinically effective programmes
- The review can identify underserved populations (such as women from ethnic minorities or deprived areas) who may face barriers to screening, leading to targeted improvements in access and equity
- Updated screening guidelines reflecting current evidence about risks, benefits, and optimal age ranges will help women make informed decisions about participation rather than relying on outdated recommendations"
375,"A vote to support this bill means voting to turn the BBC from a publicly-owned organisation into a privately-owned company. Supporters might argue this could reduce costs, increase efficiency, or give the BBC more commercial freedom to compete with other media companies."
376,"Voting to support this bill means you want the BBC to be privatised - turned from a publicly-owned organisation into a private company that could be bought and run by private businesses. Supporters might argue this could reduce government spending, increase efficiency, or give the BBC more commercial freedom."
378,"[""- Eliminates the television licence fee, reducing costs for UK households who currently pay around £159 annually (2024 rates), freeing up household budgets"",""- Removes the BBC from political influence and government funding cycles, potentially allowing editorial independence from state control and political pressure"",""- Introduces commercial competition and market discipline, which supporters argue could improve efficiency, reduce waste, and make the BBC more responsive to audience preferences"",""- Allows the BBC to pursue alternative revenue streams (advertising, subscriptions, streaming services) rather than relying on mandatory public funding, potentially improving financial sustainability""]"
379,"Voting to support this bill means you want the UK government and public sector organisations (like hospitals and schools) to buy more British-made goods and products. If it passes, public sector bodies would have a duty to prioritise purchasing from British companies, which supporters believe could help UK businesses grow and create more jobs."
380,"Voting for this bill means supporting a requirement for the UK public sector (like NHS, schools, and councils) to prioritize buying British-made goods and services when spending taxpayer money. Supporters believe this will help British businesses grow, create more UK jobs, and keep money in the British economy."
381,"Voting for this bill means you want the UK government and public sector organisations (like the NHS and schools) to buy more British-made goods and products. Supporters believe this will help British businesses grow, create more jobs in the UK, and keep money in the British economy."
383,"[""- Reasserts British sovereignty and parliamentary control over the territory, strengthening the UK's legal position in international law regarding territorial claims"",""- Provides a clear, modernised constitutional framework that addresses historical ambiguities and establishes transparent governance arrangements for the territory"",""- Potentially facilitates military and strategic cooperation by clarifying the legal status of facilities like the US military base on Diego Garcia, supporting national defence interests"",""- Acknowledges and may provide remedies for descendants of the Chagotian people forcibly relocated decades ago, including possible return rights or compensation mechanisms""]"
392,"[""- Supports UK manufacturing jobs by incentivising domestic brick production, potentially creating employment in factories and related industries across regions with established brick-making infrastructure"",""- Reduces supply chain vulnerability by decreasing dependence on imported building materials, making construction projects more resilient to international trade disruptions and shipping delays"",""- Generates tax revenue and economic growth through strengthened domestic industries, keeping manufacturing profits and business activity within the UK economy"",""- Lowers carbon emissions from transportation by reducing the need to import heavy materials internationally, supporting net-zero environmental commitments""]"
393,"Voting to support means you want certain major sporting events (like the World Cup or Wimbledon) to be available on free-to-watch TV channels, not just expensive pay-per-view services. If it passes, more people will be able to watch important national sporting events without paying extra subscription fees."
394,"Voting to support this bill means you want to protect certain major sporting events so they stay on free-to-watch TV channels rather than being moved to paid subscription services. If it passes, events like the FA Cup final or Wimbledon would have to be shown on channels everyone can access for free."
395,"Voting for this bill means you want to protect the free-to-air broadcasting of major sporting events like the World Cup and Wimbledon. Supporters believe these events are so important to British culture that they should be available to everyone on TV channels like BBC and ITV, rather than locked behind expensive subscription services."
403,"Supporting this Act means backing better management and protection of the Norfolk and Suffolk Broads - a special wetland area used for tourism, recreation, and wildlife. It gives the Broads Authority clearer powers to maintain the waterways, manage the environment, and help local communities enjoy this important natural resource."
406,"[""- Increases parliamentary scrutiny of government spending plans, ensuring elected representatives have better information before approving budgets and can challenge fiscal decisions more effectively"",""- Provides independent, expert analysis of budget forecasts through strengthened oversight bodies, reducing the risk that politicians manipulate economic projections for short-term political gain"",""- Promotes long-term economic stability by requiring governments to consider the sustainability of public debt and pension commitments beyond the typical election cycle"",""- Improves transparency for taxpayers and investors about the UK's true fiscal position, building confidence in government finances and potentially reducing borrowing costs""]"
410,"Voting to support this bill means you want stricter safety rules for the external walls and load-bearing walls in buildings. If it passes, builders will have to follow tougher building standards to make sure these walls are safe and properly constructed."
411,"[""- Enhances public safety by enforcing consistent fire safety measures, structural standards, and emergency protocols that protect residents and workers from preventable harm and deaths"",""- Reduces long-term costs for building owners and society by preventing defective construction that leads to expensive repairs, health issues, and early building deterioration"",""- Improves energy efficiency and sustainability requirements, lowering heating and cooling costs for occupants while reducing carbon emissions and supporting net-zero climate targets"",""- Ensures buildings are accessible to disabled people and meet modern standards for ventilation and indoor air quality, protecting vulnerable populations and public health""]"
412,"Voting to support this bill means you want the government to review and update the Building Regulations - the rules that control how buildings are designed and constructed. If it passes, the government will examine these rules to see if they need changing to make buildings safer, more efficient, or easier to build."
413,"- Accelerates housing delivery: Faster approval processes could reduce construction timelines by weeks or months, helping address the UK's housing shortage more rapidly and meeting government building targets. - Reduces construction costs: Simplified regulations and faster builds lower labour and overhead expenses, potentially making new homes more affordable for buyers and renters. - Streamlines bureaucracy: Cutting unnecessary red tape in the approval process reduces delays for developers and local authorities, freeing up resources for more critical safety assessments. - Supports economic growth: Faster building projects create jobs, boost local economies, and increase investment in construction and related sectors."
415,"Supporting this Act means allowing building societies (non-profit banks owned by members) to raise money more flexibly and making it easier for mutual organisations to convert into other types of businesses. Supporters believe this helps these organisations grow, compete better, and serve their customers more effectively."
419,"- Employees gain enforceable legal rights to a respectful workplace, moving beyond voluntary codes of conduct that lack teeth and enabling workers to seek compensation or tribunal remedies when bullying occurs. - Clear statutory duties force employers to implement proactive prevention measures, training, reporting systems, and investigations, rather than reacting only after harm has occurred, reducing overall incidents. - The bill addresses documented mental health impacts of workplace bullying, including depression and anxiety, which cost the NHS and economy billions in lost productivity and healthcare spending. - Small and medium-sized enterprises receive guidance and standards for creating healthy workplaces, improving staff retention, reducing turnover costs, and enhancing organisational reputation."
420,"Voting for this bill means you want the police to respond more quickly and effectively to burglary crimes. If it passes, it could lead to faster police response times, better investigation of break-ins, and potentially more burglaries being solved and prosecuted."
426,"[""- Local authorities can establish 'Franchising' schemes to control routes, fares, and timetables like Transport for London, potentially ensuring better-connected services tailored to community needs rather than profit margins"",""- Creates legal framework for Multioperator ticketing (single tickets valid across multiple bus companies), reducing passenger confusion and making journeys cheaper and more convenient"",""- Enables councils to run buses directly or contract them, giving communities control over services in rural or underserved areas where commercial operators won't operate"",""- Requires bus operators to meet minimum service standards on frequency, reliability, and accessibility, giving passengers legal recourse if services fail""]"
428,"[""- Local councils gain the ability to set routes, timetables, and fares directly, allowing them to prioritize community needs over pure profit, such as maintaining services to rural areas and evening/weekend routes that commercial operators have withdrawn"",""- Dedicated funding increases for bus infrastructure and operations help reverse decades of service cuts, potentially making buses more frequent, reliable, and affordable for passengers who cannot afford cars"",""- Better integration with trains and local transport systems creates seamless journeys and encourages people to switch from cars, reducing congestion and improving air quality in towns and cities"",""- Operators receive financial certainty through longer-term contracts, enabling investment in modern vehicles, driver training, and service improvements rather than short-term cost-cutting""]"
431,"Supporting this Act means helping businesses recover quickly after the COVID-19 pandemic by making it easier for them to operate. It allows shops and restaurants to use outdoor spaces like pavements for tables and seating without lengthy paperwork, helping them serve customers safely while getting back on their feet."
432,"Voting to support this bill means you think Parliament needs a new commission to manage its day-to-day business and schedule. If it passes, this commission would help organize what Parliament does each week and how it runs more efficiently."
434,"Voting to support this bill means you think Parliament needs a new commission to manage its day-to-day business and scheduling. If it passes, this commission would help organize parliamentary time more fairly and efficiently, giving more say to different political parties."
435,"Voting for this bill means you think Parliament needs a special committee to help organize and manage its day-to-day work more effectively. If it passes, a new commission would be created to handle things like scheduling debates, organizing parliamentary business, and making sure the House runs smoothly."
447,"[""- Reduces regulatory burden on motor home owners and small business operators by eliminating costly and time-consuming licensing applications and compliance requirements"",""- Recognises the practical difference between traditional caravans (semi-permanent structures) and motor homes (mobile vehicles), allowing more proportionate regulation for self-contained, moveable accommodation"",""- Increases flexibility for the growing motor home tourism and leisure industry, potentially boosting rural economies and supporting more diverse accommodation options across the UK"",""- Simplifies planning and administrative processes for landowners who wish to offer motor home parking or seasonal pitches without full caravan site licensing infrastructure""]"
457,"A vote to support this bill means you want the UK to reduce carbon emissions from buildings like homes, offices, and shops. If it passes, building owners would need to follow new rules to make their properties more energy-efficient, helping fight climate change and potentially lowering energy bills."
458,"[""- Accelerates the UK's legally binding commitment to reach net zero carbon emissions by 2050, helping avoid climate change impacts including extreme weather, food security threats, and economic losses."",""- Creates investment and job opportunities in green construction, insulation installation, heat pump manufacturing, and renewable energy sectors across the UK."",""- Reduces long-term energy bills for household and business occupants through improved building efficiency and lower heating costs once retrofits are complete."",""- Improves indoor air quality, health outcomes, and thermal comfort by eliminating poor-quality housing stock with inadequate heating and ventilation.""]"
466,"Voting to support this bill means you want schools to give better careers advice to students aged 12-16. If it passes, schools would be required to help young people learn about different jobs and career paths, so they can make better choices about their future."
475,"- Recognises unpaid carers' legal right to assessment and support services, reducing financial and physical strain on the estimated 5 million UK carers currently providing care without adequate recognition
- Establishes minimum wage standards and employment protections for care workers, reducing staff turnover and improving continuity of care for vulnerable service users
- Requires care providers to offer mandatory training and development opportunities, ensuring higher quality care standards and safer practices in care homes and domiciliary settings
- Provides statutory entitlement to respite care breaks for unpaid carers, improving their mental health and preventing carer burnout and associated health crises"
484,"[""- Enables consumers to make informed purchasing decisions by knowing where ceramics originate, supporting those who prefer to buy British-made or from specific countries"",""- Protects UK ceramic manufacturers from unfair competition by preventing imported ceramics from being sold without transparent origin labelling, potentially boosting domestic industry"",""- Reduces consumer deception by preventing misleading country-of-origin claims, ensuring products marketed as 'Made in Britain' actually meet defined standards"",""- Supports fair trade practices and allows consumers to align purchases with their ethical or environmental preferences based on manufacturing location and standards""]"
492,"Voting to support this bill means you want to protect chalk streams, which are rare freshwater rivers found mainly in southern England. If it passes, the bill would introduce stronger rules to stop these streams from being damaged by pollution, over-extraction of water, and other threats, helping preserve these unique ecosystems."
493,"[""- Protects irreplaceable habitats: Chalk streams support rare species found nowhere else in the world, including specific fish, plants, and invertebrates that depend on their clear, constant-temperature water"",""- Addresses water company accountability: Establishes enforceable duties on water companies to reduce over-abstraction and prevent the drying up of streams that supply their customers' water"",""- Enables ecosystem recovery: Legal protections and restoration requirements allow damaged chalk streams to naturally regenerate, improving biodiversity and water quality for downstream communities"",""- Supports long-term water security: Protecting chalk streams and their aquifers helps maintain sustainable freshwater supplies for future generations rather than depleting this finite resource""]"
494,"[""- Protects irreplaceable natural ecosystems: Chalk streams are rare globally and support endangered species; investment prevents their ecological collapse and permanent loss"",""- Reduces public health risks: Better sewerage infrastructure decreases contamination of water sources and reduces the spread of waterborne pathogens to communities downstream"",""- Creates enforceable accountability: Mandatory investment targets with legal consequences ensure water companies cannot avoid environmental obligations through voluntary commitments alone"",""- Delivers economic benefits: Investment in sewerage modernisation creates jobs in construction and environmental management while reducing long-term costs from ecosystem damage and water treatment failures""]"
495,"[""- Protects irreplaceable biodiversity: Chalk streams support unique species of plants, insects, and fish that exist nowhere else on Earth, making them scientifically invaluable and worth preserving for future generations"",""- Strengthens water quality standards: Enhanced legal protections would restrict pollution and over-extraction of groundwater, ensuring these streams remain viable habitats rather than continuing to decline as they currently do"",""- Increases international recognition and funding: UNESCO World Heritage status attracts global attention and potential conservation funding, raising the profile of chalk streams and supporting long-term restoration projects"",""- Supports local economies: Healthy chalk streams boost tourism, angling, and recreational activities that generate income for rural communities in southern England""]"
496,"Voting to support this bill means you want to protect property owners from unexpected financial claims related to church chancel repairs. If it passes, it would limit or remove the legal obligation for some landowners to pay for repairing the chancel (the part of a church where the altar is) - a centuries-old rule that can suddenly cost thousands of pounds."
509,"Voting to support this bill means you want energy companies to give customers clear information about the cheapest available tariffs. If it passes, energy suppliers would be required to show people what the lowest-cost options are, making it easier for households to save money on their bills."
510,"- Gives Cheltenham Borough Council clearer legal authority to maintain order and safety standards in markets, protecting both traders and the public from poor conditions or unsafe practices
- Allows the council to generate revenue through market licensing and trading fees, which can be invested in improving market infrastructure, cleanliness, and facilities
- Enables effective enforcement against illegal trading, counterfeit goods, and anti-social behaviour in markets by providing explicit legal powers and penalties
- Allows the council to adapt market regulations to reflect local needs, such as controlling market size, protecting independent traders from unfair competition, or supporting sustainable business practices, without needing to seek parliamentary approval each time"
512,"- Speeds up court proceedings in child abduction cases, reducing the time children spend in legal limbo and away from their other parent, which protects children's emotional wellbeing. - Strengthens UK enforcement of international custody agreements, making it harder for parents to successfully evade court orders by fleeing to another country with their child. - Closes legal loopholes that have allowed some wrongfully abducted children to remain hidden abroad, ensuring the principle that children shouldn't benefit from their own abduction. - Improves cooperation between UK courts and foreign courts, making it more likely that custody disputes are resolved fairly and that children are returned to their habitual residence."
515,"Voting to support this bill means you want child contact centres to be officially checked and approved by the government to make sure they meet proper safety and quality standards. If it passes, centres where children meet separated parents would need accreditation, giving families more confidence that their children are in safe, well-run places."
518,"[""- Protects vulnerable children from prosecution by establishing they are victims of abuse when exploited by adults, preventing criminal records that damage their futures"",""- Creates targeted criminal offences against exploiters, enabling prosecutors to punish adults who deliberately manipulate children into drug dealing, theft, or violence"",""- Improves identification and support by requiring agencies to recognise exploitation patterns (such as gang involvement or county lines drug trafficking), enabling early intervention"",""- Aligns UK law with international best practice in treating child exploitation as child abuse rather than juvenile delinquency, improving rehabilitation outcomes""]"
519,"[""- Protects vulnerable children by creating specific legal pathways to treat them as victims of exploitation rather than criminals, reducing prosecutions of exploited minors and focusing enforcement on adult perpetrators"",""- Gives police and child protection services enhanced powers to identify, intervene with, and safeguard children at risk, including those groomed for drug dealing or gang involvement"",""- Introduces tougher sentencing and new criminal offences specifically targeting adults who exploit children, creating stronger deterrents and longer prison terms for serious offenders"",""- Improves multi-agency coordination between schools, social services, and law enforcement to identify exploitation earlier and provide support services to at-risk children""]"
528,"- Removes a financial penalty on larger families, allowing households with three or more children to access the same per-child support as smaller families, directly increasing household income for around 900,000 children currently excluded from support
- Addresses child poverty in large families, which experience significantly higher poverty rates; lifting the restriction could move many children above the poverty line according to child poverty campaigners
- Aligns with international human rights frameworks and comparable welfare systems in other developed nations that do not restrict support based on family size
- Reduces administrative complexity and fairness concerns by treating all children equally within the benefits system rather than penalising parents for family size"
546,"Supporting this Act means backing stronger legal protections for children against female genital mutilation (FGM), which is a harmful practice. It gives courts and social services clearer powers to protect at-risk children and makes it easier to intervene before harm occurs."
556,"- Protects vulnerable children by creating visibility of all school-age children, preventing cases where abuse or neglect goes undetected because a child is hidden from authorities
- Reduces educational inequality by ensuring children in home education receive quality provision, as local authorities can now inspect and monitor standards rather than assuming all home education is adequate
- Gives courts legal tools to intervene when children are persistently absent or denied education, protecting their right to learn and future life chances
- Strengthens child safeguarding by requiring transparency about where every child is being educated and creating accountability for parents and providers currently operating without oversight"
561,"- Reduces household costs for families with children, freeing up money for other essentials like food, heating, or education
- Helps lower-income families most significantly, as clothing represents a larger proportion of their household budget
- Aligns UK policy with some other European countries that already exempt children's clothing from VAT
- Recognizes that children's clothing is a necessity rather than a luxury item, similar to how children's books and food are already VAT-exempt"
562,"[""- Provides reliable, long-term funding that allows children's hospices to plan services confidently rather than constantly fundraising, enabling them to hire and retain specialist staff"",""- Ensures equitable access to end-of-life and palliative care across all regions, rather than service quality depending on local charity fundraising capacity"",""- Reduces financial burden on families already coping with a child's serious illness by guaranteeing access to respite care, counselling, and specialist medical support"",""- Demonstrates government commitment to vulnerable children and families by recognizing children's hospice care as essential NHS-level provision deserving public funding""]"
563,"- Schools will have dedicated funding and clearer frameworks to provide mental health support, reducing waiting times for counselling and therapy that currently leave many children without help
- Improved coordination between schools and NHS services means children won't fall through gaps between education and healthcare systems, with faster referrals to specialist support
- Strengthened safeguarding measures and staff training will better identify children at risk of harm, abuse, or neglect earlier, potentially preventing serious incidents
- Clear wellbeing standards give schools accountability for supporting not just academic achievement but children's mental health, addressing the rising crisis of anxiety and depression among young people"
567,"[""- Strengthens the formal constitutional relationship between the monarchy and the Church of Scotland, preserving an important historical connection and ceremonial tradition"",""- Modernises outdated procedures around the Lord High Commissioner role to reflect contemporary governance standards and administrative practices"",""- Clarifies the appointment process and responsibilities, reducing potential confusion or disputes about how this position is filled and what authority it carries"",""- Ensures the Church of Scotland has stable, clearly-defined representation at the heart of its governance, supporting the church's autonomy while maintaining formal recognition""]"
577,"[""- Modernizes outdated Victorian-era legislation, allowing markets to operate more flexibly and respond to changes in wholesale trading practices and e-commerce"",""- Strengthens the City of London Corporation's ability to manage these economically important markets effectively, protecting jobs in food wholesale and distribution sectors"",""- Enables investment in market infrastructure and facilities by clarifying ownership and removing regulatory obstacles that currently prevent improvements"",""- Preserves London's historic wholesale markets as functioning trading hubs rather than allowing them to decline or be repurposed, maintaining food supply chain resilience""]"
585,"Voting to support this bill means you want to change the Civil Partnership Act 2004 to improve or expand civil partnerships. If it passes, these changes would become law, potentially giving same-sex couples and possibly other groups new rights or benefits related to civil partnerships."
587,"A vote to support this bill means you want to change the Civil Partnership Act 2004 to update or improve how civil partnerships work. If it passes, these changes would become law and affect how same-sex couples (and potentially different-sex couples) can form legal partnerships in the UK."
588,"Voting to support this bill means you want different-sex couples to have the same legal option as same-sex couples to enter a civil partnership instead of marriage. If it passes, mixed-sex couples would gain access to civil partnerships, giving them another choice for formalizing their relationship with similar legal protections to marriage."
589,"A vote to support this bill means you want sibling couples (brothers and sisters) to be able to enter into civil partnerships with legal recognition and protections. If it passes, siblings would gain the same legal rights and responsibilities as other civil partnership couples, including inheritance rights, medical decision-making, and tax benefits."
590,"Supporting this Act means backing changes to how civil partnerships, marriages, and deaths are registered in the UK. It aims to make the registration system more efficient and up-to-date, potentially making it easier for people to register important life events and access records."
599,"[""- Provides a direct legal remedy for citizens affected by poor air quality, allowing individuals to sue for damages or injunctions rather than relying solely on government enforcement"",""- Aligns UK law with WHO air quality guidelines (stricter than current UK standards), which scientific evidence shows would prevent thousands of premature deaths annually from respiratory and cardiovascular disease"",""- Creates enforceable government accountability through mandatory air quality targets and annual public reporting, reducing political discretion and ensuring consistent action across all regions"",""- Protects vulnerable populations including children, pregnant women, and people with existing lung conditions by establishing their right to clean air as a legal entitlement rather than a policy preference""]"
600,"- Protects vulnerable populations (children, elderly, those with respiratory conditions) by establishing enforceable legal standards that prevent harmful pollution levels, rather than relying on voluntary compliance. - Enables citizens to hold both government and major polluters legally accountable through courts, creating genuine consequences for failing to meet air quality targets. - Addresses a clear health crisis: air pollution causes an estimated 40,000 premature deaths annually in the UK, and this bill creates statutory obligations to reduce that burden. - Sets mandatory improvement timelines and targets, forcing decisive action on pollution hotspots rather than allowing indefinite delays in implementing air quality improvements."
601,"Voting to support this bill means you want stricter rules to reduce air pollution across the UK. If it passes, the government would need to take stronger action to improve air quality, which supporters believe will protect people's health and reduce breathing-related illnesses."
604,"Voting to support this bill means you want to strengthen rules about keeping neighbourhoods clean and protecting the environment. If it passes, it would likely give councils more powers to tackle issues like fly-tipping, litter, and environmental damage, making communities cleaner and safer."
605,"[""- Gives local authorities faster, more cost-effective ways to tackle minor environmental crimes through fixed penalty notices, rather than lengthy and expensive court cases"",""- Empowers councils to respond more quickly to community complaints about graffiti, fly-posting, and littering, improving visible cleanliness in neighbourhoods"",""- Increases deterrence against environmental vandalism and littering by making enforcement more likely and immediate, potentially changing public behaviour"",""- Allows councils to allocate limited enforcement resources more efficiently, addressing multiple environmental problems rather than concentrating on prosecutions""]"
610,"[""- Legally binding emissions targets create certainty for businesses and investors to plan long-term decarbonisation strategies, potentially positioning the UK as a green economy leader and attracting clean technology investment"",""- Habitat restoration and nature recovery programmes help reverse biodiversity loss, improving pollination for agriculture, water quality, and natural flood defences that reduce costs to communities"",""- Independent oversight through enhanced environmental governance holds governments accountable across electoral cycles, preventing backsliding on climate commitments regardless of which party is in power"",""- Coordinated action across public bodies (NHS, local councils, schools) embeds environmental responsibility into everyday services, reducing waste and operational costs while improving public health outcomes""]"
621,"- Redirects existing government spending from propping up declining fossil fuel industries toward renewable energy infrastructure, creating sustainable long-term jobs in wind, solar, and green technology sectors rather than temporary extraction jobs. - Reduces air pollution-related NHS costs (currently estimated at billions annually for treating asthma, heart disease, and lung cancer) by decreasing reliance on coal and gas, improving public health and freeing up health service resources. - Aligns UK spending with climate commitments made at COP26 and statutory net-zero targets, while making climate finance transparent by consolidating it into one fund rather than scattered across departments. - Corrects market distortions where fossil fuels appear artificially cheap because pollution and health costs are paid by taxpayers rather than energy companies."
623,"- Improved public safety: CCTV evidence helps police investigate crimes more effectively, potentially deterring criminal activity and making town centres, transport networks, and public spaces feel safer. - Consistent standards: The bill creates uniform rules across the UK so that footage quality, storage periods, and access protocols don't vary unpredictably between regions, making the system more efficient. - Economic benefits: Standardised investment in camera technology creates opportunities for tech companies and security industries, supporting jobs and innovation in this sector. - Accountability framework: Clear regulations on how CCTV is used, who can access footage, and for what purposes helps prevent abuse while allowing legitimate security and law enforcement uses."
626,"Supporting this Act means agreeing that cluster munitions (weapons that scatter many small bombs over a wide area) should be banned in the UK. Supporters believe these weapons cause unnecessary suffering to civilians, including long-term harm from unexploded bombs, and that banning them protects innocent people during and after conflicts."
627,"Voting to support this bill means you want the UK to continue extracting coal from the ground and using it as an energy source. If it passes, coal mining and coal-fired power could continue or expand in the UK."
637,"Supporting this Act means backing rules that ensure UK coins are made to consistent sizes and weights. This helps businesses, vending machines, and banks work properly, and protects people from counterfeit or incorrectly-made coins."
645,"Voting to support this bill means you believe commercial landlords should not be allowed to include 'upward-only' clauses in rent agreements. If it passes, these clauses would be banned, meaning rents could only stay the same or go down during rent reviews, never forced to go up."
656,"[""- Enables the Commonwealth Parliamentary Association to function more efficiently by exempting it from certain tax and regulatory requirements, reducing administrative burden and allowing resources to focus on promoting democratic governance across Commonwealth nations"",""- Grants the International Committee of the Red Cross operational immunity necessary to deliver humanitarian aid impartially during conflicts and disasters, without risk of legal liability that could compromise its ability to protect civilians"",""- Aligns UK law with international norms and reciprocal arrangements; other countries grant similar status to these organisations, so this bill ensures the UK can fully participate in global humanitarian and parliamentary networks"",""- Facilitates the ICRC's neutral mediation role in conflicts by providing legal protection for its staff and operations, directly supporting its work in preventing suffering and upholding international humanitarian law""]"
661,"[""- Accelerates the UK's transition to renewable energy by enabling community-led generation projects, helping meet climate targets while spreading renewable capacity beyond large utility companies"",""- Empowers local communities to benefit directly from energy revenue generated in their area, potentially creating local jobs and keeping profits within communities rather than flowing to distant corporations"",""- Identifies and removes practical barriers to community energy projects, such as grid connection delays, high upfront costs, or unclear planning rules, making it cheaper and faster for communities to develop schemes"",""- Increases energy independence and resilience by distributing power generation across many local projects rather than relying on centralised grid infrastructure, protecting communities from energy price shocks""]"
666,"[""- Protects employees, customers, and communities by requiring directors to consider their interests, not just shareholder returns, reducing corporate misconduct and improving business ethics"",""- Strengthens investor protection by clarifying director responsibilities and increasing accountability, helping prevent corporate fraud and mismanagement that damages shareholders"",""- Modernises UK law to match international standards on ESG and sustainable business practices, making UK companies more competitive globally and attracting responsible investment"",""- Reduces abuse of limited company structures by ensuring directors cannot hide behind corporate status when acting negligently or dishonestly, deterring reckless business practices""]"
675,"[""- Enables evidence-based healthcare improvements by identifying patterns in abortion complications, allowing the NHS to refine procedures and reduce harm"",""- Provides transparency that supports informed consent, as women can access reliable data about potential risks before making decisions about their care"",""- Creates accountability and quality monitoring within abortion services, similar to annual reporting requirements for other medical procedures"",""- Helps identify training gaps or equipment issues that may be causing preventable complications, improving safety standards across abortion providers""]"
676,"Voting to support means you want all secondary school students in state-funded schools to learn emergency first aid as a compulsory subject. If it passes, every student would receive training in skills like CPR and recovery positions, potentially saving lives in emergencies."
698,"Supporting this bill means you believe the UK should hold a constitutional convention - a special meeting where politicians, experts, and citizens discuss how our country should be governed. If it passes, the government would be required to organize this convention to review and potentially update Britain's unwritten constitution."
707,Voting to support this bill means you want to abolish 'retentions' in construction - money that clients hold back from paying contractors until work is finished. Supporters believe this change would help construction workers and smaller companies get paid faster and improve cash flow in the industry.
710,"[""- Protects press freedom by ensuring journalists can report on important global issues without fear of abandonment by their own government if detained or prosecuted abroad"",""- Provides practical support including legal assistance and diplomatic intervention, giving journalists better chances of fair treatment and safe release in hostile environments"",""- Establishes clear government responsibility and accountability, ending ad-hoc responses and ensuring all British journalists receive equivalent protection regardless of which news organisation employs them"",""- Strengthens the UK's soft power by demonstrating commitment to fundamental freedoms, potentially encouraging other democracies to adopt similar protections""]"
717,"- Protects public health by preventing unnecessary exposure to antimicrobial chemicals that may cause allergic reactions, skin irritation, or other health harms, particularly for vulnerable groups like children and people with sensitive skin. - Reduces environmental damage by controlling the release of persistent biocides into waterways and ecosystems, where they can harm aquatic life and accumulate in food chains. - Ensures consumer transparency by requiring clear labeling and evidence that biocides in products actually work, preventing ineffective 'antimicrobial' marketing claims that mislead shoppers. - Prevents antibiotic resistance by restricting unnecessary biocide use in consumer goods, which can contribute to the development of resistant bacteria that threaten medical treatments."
738,"[""- Increases democratic accountability by requiring Parliament to vote on new drug classifications rather than allowing the Home Secretary to decide largely unilaterally, ensuring elected representatives have a say in drugs policy"",""- Allows more thorough debate and scrutiny of the evidence before substances are banned, reducing the risk of poorly evidenced decisions and enabling MPs to question whether proposed bans are justified"",""- Provides greater certainty and transparency for businesses, researchers, and the public by making the process more formal and predictable, rather than drugs being banned through ministerial orders with limited warning"",""- Protects against potential political overreach by ensuring that drug classification decisions cannot be made by a single minister without parliamentary approval or oversight""]"
739,"Voting to support this bill means you want to ban 'conversion practices' - attempts to change someone's sexual orientation or gender identity through therapy, counselling, or other interventions. If it passes, these practices would become illegal in the UK, protecting vulnerable people (especially young people) from potentially harmful treatments."
740,"Voting to support this bill means you want to ban conversion therapy - practices that try to change someone's sexual orientation or gender identity. If it passes, it would make these practices illegal in the UK, protecting LGBTQ+ people from harmful treatments."
745,"Supporting this Act means backing rules that help co-operatives and community benefit societies operate fairly and legally. These are organisations owned by members who share profits and decision-making, so the Act protects members' interests and allows these groups to do good work in their communities."
746,"Voting to support this bill means you want co-operative and community benefit societies (businesses owned by members rather than shareholders) to be encouraged to invest in environmental projects like renewable energy and conservation. If it passes, these organisations would have clearer rules and possibly incentives to put money into sustainable investments that help protect the environment."
747,"Voting to support this bill means you want to improve the rules and regulations for co-operatives, community benefit societies, and credit unions. If it passes, these organisations will have clearer guidance and potentially easier ways to operate, which could help them grow and better serve their members."
748,"Supporting this Act means backing the rules that help co-operative societies, community benefit societies, and credit unions operate fairly and safely. These organisations exist to help their members save money and get loans, so this law protects people's savings and ensures the organisations are run honestly."
749,"Voting to support this bill means you want the government to help co-operatives and social enterprises grow and succeed. If it passes, these businesses would get more funding, support, and possibly changes to laws to make it easier for them to operate and create jobs in their communities."
750,"Voting to support this bill means you want to give housing co-operatives more legal recognition and protection in the UK. If it passes, people could own homes together through co-operative agreements, potentially making housing more affordable and giving residents more control over their living arrangements."
751,"[""- Provides affordable housing alternatives by removing profit-driven middlemen; members build equity collectively rather than enriching private landlords or developers"",""- Strengthens community stability and social cohesion by giving residents democratic control over their homes and neighbourhoods through co-operative governance structures"",""- Creates legal clarity and security for co-operative members regarding tenure rights, dispute resolution, and succession planning, encouraging long-term investment in housing co-operatives"",""- Enables better access to financing and grants by establishing co-operatives as recognised legal entities, making it easier for members to secure mortgages and government support""]"
752,"Voting to support this bill means you want schools to operate as co-operatives, where staff, parents, and the community have a say in how the school is run rather than it being controlled by a single headteacher or company. If it passes, schools could become more democratic and community-focused, with decisions made by the people involved in them."
753,"Voting to support this bill means you think employees should be encouraged to own shares in their companies, giving them a stake in profits and decision-making. If it passes, the government would likely introduce tax breaks or other incentives to make it easier and more attractive for workers to become part-owners of their businesses."
754,"Voting to support this bill means you think co-operatives should be allowed to issue 'permanent shares' - a type of investment where people put money into a co-operative and get rewards, but can't easily withdraw it like normal shares. If it passes, co-operatives will have more options to raise money for their business."
755,"Supporting this Act means backing rules that help co-operatives, mutuals, and friendly societies operate more easily and fairly. These are businesses owned by their members rather than shareholders, so supporting the Act helps ordinary people have more say in the organizations they use for banking, shopping, or insurance."
761,"- Preserves a critically endangered language with only a few thousand fluent speakers; without active education efforts, Cornish risks permanent loss within a generation. - Recognises Cornwall's distinct cultural identity and provides young Cornish people with access to their ancestral heritage and linguistic roots. - Aligns UK policy with international best practices and UNESCO recommendations for protecting minority and regional languages across Europe. - Creates economic and cultural opportunities through tourism, heritage industries, and community engagement that benefit both Cornish and non-Cornish residents."
762,"Supporting this Act means backing the government's emergency powers to fight the COVID-19 pandemic. It allowed the NHS to respond quickly, protected key workers, and helped businesses and workers get financial support during lockdowns."
763,"Voting to support this bill means agreeing that the government needs these emergency powers to respond to the coronavirus pandemic. If it passes, the government will be able to quickly implement measures like lockdowns, business closures, and health regulations without having to wait for the normal lengthy law-making process."
764,"Voting to support this bill means you want Parliament to officially investigate how the UK government handled the coronavirus pandemic. If it passes, it will set up a formal inquiry to examine decisions made during COVID-19 and publish findings about what went well and what could have been done better."
784,"Voting to support this bill means you want the government to set and enforce minimum safety standards for cosmetic surgery in the UK. If it passes, cosmetic surgery clinics would have to meet these standards, which could reduce risks to patients and help prevent dangerous or poorly-done procedures."
801,"Voting to support this bill means you want to strengthen counter-terrorism powers in the UK. If it passes, the government would have updated tools to help prevent terrorist attacks and protect public safety."
806,"- Reduces waiting times and court backlogs by allowing multiple cases to proceed simultaneously without physical space constraints, helping address the significant case delays currently affecting the UK court system. - Saves money for litigants, witnesses, and defendants who no longer need to travel to court buildings, making justice more accessible to people with limited mobility, caring responsibilities, or those in remote areas. - Allows vulnerable witnesses (such as children or victims of abuse) to give evidence from a safe location without attending court in person, potentially improving the quality of testimony and their wellbeing. - Enables courts to operate more efficiently during emergencies (such as pandemics) or transport disruptions while maintaining the rule of law and public confidence in the justice system."
807,"[""- Enables greater use of digital technology and online hearings, reducing the need for physical court attendance and making justice more accessible to people in remote areas or with mobility difficulties"",""- Can reduce court backlogs and waiting times by allowing more flexible scheduling and better case management through modernised procedures"",""- Helps lower the cost of accessing justice by reducing tribunal fees and administrative burdens, making it easier for individuals and small businesses to pursue legitimate claims"",""- Allows courts and tribunals to operate more efficiently, potentially freeing up resources to be directed toward frontline justice services rather than bureaucratic processes""]"
811,"Voting to support this bill means you think the government should provide extra financial help to people and businesses who missed out on Covid-19 support during the pandemic. If it passes, those who fell through the gaps in existing schemes could receive payments or grants they weren't eligible for before."
812,"Voting to support this bill means you want to create a compensation scheme for people who believe they have suffered serious health damage from Covid-19 vaccines. If it passes, eligible people could potentially receive financial payments to help cover medical costs and losses they've experienced."
813,"Voting to support this bill means you believe people who have suffered serious health problems after receiving a Covid-19 vaccine should be able to claim financial compensation from the government. If it passes, it would create a legal scheme to help vaccine-injured people access money to cover medical costs and lost earnings."
814,"Voting to support this bill means you want to create a system to help people who believe they've suffered health problems from a Covid-19 vaccine. If it passes, it would likely establish a way for people to claim compensation and get their cases reviewed, similar to existing schemes for other medicines."
815,"- Provides a remedy for individuals who have experienced genuine serious harm from vaccines, without requiring them to navigate expensive civil litigation or prove manufacturer negligence - Recognises that vaccine safety monitoring systems may not catch all adverse effects, and creates accountability for rare but serious injuries - Establishes faster compensation than court cases, reducing years of legal uncertainty for injured people and their families - Demonstrates public confidence in vaccines overall by showing willingness to support the small number of people who experience severe adverse effects"
816,"Voting to support this bill means you believe people who have suffered serious health problems from a Covid-19 vaccine should receive financial compensation from the government. If it passes, eligible people could claim payments to help cover medical costs and loss of earnings caused by vaccine side effects."
817,"Voting to support this bill means you want to create a compensation scheme for people who suffered serious health problems from Covid-19 vaccines. If it passes, people who can prove the vaccine caused them significant harm would be able to receive financial payments to help cover medical costs and lost income."
818,"Voting to support this bill means you believe people who suffered serious health problems from Covid-19 vaccines should receive financial compensation. If it passes, a system would be created to pay money to those who can prove the vaccine caused them significant harm."
819,"- Provides rapid financial support to people with genuine serious vaccine injuries without lengthy court proceedings, reducing the burden on injured individuals and their families. - Establishes a no-fault compensation scheme, meaning claimants don't need to prove negligence, making it fairer and more accessible than litigation. - Recognises that while vaccines are safe for most people, rare serious adverse reactions can occur, and victims deserve state support similar to other medical injury schemes. - Creates certainty and closure for affected individuals by establishing clear criteria and a dedicated fund, rather than leaving them to pursue costly and uncertain legal claims."
820,"Voting to support this bill means you think the government should have powers to diagnose and treat Covid-19 through vaccination programmes. If it passes, it would allow these medical activities to continue with legal backing."
821,"Voting to support this bill means you think the government should have powers to diagnose and treat Covid-19 using vaccines. If it passes, it would allow the NHS and health authorities to continue or expand vaccine programmes and related treatments for coronavirus."
824,"Voting to support this bill means you want to help armed forces members and veterans access credit unions more easily. If it passes, it would create special credit unions designed for military personnel, giving them a trusted place to borrow money and save, often with better terms than high-street banks."
831,"[""- Provides police with enhanced powers to tackle serious crime and antisocial behaviour more effectively, potentially reducing offences that affect local communities"",""- Creates new criminal offences targeting disruptive protest activities that obstruct public life, such as blocking roads or disrupting transport networks without legitimate purpose"",""- Strengthens police disciplinary procedures and removes bureaucratic barriers to removing corrupt or underperforming officers more quickly"",""- Increases maximum sentences for crimes against emergency workers (police, fire, ambulance staff), reflecting the serious risk they face and deterring violence against them""]"
834,"- Enables democratic accountability by allowing ordinary citizens to highlight potential miscarriages of justice that official bodies might overlook, rather than relying solely on institutional gatekeeping
- Creates transparency by requiring the CCRC to formally respond to public petitions with reasoned decisions, making their case selection process more visible and challengeable
- Could identify wrongful convictions earlier by harnessing public knowledge and engagement, particularly in high-profile cases where communities have gathered additional evidence or information
- Provides a cost-effective avenue for justice by allowing determined individuals and support networks to escalate concerns without requiring expensive private legal representation"
843,"[""- Ensures crime victims receive fair and adequate compensation by examining whether current award levels reflect actual losses and modern living costs"",""- Improves transparency and accountability by requiring a formal assessment of CICA's decision-making processes and criteria, which may currently lack public scrutiny"",""- Identifies inefficiencies in claims processing that cause delays for vulnerable victims awaiting financial support after experiencing violent crime"",""- Allows the review to assess whether eligibility rules are fair, as some crime victims may currently be excluded from compensation due to outdated criteria""]"
859,"A vote to support this bill means you think the rules about who can work for the government should be changed regarding nationality requirements. If it passes, it would likely make it easier for non-British citizens to be employed in Crown positions (jobs working directly for the government)."
860,A vote to support this bill means you believe non-British citizens should be allowed to work in Crown employment (jobs in government and public services). Supporters argue this would help fill job vacancies and bring in talented people from around the world.
862,"[""- Increased transparency and public accountability over valuable state assets worth billions of pounds, ensuring Crown Estate operations serve broader public interests rather than solely royal finances"",""- Greater government access to Crown Estate revenues could fund public services like the NHS or education without raising taxes, as more profits flow to the Treasury rather than private royal accounts"",""- Modernised governance structures may improve efficiency in managing the estate's diverse holdings, including accelerating renewable energy projects on Crown seabed that support net-zero targets"",""- Strengthens parliamentary oversight of how ancient royal assets are used, ensuring they reflect contemporary democratic values and serve national priorities""]"
864,"[""- Increases Welsh revenue: Wales would retain income from Crown Estate assets (including renewable energy developments in Welsh waters) rather than sending it to the UK Treasury, potentially generating tens of millions annually for Welsh public services."",""- Strengthens Welsh decision-making: Welsh communities and government would have direct control over how Crown Estate assets in Wales are managed and developed, rather than decisions being made in Westminster with Welsh input limited."",""- Supports renewable energy goals: Wales could prioritize offshore wind and other renewable energy projects on Crown Estate seabed according to Welsh climate targets, rather than following UK-wide policies that may not align with Welsh priorities."",""- Recognizes Welsh devolution: Brings Crown Estate management into line with other devolved powers in Wales (health, education, economic development), creating a more coherent Welsh governance structure.""]"
865,"[""- Enables prisoners to seek compensation for injuries caused by negligent safety conditions, such as inadequate medical care, violence prevention failures, or dangerous facilities, rather than having claims dismissed due to Crown Immunity"",""- Creates financial incentives for prisons to improve safety standards and reduce harm, as they would face direct legal and financial consequences for breaches, similar to how private companies manage liability"",""- Gives prison staff stronger legal grounds to enforce health and safety rights in their workplace, allowing them to challenge unsafe working conditions through courts rather than relying solely on internal procedures"",""- Provides accountability and oversight by allowing independent courts to review prison practices rather than leaving disputes solely within the government system""]"
872,"- Law enforcement gains real-time intelligence about active cyber threats, enabling faster investigation, attribution of criminal groups, and international cooperation to prosecute offenders. - Organisations can learn from reported incidents to improve their own defences, reducing the overall success rate of future attacks across the UK economy. - Victims are less likely to pay ransoms if reporting is mandatory, as criminals cannot guarantee confidentiality; this reduces funds flowing to criminal networks and disincentivises future attacks. - The UK builds a detailed threat landscape that informs government cybersecurity strategy, helps regulators identify vulnerable sectors, and supports better resource allocation for national protection efforts."
873,"- Strengthens Britain's resilience against growing cyber threats by establishing consistent, modern security standards across critical infrastructure that millions of people depend on daily. - Improves incident response times through mandatory rapid reporting requirements, allowing authorities to detect and contain attacks before they cause widespread damage. - Reduces the compliance burden on smaller businesses by clarifying which organisations must comply and providing clearer guidance, while holding large service providers to higher accountability standards. - Protects essential services like hospitals, power grids, and water supplies from disruption, helping prevent situations where cyber attacks could threaten public health or safety."
877,"[""- Protects UK dairy farmers from cheaper imports by establishing tariffs and trade barriers, helping them compete fairly and maintain viable farm incomes"",""- Strengthens animal welfare standards across all dairy farms, requiring improved living conditions and humane treatment that enhance both farm sustainability and consumer confidence"",""- Provides direct financial support and grants to help farmers invest in modern equipment, sustainable practices, and infrastructure improvements needed to remain competitive"",""- Creates consistent UK quality standards for dairy products that give consumers clear assurance about food safety, production methods, and origin""]"
878,"Voting to support this bill means you want to help people who have become ill from asbestos exposure get compensation more easily. If it passes, people with asbestos-related diseases (like mesothelioma) would have a clearer path to claim damages from responsible parties, even in cases where it's hard to prove who exactly caused the exposure."
879,"Voting to support this bill means backing new rules to help people who have been harmed by asbestos get compensation more easily. If it passes, people suffering from asbestos-related illnesses would have clearer legal rights to claim damages, even in cases where it's difficult to prove exactly which company or product caused their illness."
880,"Voting to support this bill means you believe people who have suffered asbestos-related illnesses (like mesothelioma) should be able to claim compensation more easily. If it passes, it would change the laws so that affected people can get damages even in situations where they currently can't, giving them better access to justice and financial help."
886,"[""- Replaces breed-based restrictions with evidence-based assessments of individual dog behaviour and owner responsibility, allowing responsible owners of currently banned breeds to keep dogs if they pass temperament evaluations"",""- Reduces misidentification problems where mixed-breed dogs are incorrectly classified as banned breeds, preventing innocent owners from losing their pets based on appearance alone"",""- Shifts focus toward prosecuting negligent or abusive owners rather than targeting specific breeds, addressing the root causes of dog attacks (poor training, abuse, irresponsible ownership) rather than genetics"",""- Aligns UK law with evidence from veterinary and behavioural science suggesting breed alone is not a reliable predictor of dangerousness, improving policy effectiveness""]"
889,"[""- Gives individuals explicit rights to know how their data is being used, request access to it, and correct inaccurate information, reducing hidden corporate data practices"",""- Enables faster access to anonymised data for medical researchers and NHS analysts to improve treatments and health outcomes without compromising individual privacy"",""- Creates clearer rules for businesses about data handling, reducing compliance confusion and giving honest companies competitive advantage over those cutting corners"",""- Strengthens enforcement with meaningful penalties for violations, making privacy protections actually enforceable rather than theoretical""]"
894,"[""- Increases transparency and public accountability by requiring the government to publish detailed, standardised immigration and nationality statistics regularly, allowing citizens and Parliament to scrutinise policy outcomes objectively"",""- Prevents statistical manipulation by establishing fixed quality standards and consistent methodologies that cannot be arbitrarily changed by individual ministers, protecting the integrity of official data"",""- Enables evidence-based policymaking by ensuring reliable, comparable data is available to Parliament, think tanks, and researchers, improving the quality of public debate on immigration"",""- Builds public trust in official statistics by establishing independent verification procedures and consistent reporting standards, reducing conspiracy theories about hidden or misleading government data""]"
899,"[""- Frees up government spending in developing countries so they can invest in critical services like schools, hospitals, and clean water instead of servicing unpayable debts"",""- Reduces extreme poverty and improves global stability by addressing root causes of economic desperation that can fuel conflict and migration crises"",""- Positions the UK as a development leader and strengthens diplomatic relationships with developing nations, potentially increasing trade and soft power influence"",""- Recognises historical inequities where developing countries inherited colonial debts or borrowed under unfair terms, offering a practical remedy to break cycles of poverty""]"
906,"[""- Increases political transparency by requiring public disclosure of candidates' income sources and valuable gifts, making it harder for undisclosed conflicts of interest or corruption to remain hidden"",""- Empowers voters to assess whether candidates have financial ties to special interests, foreign actors, or other entities that might influence their decision-making in office"",""- Establishes a level playing field where all candidates must follow the same reporting rules, preventing some candidates from concealing wealth or questionable financial arrangements while others comply"",""- Creates an auditable record of candidates' finances that can be scrutinised by election authorities, journalists, and civil society organisations to detect fraud or illicit enrichment""]"
916,"Voting to support this bill means you want defibrillators (machines that restart hearts during emergencies) to be more widely available in public places like train stations, shopping centres, and sports facilities. If it passes, more locations would be required to have these life-saving devices, which could help more people survive cardiac arrests."
917,"Voting to support this bill means you want defibrillators (machines that can restart someone's heart during a cardiac emergency) to be more widely available in public places across the UK. If it passes, the government would likely require more public buildings and spaces to have these life-saving devices on hand."
924,"[""- Protects patients by ensuring dentists carry adequate insurance to cover costs of treatment errors, infections, or negligent care without leaving patients unable to claim compensation"",""- Creates consistent, standardised insurance requirements across the profession, preventing undercutting of standards and ensuring no dentist can undercut safety protections to reduce costs"",""- Provides clarity and certainty for dental practitioners about what insurance they must obtain, reducing compliance confusion and administrative burden"",""- Strengthens public confidence in dental services by guaranteeing financial accountability mechanisms are in place for all practitioners""]"
932,"Voting to support this bill means you want the Department for Transport (the government department that handles trains, roads, and buses) to move from London to Birmingham. Supporters believe this would bring jobs and investment to Birmingham, help spread government work across the country more fairly, and reduce the cost of London-based offices."
940,"[""- Removes a potential legal barrier: Currently, the government cannot deprive someone of citizenship if doing so would make them stateless. This bill would remove that protection, allowing action against dual nationals or those with eligibility for other nationalities who promote terrorism."",""- Strengthens counter-terrorism powers: Gives security services and the Home Office an additional enforcement mechanism to deal with individuals spreading extremist propaganda, recruitment material, or calls to violence online or offline."",""- Deters recruitment and radicalisation: May discourage individuals from promoting terrorist ideologies if citizenship, and associated rights like residence, employment, and family reunification, is at risk of removal."",""- Addresses modern threats: Responds to contemporary challenges including online radicalisation and foreign fighters by providing a preventative measure beyond prosecution.""]"
941,"[""- Speeds up the implementation of government decisions on citizenship, preventing individuals stripped of citizenship from retaining rights and protections while lengthy appeals proceed through the courts"",""- Reduces the administrative burden and costs of managing cases where individuals retain citizenship status during multi-year appeal processes"",""- Aligns with national security priorities by enabling faster removal of citizenship from those deemed to pose security threats, without waiting for appeal resolution"",""- Prevents individuals from accessing public services, benefits, and travel documentation during appeal periods if their citizenship has been lawfully revoked""]"
956,"[""- Scotland faces an aging population and skills shortages that differ from the rest of the UK; Scottish immigration policy could prioritize sectors and professions Scotland specifically needs, such as healthcare and engineering workers"",""- Scottish businesses and universities could attract international talent more flexibly without waiting for UK-wide policy changes that may not reflect Scottish priorities"",""- Scotland could design immigration pathways that reflect its economic strategy and integration policies, giving elected Scottish representatives direct control over a policy area affecting their constituents"",""- The policy recognizes that Scotland's labour market, demographic challenges, and integration capacity differ from other UK nations, justifying tailored rather than one-size-fits-all immigration rules""]"
958,"Voting to support this bill means you want to give devolved governments (in Scotland, Wales, and Northern Ireland) more control over time-related matters, such as deciding their own time zones or daylight saving time arrangements. If it passes, these nations could make their own decisions on these issues instead of following UK-wide rules."
959,"Voting to support this bill means you want to give more power and decision-making control to local areas and regions across England. If it passes, cities and regions could manage more of their own services like transport, housing, and economic development rather than having everything decided by Parliament in Westminster."
961,"Voting to support this bill means you think the NHS should improve how it cares for diabetic patients who need hospital treatment. If it passes, hospitals would likely have better training, equipment, and procedures to manage diabetes in patients admitted for other reasons or diabetes-related emergencies."
963,"- Protects a strategically vital military installation that supports UK and NATO defence capabilities in the Indian Ocean, enabling rapid response to regional security threats and conflicts. - Maintains UK sovereignty and prevents erosion of territorial claims, which could set a precedent for other disputed territories and weaken Britain's international position. - Ensures continued cooperation with the United States on intelligence and defence operations, which is critical to British national security and the 'special relationship'. - Provides legal clarity and certainty for the administration of BIOT, supporting ongoing military operations and preventing diplomatic complications."
975,Supporting this Act means allowing the government to share information about people's TV-watching habits and addresses with broadcasters during the switch from old analogue TV to digital TV. Supporters believed this helped ensure nobody was left behind during the change and that people got the help they needed to switch over.
984,"A vote to support this bill means you think it's a good idea to have one single assessment process for all disability benefits instead of multiple different assessments. If it passes, people claiming disability benefits would only need to go through one check-up and assessment, rather than separate ones for different benefits, potentially saving time and reducing stress."
985,"Voting to support this bill means you believe the government should take action to help disabled people find and keep jobs. If it passes, the bill would likely create new schemes or requirements to reduce the 'employment gap' - the difference between how many disabled and non-disabled people have work."
993,"Voting to support this bill means you want to make it illegal to leave needles lying around in public places, and create punishments for people who do. If it passes, people who carelessly discard needles could face fines or other penalties, helping to protect the public from the serious health risks of needle-stick injuries."
996,"Voting to support this bill means you want to restrict or ban disposable barbecues. If it passes, it would likely make it illegal to sell or use single-use barbecues, particularly in public spaces like parks and beaches where they cause fires and littering."
997,"Voting to support this bill means you want to ban the sale of single-use e-cigarettes (vapes that are thrown away after use). If it passes, shops would no longer be allowed to sell these disposable vapes, which supporters say would reduce waste and discourage young people from vaping."
1023,"[""- Protects farmers' livelihoods by providing stronger legal recourse when dogs attack sheep, cattle, or other livestock, reducing financial losses from injured or killed animals"",""- Clarifies farmers' rights to defend their animals, potentially allowing them to take immediate action against attacking dogs without legal uncertainty or fear of prosecution"",""- Encourages responsible dog ownership in rural areas by introducing clearer penalties and accountability for owners whose dogs roam and cause harm to farm animals"",""- Reduces animal suffering by preventing repeated attacks and establishing stronger deterrents against negligent or irresponsible dog ownership near farmland""]"
1024,"[""- Strengthens financial protection for farmers by clarifying compensation claims when dogs attack livestock, reducing the burden on rural communities to pursue costly legal action"",""- Increases accountability for dog owners in rural areas by establishing clearer legal responsibilities and potentially higher penalties for negligence, encouraging better animal control"",""- Reduces livestock losses that damage agricultural productivity and food security by making it easier to prosecute owners of dangerous dogs"",""- Provides clearer guidance to police and rural authorities on enforcement, making it faster and more consistent to take action against problem animals""]"
1029,"[""- Provides stronger legal protection for vulnerable victims by enabling courts to impose longer prison sentences when domestic abuse involves weapons, strangulation, or occurs during pregnancy"",""- Recognises the particular severity and psychological impact of repeated domestic abuse patterns, as aggravated offences can apply when abuse is part of a course of conduct"",""- Creates consistency in sentencing across England and Wales, preventing outcomes where serious domestic abuse receives lighter sentences than equivalent crimes outside domestic contexts"",""- Sends a clear deterrent message to perpetrators that systematic or violent domestic abuse will result in proportionately serious criminal consequences""]"
1030,"[""- Removes a significant barrier to escape: Many abuse survivors stay in dangerous situations because they fear what will happen to their pets if they leave; this bill enables them to seek protection for both themselves and their animals"",""- Recognises coercive control: Pet abuse is a documented tactic abusers use to intimidate and control partners; making it a specific criminal matter acknowledges this pattern and provides targeted legal recourse"",""- Aligns with existing protections: Similar laws already exist in several countries (USA, Australia, Canada) and have successfully supported victims without creating significant enforcement problems"",""- Strengthens domestic abuse law: Adds another dimension to prosecution and sentencing in domestic abuse cases, giving courts more tools to protect vulnerable people and their dependents""]"
1031,"[""- Provides financial security for abuse victims seeking escape: paid leave prevents the choice between keeping employment income and accessing safety support, which is a known barrier to leaving abusive relationships"",""- Protects employee privacy: victims can access leave without full disclosure to employers, reducing shame, stigma, and workplace gossip that might endanger their safety or employment prospects"",""- Reduces employer burden: the bill establishes clear legal entitlements rather than ad-hoc arrangements, creating certainty about what constitutes reasonable accommodation and reducing disputes"",""- Enables practical action: time off allows victims to attend court hearings, meet solicitors, view safe housing, access counselling, and develop safety plans, concrete steps that require time away from work""]"
1033,"[""- Homeowners gain legal recourse and compensation options if builders abandon projects, deliver substandard work, or become insolvent mid-project, reducing personal financial loss"",""- Mandatory contractor insurance and qualification requirements mean work meets consistent safety and quality standards, reducing hazardous DIY repairs and costly remedial work"",""- Clear contract requirements (including timelines, costs, and payment schedules) before work starts reduce misunderstandings and disputes that currently lead to costly litigation"",""- Creating an independent dispute resolution scheme provides an affordable, faster alternative to court for homeowners seeking remedies, improving access to justice for ordinary people""]"
1038,"[""- Directly reduces energy bills for every UK household by removing the 5% VAT, providing immediate financial relief, particularly benefiting lower-income families who spend a higher proportion of their income on heating and power"",""- Helps vulnerable groups including pensioners, disabled people, and families with children who struggle most with fuel costs and energy poverty, without requiring means-testing or application processes"",""- Stimulates the economy by freeing up household spending money that can be directed toward other goods and services, supporting local businesses and economic activity"",""- Recognises energy as an essential service rather than a luxury good, aligning VAT treatment with food (which has zero VAT) and reflecting that people cannot opt out of needing heating and lighting""]"
1039,"[""- Ensures government policy is based on robust evidence rather than assumptions, potentially saving money by identifying the most effective interventions before rolling them out nationally"",""- Gives businesses, charities, and homeowners a voice in shaping future energy efficiency requirements, rather than having rules imposed without consultation"",""- Addresses the urgent need for clarity on UK housing stock improvements, as previous government schemes (Green Homes Grant, Energy Company Obligation) have been inconsistent and sometimes wasteful"",""- Delays costly regulations until we understand the true cost and practical barriers to retrofitting homes, protecting households from unaffordable mandates""]"
1047,"Voting to support this bill means you want to improve how energy-efficient homes are in the UK. If it passes, homes would need to meet minimum energy performance standards, which could lower heating bills for residents and reduce carbon emissions."
1061,"Voting to support this bill means you want Parliament to review and update how judges sentence people for driving crimes. If it passes, the Sentencing Council will examine current guidelines to ensure punishments for offences like dangerous driving or drink-driving are fair and appropriate."
1064,"- Protects innocent drivers financially: victims of accidents caused by uninsured drivers can claim compensation from the Motor Insurers' Bureau, but stricter enforcement reduces the burden on this fund and keeps premiums lower for compliant motorists
- Improves road safety accountability: drivers know they must carry insurance, incentivizing responsible behaviour and ensuring adequate cover for emergency medical treatment and vehicle repairs
- Targets dangerous non-compliance: approximately 1 in 20 drivers are uninsured; harsher penalties and enforcement deter this illegal behaviour and remove persistent offenders from roads through driving bans
- Generates enforcement resources: increased fines create funding for traffic policing and vehicle compliance checks, improving overall road enforcement capacity"
1065,"A vote to support this bill means you think drones need proper rules and safety checks. If it passes, drones will be regulated - meaning the government can set rules about where they can fly, who can operate them, and how they must be used safely."
1067,"Voting for this bill means supporting better ways to detect and assess drug use in drivers. If it passes, police would have improved tools to identify drug-impaired drivers on the road, potentially making journeys safer and reducing accidents caused by drug use."
1068,"Voting to support this bill means you think the government should change how illegal drugs are classified and introduce roadside drug testing for drivers (similar to breath tests for alcohol). Supporters believe this will help catch drug-impaired drivers, reduce drug-driving accidents, and ensure drug laws reflect current scientific understanding."
1085,"- Early detection saves lives: Better-trained staff can identify eating disorders sooner, when interventions are more effective and less costly, potentially preventing serious medical complications and deaths
- Reduces diagnostic delays: Currently, patients wait months or years for diagnosis; mandatory training ensures consistent knowledge across all healthcare settings, allowing GPs and A&E staff to recognize warning signs immediately
- Addresses a gap in current practice: Many healthcare professionals report limited training on eating disorders; standardizing training fills this gap and reduces postcode lottery variations in care quality
- Improves treatment outcomes: Staff trained to understand the psychological and medical complexity of eating disorders can provide more compassionate, effective care and better coordinate treatment across services"
1086,"Supporting this bill means voting to make 'ecocide' (large-scale damage to the environment) a serious crime in UK law. If it passes, companies or individuals who cause severe environmental destruction could face criminal prosecution and penalties, similar to other major crimes."
1091,"Voting to support this bill means you believe the government should have a clearer long-term plan for the UK's economy. If it passes, the government would be required to set out a detailed economic strategy, which supporters say would help businesses plan ahead and create more jobs and growth."
1097,"[""- Reflects religious and cultural diversity: Reduces the Christian-focused requirement, making assemblies more inclusive for schools with significant Muslim, Hindu, Jewish, secular and other faith communities"",""- Increases school flexibility: Allows headteachers to design assemblies suited to their specific school community rather than following a one-size-fits-all Christian model"",""- Respects parental choice: Maintains or strengthens the ability of parents to withdraw children from assemblies on religious grounds, particularly important for families with different faith backgrounds"",""- Preserves collective benefits: Keeps the principle of assemblies for school community-building, pastoral care and shared values while making the content more appropriate to modern Britain""]"
1103,"Voting to support this bill means you believe that students with non-religious philosophical beliefs (like humanism or atheism) should have the same legal protections in schools as students with religious beliefs. If it passes, schools would be required to treat these philosophical convictions with equal respect and accommodate them appropriately."
1106,"[""- Strengthens civic understanding by ensuring all students learn about democratic institutions, parliamentary processes, and the constitutional framework that governs the UK"",""- Promotes social cohesion by teaching shared values that help diverse communities understand common principles and reduce polarisation"",""- Addresses concerns about extremism by explicitly teaching students about tolerance, respect for different beliefs, and the rule of law as protective principles"",""- Creates consistency across schools so that educational standards for civic knowledge and values are uniform rather than dependent on individual school leadership""]"
1109,"Supporting this Act means backing stronger protections for children in schools and training centres. It aims to ensure young people are safe, healthy, and well-cared for while learning, which helps them focus on their education and development."
1113,"- Establishes consistent mental health support across all educational settings, preventing gaps where some students receive help while others in under-resourced institutions do not
- Requires early identification and intervention for struggling students, potentially preventing mental health crises, self-harm, or suicide among young people
- Creates accountability through mandatory reporting requirements, allowing parents, regulators, and the public to assess whether institutions are meeting their duty of care
- Reduces pressure on NHS mental health services by embedding preventative support within schools and educational institutions, where many mental health issues first emerge"
1114,"Voting to support this bill means you want to give EEA nationals (people from European Economic Area countries) the right to stay in the UK permanently without needing to reapply for permission. If it passes, eligible EEA citizens would get indefinite leave to remain, which provides long-term security and stability for their lives in the UK."
1123,"- Ensures democratic equality by removing barriers that currently force blind voters to either rely on companions to read ballots (compromising secrecy) or struggle with standard voting methods, enabling truly independent voting rights. - Addresses a documented gap in current UK electoral law; blind voters often cannot exercise their right to a secret ballot, violating principles of fair representation. - Implementation is straightforward and proven in other democracies; accessible voting technology (such as audio-ballot systems or tactile templates) is already tested and cost-effective. - Expands the electoral franchise in practice by enabling blind and visually impaired citizens, estimated at around 2 million in the UK, to participate fully in elections with dignity and confidence."
1127,"- Fairer representation: parties would receive seats matching their vote share, so millions of votes currently 'wasted' on losing candidates would count toward representation
- Reduces landslide majorities: single-party governments with 35-40% of votes would no longer control Parliament alone, encouraging coalition-building and compromise
- Increases voter choice: voters in safe constituencies would have genuine reason to vote for smaller parties, potentially boosting turnout and engagement
- Better reflects voter diversity: parties like the Greens and Reform UK would gain seats proportional to their support, giving underrepresented political viewpoints parliamentary voice"
1142,"Voting to support this bill means you want to allow electric personal vehicles (like e-scooters and e-bikes) to be used legally on UK roads and highways. If it passes, people would be able to ride these vehicles on public roads with proper rules, making them a legal and safer transport option for short journeys."
1143,"Voting to support this bill means you want to allow electric personal vehicles (like e-scooters and e-bikes) to be legally used on UK highways and roads. If it passes, more people could use these vehicles as an official form of transport, which could help reduce traffic and pollution in towns and cities."
1150,"[""- Encourages sustainable transport by removing regulatory barriers to e-bike adoption, helping reduce car dependency and carbon emissions in urban and rural areas"",""- Creates consistent safety standards across all e-bikes sold in the UK, ensuring motors, batteries and braking systems meet minimum requirements to protect riders and pedestrians"",""- Clarifies the legal status of e-bikes so users understand where they can legally ride (cycle lanes, roads, pavements where applicable) without fear of prosecution"",""- Supports public health by making cycling accessible to older people, those with mobility issues, and commuters on longer routes, increasing physical activity and reducing sedentary transport""]"
1155,"Voting to support this bill means you want stricter rules on e-cigarette advertising and want to raise the legal age for buying them. If it passes, fewer young people would see e-cigarette adverts, and it would be illegal for under-18s (or whatever age is set) to purchase them, similar to current rules for tobacco."
1156,"Voting to support this bill means you want stricter rules on how e-cigarettes are branded, promoted and advertised. If it passes, companies would be limited in how they market e-cigarettes (through adverts, sponsorships, packaging design, etc.), which supporters believe would reduce their appeal to young people and help public health."
1157,"A vote to support this bill means you want the government to regulate e-cigarettes more strictly. If it passes, e-cigarettes would face new rules - similar to regular cigarettes - like restrictions on advertising, who can buy them, and possibly how they're sold."
1161,"- Increases likelihood that bystanders can perform CPR or first aid in emergencies, potentially saving lives during the critical minutes before ambulances arrive - Builds confidence among young people to act decisively in medical crises rather than freezing or feeling helpless - Extends first aid knowledge beyond just trained professionals, creating a more prepared population across all socioeconomic backgrounds - Establishes these skills early in life when students are most receptive to learning, making them habitual and automatic in emergencies"
1172,"Supporting this Act means backing rules that make sure tips given to workers actually go to them, rather than being kept by employers or unfairly distributed. It protects low-paid workers like restaurant staff and bar workers from losing money that customers intended for them."
1177,"A vote to support this bill means you think the new rules about dismissing and re-employing workers are a good idea. If it passes, these new employment rules would become law and would apply to businesses across the UK."
1178,"Voting to support this bill means you think the rules around firing and rehiring workers need to change. If it passes, it would likely introduce new legal protections or requirements for employers when they dismiss and then re-employ staff, potentially making it harder to unfairly dismiss workers or rehire them on worse terms."
1179,"Voting to support this bill means you want to protect workers from being unfairly dismissed and then immediately re-hired on worse terms. If it passes, employers would be prevented from using dismissal as a way to cut workers' pay, benefits, or conditions - a practice sometimes called 'fire and rehire'."
1180,"Voting to support this bill means you believe workers deserve guaranteed minimum hours from their employers. If it passes, workers on zero-hours contracts would have more job security and predictable income, knowing they have a set number of hours each week."
1183,"Voting to support this bill means you want stronger protections for workers who are fired and then rehired by the same employer. If it passes, it would make it harder for companies to use dismissal and re-engagement as a way to cut wages, change contracts, or weaken workers' rights, particularly those involved in trade unions."
1187,"A vote to support this bill means you think the law should be changed to give more equality protections to people in insurance-related work. If it passes, it would likely make it illegal for insurance companies and related businesses to unfairly treat employees based on characteristics like age, disability, or other protected qualities."
1196,"Supporting this Act means employees get stronger rights to request flexible working arrangements like working from home, part-time hours, or flexible schedules. It gives workers better work-life balance and helps people care for families or manage health conditions while staying employed."
1203,"- Strengthens job security by clarifying worker rights and making dismissal procedures more transparent and fair
- Improves workplace standards across sectors, potentially raising wages and conditions for lower-paid workers
- Provides clearer enforcement mechanisms for workers to challenge unfair treatment without excessive legal costs
- Extends protections to modern working arrangements, such as gig economy and zero-hours contract workers who currently lack certain safeguards"
1205,"[""- Special constables would receive protection against arbitrary removal, ensuring they cannot be dismissed without fair process and grounds, providing job security for volunteers who dedicate significant time to policing"",""- Volunteers would gain access to formal grievance procedures, allowing them to challenge unfair treatment or unsafe conditions rather than having limited recourse to resolve workplace disputes"",""- The bill recognises special constables' contribution to public safety by bringing their legal status closer to regular employees, potentially improving recruitment and retention of volunteers by signalling their value"",""- Special constables could claim compensation for workplace injuries through employment law, protecting those injured during volunteer police duties from bearing financial costs alone""]"
1206,"Voting to support this bill means you think the law should clearly define what makes someone an employee, a worker, or self-employed. If it passes, it would create clearer rules so that workers know their rights and employers know their responsibilities, which could reduce confusion and disputes."
1207,"[""- Provides workers currently classified as self-employed or independent contractors with access to employee protections including minimum wage, paid holiday, sick pay, and pension contributions they may currently be denied"",""- Reduces legal uncertainty and costly tribunal disputes by establishing clearer, more objective criteria for determining employment status, benefiting both workers seeking protection and employers needing clarity"",""- Protects vulnerable workers in gig economy sectors (delivery, ride-sharing, care work) from exploitation by preventing companies from deliberately misclassifying them to avoid employment obligations"",""- Creates a fairer tax system by ensuring workers properly classified as employees pay appropriate taxes and National Insurance contributions rather than being classified as self-employed to reduce employer costs""]"
1209,"Supporting this Act means backing efforts to make the UK's energy supply cleaner and more secure. It helps develop nuclear power and renewable energy sources, which can reduce bills long-term and create green jobs while cutting carbon emissions."
1211,"[""- Provides investment certainty for renewable energy projects through long-term price contracts, encouraging faster deployment of wind and solar farms that reduce carbon emissions"",""- Protects household bills from volatile energy prices by stabilizing costs through competitive bidding processes rather than open-ended subsidies"",""- Strengthens consumer rights by improving transparency, requiring clearer billing, and establishing stronger protections against unfair contract terms"",""- Supports the UK's climate commitments and reduces energy imports by encouraging domestic renewable and nuclear generation capacity""]"
1215,Supporting this Act means believing the government should take extra tax from oil and gas companies when they make unusually high profits. Supporters argue this money can help with the cost-of-living crisis and fund clean energy projects that benefit everyone.
1216,"- Protects vulnerable households from extreme energy bills by guaranteeing permanently lower tariffs, rather than relying on temporary government price cap measures that may be withdrawn
- Shifts some responsibility from taxpayers to energy companies, requiring suppliers to absorb costs rather than government funding social support entirely through taxation
- Provides targeted help to people most in need, those with chronic illnesses, disabilities, low pensions, and families in fuel poverty, rather than subsidising energy for all consumers equally
- Creates a structured, long-term solution that improves energy security for vulnerable groups and reduces the health risks associated with cold homes (such as cardiovascular disease and poor mental health)"
1217,"[""- Strengthens worker protections by clarifying employment status (particularly for gig economy workers), ensuring access to statutory rights like sick pay, holiday pay, and pension contributions currently denied to many self-employed workers"",""- Accelerates the UK's net-zero transition by investing in renewable energy infrastructure and grid modernisation, reducing long-term energy costs and creating skilled jobs in green sectors"",""- Improves energy security and reduces dependency on volatile international fossil fuel markets by developing domestic renewable capacity and storage solutions"",""- Raises living standards for low-paid workers through stronger enforcement of minimum wage laws and preventing exploitation through bogus self-employment arrangements""]"
1222,"[""- Reduces the 'pre-payment penalty': households using pre-payment meters pay 20-30% more per unit than direct debit customers for identical energy. This bill would narrow that gap, saving vulnerable households significant amounts annually."",""- Creates affordable energy access: mandatory social tariffs ensure low-income families have a designated affordable option rather than relying on energy companies' discretionary schemes, providing predictable protection for around 8-10 million eligible households."",""- Tackles energy poverty: prevents the poorest households from subsidizing wealthier ones, as current pricing structures effectively transfer wealth upward. This directly supports NHS-recommended health outcomes by ensuring families can heat homes adequately."",""- Promotes fairness in energy markets: establishes a principle that energy pricing should reflect actual supply costs, not consumer vulnerability, creating a more transparent and ethical market structure.""]"
1224,"Voting for this bill means supporting rules that make shared student and rental houses more energy-efficient. If it passes, landlords would need to improve things like insulation and heating systems in houses with multiple tenants, which would lower energy bills for residents and help reduce carbon emissions."
1230,"Voting to support this bill means you think the government should take action to make energy use more efficient and cost-effective for UK households and businesses. If it passes, it would likely introduce new rules or incentives to help people save money on energy bills and reduce waste."
1231,Supporting this Act means backing government help to reduce energy bills for households and businesses struggling with high costs. It aims to protect people from extreme price increases and keep heating and electricity affordable during the cost-of-living crisis.
1233,"Voting to support this bill means you believe off-grid households (those not connected to the gas network) need government help with their energy costs. If it passes, the government would likely introduce price controls or financial support to make heating oil, LPG, and other fuels more affordable for these rural and isolated communities."
1234,"Voting to support means you want the UK to change its clocks to save energy. If it passes, the country would likely stay on summer time (British Summer Time) for longer or year-round, meaning lighter evenings and darker mornings."
1235,"Voting to support this bill means you want the UK to change its clocks to save energy. If it passes, the country would likely stay on one time year-round, or shift to daylight saving time permanently, which supporters believe could reduce electricity use and make better use of daylight."
1236,"- Allows local areas to make decisions that reflect their unique circumstances and priorities, rather than having policies imposed from Westminster, leading to more responsive and effective governance. - Enables communities to have direct influence over public spending and service delivery in their areas, increasing democratic accountability and civic engagement. - Provides regions outside London with greater economic autonomy to attract investment, develop local industries, and create jobs tailored to their labour markets. - Reduces bureaucracy by cutting out unnecessary central government approval processes, allowing local leaders to act faster on issues like housing, skills training, and infrastructure."
1242,"Supporting this Act means backing stronger environmental protections for the UK. It sets legal targets to reduce air pollution, improve water quality, protect wildlife, and tackle plastic waste - helping create a healthier environment for everyone and protecting nature for future generations."
1245,"Voting to support this bill means you want to make it easier for people to report fly-tipping (illegal dumping of waste). If it passes, there would be clearer ways to report fly-tipping and possibly stronger consequences for people who do it, helping keep the environment cleaner."
1248,"- Ensures public money drives environmental progress: Public authorities spend billions annually, so legally binding targets force them to embed sustainability into procurement, operations, and service delivery rather than treating it as optional.
- Creates measurable accountability: Specific targets (rather than vague commitments) mean citizens and Parliament can verify whether councils, hospitals, and government departments are actually reducing emissions and environmental harm.
- Accelerates progress toward net-zero and nature recovery: Public authorities setting the example encourages supply chains and private sector partners to improve environmental standards, multiplying the bill's impact beyond the public sector alone.
- Closes a governance gap: Currently, public bodies have weaker environmental obligations than private companies, so this bill levels the playing field and prevents greenwashing through unmet promises."
1257,"Voting to support this bill means you think people should be able to use titles (like 'Lord' or 'Lady') that match their gender identity, regardless of their sex at birth. If it passes, it would make it easier for transgender and non-binary people to have their chosen titles officially recognized."
1268,"[""- Provides long-overdue justice to over 1 million policyholders who lost substantial retirement savings and investments through no fault of their own due to poor company management and regulatory oversight failures"",""- Offers concrete financial redress with a structured compensation formula, ending decades of uncertainty for affected individuals who have received no systematic support since the 2000 collapse"",""- Acknowledges government and regulatory responsibility, as the Financial Services Authority's regulatory failures contributed to the scale of losses that weren't prevented or adequately managed"",""- Restores confidence in the insurance industry and mutual organizations by demonstrating that serious failures result in meaningful consequences and compensation for victims""]"
1270,"- Establishes a solid evidence base on e-scooter safety and usage, which currently lacks comprehensive UK-wide data needed to make informed regulatory decisions - Funds a public awareness campaign to reduce accidents and injuries by educating users about safe riding practices and legal restrictions - Addresses the gap between rapid e-scooter adoption and actual understanding of their impact, particularly regarding interactions with pedestrians and vulnerable road users - Delays potentially harmful or overly restrictive regulation until proper research is completed, allowing the government to base future rules on facts rather than assumptions"
1291,Supporting this Act means allowing the UK Parliament to approve changes to how the European Union works. Supporters believed this was necessary to keep the EU functioning properly and to maintain Britain's influence in EU decision-making.
1306,"Voting to support this bill means you want Parliament to require the government to provide better information and transparency about UK-EU relations and agreements. If it passes, the government would have to regularly publish reports and documents about how Brexit is working and any ongoing dealings with Europe."
1307,"Voting to support this bill means you believe the UK government should be required to provide better information to Parliament and the public about EU-related matters. If it passes, it would make sure people have clearer access to information about how EU policies affect the UK and what negotiations are happening."
1308,"Voting to support this bill means you want Parliament to pass new rules about how information related to the European Union is handled and shared. If it passes, it would likely improve how EU-related documents and data are made available to the public and Parliament."
1310,"Voting for this bill means you want the UK government to be more transparent about its dealings with the European Union. If it passes, the government would be required to publish more information about EU-related matters, making it easier for the public and Parliament to understand what's happening."
1311,"Supporting this bill means voting to give Parliament better access to information about the UK's relationship with the European Union. If it passes, it would require the government to publish more details about EU-related matters, making it easier for MPs and the public to understand what's happening."
1324,"[""- Provides legal certainty and clarity by converting the negotiated withdrawal agreement into enforceable UK law, reducing ambiguity about post-Brexit arrangements"",""- Allows for an orderly transition period in which trade and regulatory relationships continue under EU rules, giving businesses and individuals time to adapt rather than facing abrupt change"",""- Enables the UK to begin negotiating its own independent trade deals and international agreements without EU constraints, supporting sovereignty and potentially opening new economic opportunities"",""- Protects citizens' rights during transition by maintaining existing protections and establishing clear procedures for residency, pensions, and other entitlements for UK and EU citizens""]"
1329,"Supporting this Act means wanting Parliament to have more control over Brexit decisions rather than the Prime Minister making them alone. Supporters believed it would give MPs a chance to vote on any Brexit deal before it became final, protecting against a 'no-deal' Brexit that could harm the economy."
1335,"Voting to support this bill means you want to change how the European Union Act 2011 works. If it passes, Parliament would have new rules about how the UK handles EU matters, possibly giving Parliament more power to decide on EU-related decisions."
1354,"[""- Reduces costs for maintaining irreplaceable historical buildings that are central to local communities and often open to the public, allowing funds to be spent on preservation rather than taxes"",""- Recognizes that listed places of worship provide significant public benefit through heritage conservation, tourism, and community services, justifying preferential tax treatment similar to other cultural institutions"",""- Levels the playing field with other charities and non-profits that already receive VAT exemptions, ensuring religious organizations aren't disadvantaged compared to secular heritage bodies"",""- Prevents deterioration of architecturally significant buildings that would be costly or impossible to restore if funding is diverted to VAT payments""]"
1355,"Voting to support this bill means you want certain organisations or services to stop paying VAT (Value Added Tax - a 20% sales tax). If it passes, these exempted groups would pay less tax, making their products or services cheaper for customers and saving them money."
1356,"[""- Reduces costs for essential services by exempting them from VAT, making healthcare, education, or charitable activities more affordable and accessible to low-income families and vulnerable groups"",""- Supports specific industries or charities by removing tax burdens, allowing them to reinvest savings into service provision rather than paying tax to the government"",""- Simplifies the tax system by clarifying which miscellaneous goods and services should be exempt, reducing confusion for businesses about their VAT obligations"",""- Promotes public welfare by exempting items or services deemed socially important, such as medical equipment, educational materials, or services provided by not-for-profit organizations""]"
1357,"- Reduces the cost of building charging infrastructure by removing 20% VAT, making it economically viable for more councils and businesses to install chargers in underserved areas - Lowers charging fees for EV drivers by reducing operating costs, making electric vehicles more competitive with petrol and diesel cars on total cost of ownership - Accelerates the transition to zero-emission transport by removing a financial barrier to EV adoption, supporting the UK's commitment to net-zero carbon emissions by 2050 - Aligns with similar tax exemptions already offered in other EU countries, preventing the UK from being disadvantaged in the EV market after Brexit"
1358,"Voting to support this bill means you believe government officials and public bodies should have more flexibility when making decisions about rules and regulations. If it passes, it would allow decision-makers to use their judgment and common sense rather than always following strict, rigid procedures."
1382,"[""- Improves connectivity for island and coastal communities by ensuring regular, reliable ferry services that might otherwise be abandoned due to low profitability, particularly in rural areas where ferries are essential transport links"",""- Reduces passenger costs and journey times through integrated ticketing and timetable coordination with trains and buses, making multi-leg journeys simpler and more affordable"",""- Strengthens environmental and safety standards across the industry through mandatory compliance requirements, protecting passengers and reducing pollution from poorly-regulated operators"",""- Enables strategic investment in ferry infrastructure and fleet modernisation through coordinated planning, rather than leaving decisions solely to profit-motivated private companies""]"
1385,"- Removes a major barrier to accessing fertility treatment by eliminating the choice between keeping employment income and attending essential medical appointments, making treatment financially viable for more people
- Reduces workplace stress and health risks by allowing employees to attend appointments without fear of disciplinary action, redundancy, or being passed over for promotion
- Addresses gender inequality by ensuring women are not disadvantaged in employment due to the time-intensive nature of fertility procedures, which typically fall on female partners
- Brings the UK into alignment with other developed nations that already provide such protections, and recognises fertility treatment as legitimate medical care equivalent to other health conditions"
1387,"[""- Protects public safety by requiring organisers to implement emergency procedures, medical facilities, and security measures at festivals, reducing risks of crowd accidents and health crises"",""- Shields local communities from excessive noise and disruption through enforceable noise limits and restricted operating hours, improving quality of life for residents near festival sites"",""- Ensures environmental accountability by requiring organisers to manage waste, prevent site damage, and restore venues after events, protecting green spaces and wildlife"",""- Creates financial liability protections for local authorities and taxpayers by requiring organisers to post bonds and insurance, ensuring costs of cleanup or incident response aren't passed to the public""]"
1402,"Supporting this Act means backing the government's tax plans for 2020. It could help fund public services like the NHS and schools, and might include tax changes designed to help businesses or workers during the COVID-19 pandemic."
1405,"[""- Allows the government to adjust tax thresholds and allowances in line with inflation, preventing 'fiscal drag' where wages keep pace with inflation but tax allowances don't, meaning workers pay more tax in real terms"",""- Enables targeted tax reliefs and incentives for priority areas such as business investment, green energy transition, or research and development, which can drive economic growth and job creation"",""- Provides legal authority for closing perceived tax loopholes and enforcing compliance measures that protect the tax base and ensure wealthier individuals and profitable companies pay their fair share"",""- Allows the Treasury to respond to economic conditions by adjusting fiscal policy, such as raising business investment allowances during downturns or raising duties on carbon-heavy activities to meet climate targets""]"
1411,"I cannot generate support arguments without knowing the bill's specific provisions. Once the Finance Act 2026 is published, supporting it might involve arguments such as: - funding for public services like the NHS and education, - measures to improve business competitiveness or investment, - tax fairness or closing loopholes, or - support for specific groups (working families, pensioners, etc.). To understand what supporters actually argue, you should consult the Treasury's impact assessment and statements from supporting MPs and organisations."
1415,"[""- Strengthens UK security by supporting Ukraine's ability to defend itself, reducing the risk of Russian expansion that could eventually threaten NATO allies and British interests in Europe"",""- Demonstrates UK commitment to international law and the rules-based order by supporting a sovereign nation resisting invasion, reinforcing Britain's diplomatic standing and alliance relationships"",""- Provides efficient, streamlined mechanisms for delivering aid rather than repeatedly returning to Parliament, allowing faster humanitarian and military support when circumstances change rapidly"",""- Contributes to Ukraine's post-war reconstruction and economic stability, which benefits UK interests through future trade relationships and regional security in Europe""]"
1416,"[""- Equips young people with essential life skills before entering adulthood, reducing future debt problems, poor credit decisions, and financial vulnerability"",""- Narrows inequality by providing disadvantaged students with financial knowledge that wealthier families typically teach at home, creating more equal economic opportunities"",""- Reduces reliance on high-cost credit and predatory lending by helping people understand borrowing costs, budgeting, and alternative financial products"",""- Strengthens long-term economic productivity and mental health by enabling individuals to make informed financial decisions and reduce financial stress""]"
1434,"Supporting this Act means backing stronger fire safety rules in buildings, especially high-rise apartments. It aims to protect residents by making sure buildings are safer, fire risks are reduced, and people are properly warned if there's danger."
1440,"[""- Reduces firearm deaths in domestic settings by preventing abusers with a history of violence from legally obtaining weapons, addressing a documented correlation between domestic abuse and domestic homicide"",""- Closes information gaps by requiring police, courts, and licensing bodies to share domestic violence records, ensuring decision-makers have complete evidence when assessing applications"",""- Protects vulnerable people (primarily women and children) from escalated violence, as research shows that abusers with firearm access are five times more likely to kill their partners"",""- Aligns UK law with international best practice, as similar measures in other countries have demonstrably reduced domestic homicides without restricting responsible gun owners""]"
1442,"[""- Prevents unlicensed individuals from manufacturing fully functional firearms in their homes, reducing access to untraceable weapons used in crimes and terrorism"",""- Closes a significant loophole in existing firearms law, as current regulations were written before 3D printing technology made home weapon manufacture feasible"",""- Protects public safety by maintaining centralized oversight of firearm production through the existing licensed firearms dealer and manufacturer system"",""- Aligns UK law with public safety principles already established in conventional firearms regulation, ensuring consistent standards across all manufacturing methods""]"
1447,"[""- Reduces distress to pets and wildlife by limiting when fireworks can be set off, protecting animals from unnecessary stress and potential injury during peak usage periods"",""- Decreases noise pollution in residential neighbourhoods by establishing quiet hours (typically evenings and early mornings), improving quality of life and sleep for residents"",""- Improves public safety by requiring retailers to be properly licensed and trained, reducing access to fireworks by minors and those with criminal records or safety concerns"",""- Provides clearer enforcement mechanisms and penalties, giving local authorities better tools to respond to irresponsible firework use and hold offenders accountable""]"
1448,"[""- Reduces distress to pets and animals: Fireworks cause severe anxiety in dogs, cats, and wildlife; stricter controls would limit unnecessary suffering and help prevent animals fleeing homes or being injured"",""- Protects vulnerable people: Restricts noise nuisance for those with PTSD, anxiety disorders, and elderly residents who suffer disproportionately from sudden loud noises and sleep disruption"",""- Maintains celebration freedoms with responsibility: Allows legitimate fireworks displays through a permit system while preventing random, inconsiderate use on any night of the year"",""- Reduces antisocial behaviour: Formal regulations give police clearer powers to enforce against misuse and limit fireworks being used to intimidate communities or cause public disorder""]"
1458,"Voting to support this bill means you want stricter controls on Fixed Odds Betting Terminals (FOBTs) - the electronic gambling machines found in betting shops. If it passes, it would likely reduce the maximum stake players can bet per spin and introduce other protections to prevent problem gambling and reduce harm to vulnerable people."
1464,"Voting to support this bill means you want to remove the Fixed-term Parliaments Act 2011, which currently forces Parliament to have elections every 5 years. If it passes, the Prime Minister would regain the power to call an election whenever they choose (within a 5-year limit), giving them more flexibility to pick timing they think is advantageous."
1465,"Voting for this bill means you want to remove the Fixed-term Parliaments Act 2011, which forces elections every 5 years. If it passes, the Prime Minister can call an election whenever they choose (within a 5-year limit), giving them more flexibility and returning to how Parliament worked before 2011."
1466,"Voting to support this bill means you want to remove the Fixed-term Parliaments Act 2011, which currently forces general elections every 5 years. If it passes, the Prime Minister would regain the power to call a general election whenever they think is best, giving them more flexibility to choose the timing."
1468,"Voting to support this bill means you believe workers should have more power to ask for flexible working arrangements like different hours, working from home, or part-time options. If it passes, employers would find it easier for employees to request these changes, and companies would have to seriously consider these requests rather than automatically saying no."
1480,"[""- Consumers have a right to know how their food is produced, including the slaughter method used, allowing them to make purchasing decisions aligned with their values and beliefs"",""- Clear labelling promotes transparency in the food supply chain and prevents consumers from unknowingly purchasing meat from religious slaughter methods they may object to on ethical or religious grounds"",""- The measure respects diverse consumer preferences across different communities, religious minorities can identify products meeting their dietary requirements, while others can avoid them if they choose"",""- Labelling requirements already exist for other production methods (e.g., free-range eggs, organic meat), so this extends existing consumer protection principles consistently""]"
1481,"[""- Clearer labelling helps consumers quickly identify nutritional content, supporting people trying to manage weight, diabetes, or heart disease without requiring them to interpret complex information"",""- Standardized formats across all brands make it easier to compare similar products and choose healthier options, levelling the playing field between companies"",""- Restricting unsubstantiated health claims protects consumers from misleading marketing and prevents manufacturers from making false or exaggerated statements about their products' benefits"",""- Public health benefits: clearer labelling is associated with reduced calorie consumption and improved dietary choices, potentially reducing NHS costs from obesity-related diseases""]"
1484,"Voting to support this bill means you want to change the rules about how food companies label their products. If it passes, food labels in the UK would have new requirements - for example, this might mean clearer information about ingredients, allergens, or nutritional content to help shoppers make better choices."
1488,"- Improves food safety and transparency by enforcing clearer labelling standards, helping consumers make informed choices about what they eat and protecting vulnerable groups from harmful additives or undisclosed ingredients
- Supports UK farmers and food producers by creating preferential procurement rules for public institutions, guaranteeing steady demand and fair prices for domestic suppliers competing against cheaper imports
- Enhances nutrition in schools, hospitals, and care homes by mandating higher food standards in public procurement, directly improving health outcomes for children and vulnerable populations who rely on these services
- Reduces food waste and environmental impact by encouraging sustainable sourcing practices and potentially restricting products with excessive packaging or unsustainable production methods"
1490,"[""- Reduces pressure on landfills and decreases methane emissions from decomposing food, directly supporting the UK's climate change commitments and net-zero targets"",""- Redirects edible surplus food to food banks and charities, helping address food poverty and malnutrition affecting vulnerable UK households"",""- Drives business efficiency by incentivising companies to reduce waste through their supply chains, potentially lowering operating costs and improving profit margins long-term"",""- Creates transparent data on food waste patterns, enabling government and businesses to identify waste hotspots and develop evidence-based solutions""]"
1494,"- Equal pay and investment: Women's football players and staff would receive comparable salaries and funding to men's counterparts, recognising equal skill and professional commitment. - Economic growth: Increased investment in women's football would create new jobs, expand fan bases, and unlock commercial revenue currently untapped in the women's game. - Role modelling and participation: Higher visibility and resources for women's football would inspire more girls to play the sport, improving public health and providing equal sporting opportunities from youth level onwards. - Legal clarity: Establishing statutory requirements would prevent individual clubs from discretionary discrimination and create uniform standards across English football."
1499,"- Prevents financial mismanagement by requiring clubs to operate within sustainable spending limits, protecting players' wages and local jobs from reckless owner decisions
- Establishes independent oversight that removes conflicts of interest, as the current system allows the Premier League and EFL to regulate their own members
- Protects supporter interests through mandatory consultation on major decisions and ownership changes, giving fans a formal voice in how their clubs are run
- Creates consistent standards across English football, closing loopholes that currently allow some clubs to operate with minimal financial transparency or accountability"
1500,"Voting for this bill means you want the government to have more control over how football clubs are run in England. If it passes, there would be new rules that clubs must follow about spending money, ownership, and how they treat fans - this is meant to protect smaller clubs and make the sport fairer."
1501,"Voting for this bill means you want football supporters to have more say in how their clubs are run. If it passes, fans would get a formal role in decision-making at football clubs, giving them a voice on important issues like ticket prices and club ownership changes."
1511,Voting to support this bill means you want to make it easier to remove foreign nationals (non-UK citizens) from the country if they commit serious crimes. Supporters believe this protects UK public safety and that foreign criminals should be deported rather than kept in UK prisons.
1513,"Voting to support this bill means you want to restrict which public services foreign nationals can access in the UK. If it passes, non-UK citizens may be required to prove their immigration status to use services like the NHS, schools, or local council services."
1519,"Voting for this bill means you want to create an official Forensic Science Regulator role to oversee and quality-check forensic evidence used in criminal investigations. If it passes, forensic labs and experts will have to follow strict standards, which could help ensure DNA tests, fingerprint analysis, and other evidence are reliable and trustworthy in court."
1520,"Supporting this Act means backing the creation of a Forensic Science Regulator who ensures that DNA tests, fingerprint analysis, and other forensic evidence used in courts meets high quality standards. This protects innocent people from being wrongly convicted based on poor-quality scientific evidence."
1522,"Voting for this bill means you want to stop paying former Prime Ministers and Ministers after they leave office. If it passes, the government would no longer provide these payments, which supporters believe saves taxpayers' money and is fair since these were well-paid jobs."
1530,"[""- Removes administrative burden on parents, ensuring eligible children receive meals even if families are unaware of the scheme or unable to navigate application processes"",""- Increases uptake significantly, current evidence suggests 20-30% of eligible children don't receive free meals due to application barriers, so automatic registration would extend support to thousands more children"",""- Improves child nutrition and educational outcomes by guaranteeing daily meals for disadvantaged children, supporting concentration and attendance at school"",""- Reduces stigma for children, as universal automatic enrollment means fewer children are visibly singled out as recipients of means-tested support""]"
1532,"Voting to support this bill means you want all primary school children in the UK to receive free meals at school, paid for by the government. If it passes, families would no longer need to pay for their children's lunches, which could save money for parents and help ensure all children are well-fed during the school day."
1535,"[""- Protects intellectual freedom by allowing people to critique, debate, and analyze religious ideas without fear of legal prosecution or blasphemy laws"",""- Distinguishes between protected speech (criticizing beliefs) and unprotected speech (inciting violence or harassment against believers), creating clearer legal standards"",""- Enables academic, journalistic, and public discourse about religion to continue without self-censorship, supporting informed democratic debate"",""- Prevents weaponization of law against minority viewpoints or unpopular religious criticism, protecting both religious minorities and non-believers from selective prosecution""]"
1542,"Voting to support this bill means you want private healthcare companies to be subject to Freedom of Information requests, just like NHS hospitals and government bodies. If it passes, members of the public could ask private hospitals and clinics for information about their operations, costs, and decision-making processes."
1547,"- Reduces losses for businesses and consumers: Freight crime costs the UK economy an estimated £5 billion annually; stronger enforcement and deterrents through increased sentences help protect legitimate trade and keep prices lower.
- Disrupts organised crime networks: A dedicated national unit and enhanced surveillance powers enable police to target criminal gangs that use stolen goods to fund broader illegal activities including drug trafficking and violence.
- Protects workers and drivers: Freight crime often involves violence and intimidation against HGV drivers and warehouse staff; stronger laws and enforcement create safer working conditions and reduce injury and trauma.
- Improves supply chain security: Mandatory information-sharing between companies and police helps identify vulnerabilities, coordinate security improvements, and prevent repeat victimisation of transport routes."
1552,"Voting to support this bill means you want the government to take action to help people who struggle to afford heating and electricity. If it passes, the bill would introduce new measures to reduce fuel poverty, such as improving home insulation, providing financial support to low-income households, or setting targets for energy companies to help vulnerable customers."
1558,"[""- Prevents cruel farming practices: Banning fur imports stops UK money from supporting fur farms in countries with minimal animal welfare regulations, where animals are often kept in poor conditions before slaughter."",""- Reflects public values: Multiple UK surveys show 70%+ public support for a fur ban, indicating the measure aligns with widespread ethical concerns about unnecessary animal suffering for luxury goods."",""- Protects vulnerable wild species: Bans the trade in fur from wild-caught animals, reducing poaching pressure on endangered species like chinchillas, foxes, and seals that are hunted specifically for fur."",""- Strengthens UK animal welfare leadership: Positions the UK as a global standard-setter for ethical fashion, encouraging other nations and international markets to adopt similar protections.""]"
1565,"Voting to support this bill means you think the changes to gambling laws are needed and beneficial. If it passes, the Gambling Act 2005 will be updated with new rules - these might include stronger protections for gamblers, tighter controls on betting companies, or changes to how gambling is regulated in the UK."
1566,"[""- Updating monetary limits in line with inflation since 2005 would allow legitimate lotteries to offer more competitive prizes without requiring constant regulatory changes, making lotteries more attractive to participants while maintaining consumer confidence"",""- Raising limits for society lotteries (those run by charities and non-profit organisations) could increase fundraising capacity for good causes, enabling charities to generate larger sums for community projects, healthcare, and social services"",""- Modernising these rules brings UK lottery regulation into alignment with current economic reality, reducing the need for frequent legislative updates and allowing regulators to focus on consumer protection rather than outdated financial thresholds"",""- Higher lottery limits could encourage participation in regulated, licensed lotteries rather than unregulated gambling alternatives, keeping revenue within the legal framework where it can be taxed and where player protections apply""]"
1570,"Voting to support this bill means you want to ban Gamma-Butyrolactone (GBL), a chemical that is sometimes used as a drug substitute. If it passes, it will be illegal to make, sell, or possess GBL, which supporters believe will reduce drug-related harm and crime."
1576,"[""- Establishes independent scrutiny: A statutory inquiry with compulsory powers would be independent from government, unlike internal reviews, and could compel witnesses and documents that voluntary inquiries cannot access"",""- Ensures public transparency: Published hearings and findings would give UK citizens access to information about government decisions on arms sales, military coordination, and diplomatic positions affecting the conflict"",""- Addresses potential accountability gaps: An inquiry could investigate whether UK policy complied with international humanitarian law and arms export licensing rules in ways that parliamentary questions or Freedom of Information requests may not fully cover"",""- Creates a formal record: A statutory inquiry produces binding legal findings and recommendations, creating official documentation of UK conduct and any lessons for future policy""]"
1580,"Voting to support this bill means you want to make gender-based pricing illegal across the UK. If it passes, shops and businesses would no longer be allowed to charge different prices for similar products or services just because they're marketed to men or women (like charging more for women's haircuts or razors)."
1581,"Voting to support this bill means you want to make gender-based pricing illegal across the UK. If it passes, shops and businesses would no longer be allowed to charge different prices to men and women for the same or similar products and services."
1583,"[""- Modernises outdated cemetery laws to reflect 21st-century practices, including digital burial records and online plot management systems that make it easier for families to access information about deceased relatives"",""- Establishes clear consumer protections and pricing regulations to prevent exploitation of vulnerable families during bereavement, ensuring transparent costs for burials, plot maintenance, and memorial services"",""- Introduces environmental standards for cemetery management, including sustainable landscaping practices and protection of green spaces, which benefits local communities and wildlife habitats"",""- Creates consistent national standards for cemetery operations, reducing variation between local authorities and ensuring families receive equivalent service quality regardless of location""]"
1592,"Supporting this Act means backing faster development of new crop and animal varieties that could be more nutritious, disease-resistant, or better adapted to climate change. Supporters believe it will help UK farmers stay competitive and reduce the need for pesticides, benefiting both food security and the environment."
1603,"Voting to support this bill means you want to protect people who buy gift vouchers. If it passes, customers would be better protected if a shop goes out of business - they could get their money back instead of losing it completely."
1604,"[""- Early detection saves sight: Mandatory screening standards would catch glaucoma before irreversible vision loss occurs, since the condition often progresses silently without symptoms until significant damage has happened"",""- Reduces health inequalities: Establishing care standards ensures patients in rural and deprived areas receive the same quality treatment as those in major cities, rather than depending on local NHS funding variations"",""- Prevents blindness and reduces care costs: Earlier treatment is significantly cheaper than managing blindness-related complications, disability benefits, and social care support that result from preventable vision loss"",""- Strengthens the eye care workforce: Training and funding provisions help recruit and retain optometrists and ophthalmologists, reducing waiting times and improving service capacity across England""]"
1608,"Voting to support this bill means you want the UK to prioritize buying and selling goods and services made in Britain. If it passes, the government and businesses would be encouraged or required to choose British-made products, which supporters argue could help UK workers and businesses grow stronger."
1619,"A vote to support this bill means you want the UK Parliament to allow Welsh people to hold a referendum (a public vote) on devolution - essentially asking whether Wales should have more control over its own affairs. If it passes, Welsh voters would get the chance to decide directly whether they want greater independence or different powers for the Welsh Government."
1620,"Voting to support this bill means you want Welsh people to have a referendum (public vote) on devolution - whether Wales should have more control over its own affairs. If it passes, Welsh voters would get to decide directly on how much power should stay in Wales versus Westminster."
1626,"- Accelerates the transition to renewable energy by providing government-backed investment and reducing reliance on volatile global fossil fuel markets
- Creates skilled jobs in renewable energy development, construction, and maintenance across regions outside London, supporting economic levelling-up
- Strengthens UK energy independence and security by building domestic renewable capacity rather than depending on imported gas and oil
- Reduces long-term household energy bills by increasing renewable supply, which has lower marginal costs than fossil fuels once installed"
1633,"[""- Protects countryside, farmland, and natural habitats from loss to development, preserving biodiversity and ecosystems that depend on undeveloped land"",""- Maintains public access to green spaces for recreation, physical health, and mental wellbeing, particularly important for urban populations"",""- Controls urban sprawl and prevents towns merging together, preserving distinct communities and their character while reducing commuting distances"",""- Supports long-term environmental goals including carbon sequestration, flood management, and air quality improvement by keeping land undeveloped""]"
1639,"[""- Improves public health by guaranteeing residents access to green spaces for exercise and mental wellbeing, reducing healthcare costs associated with sedentary lifestyles and stress-related conditions"",""- Protects local green spaces from being sold off or developed into commercial areas, ensuring communities retain recreational areas that currently enhance quality of life and property values"",""- Addresses environmental inequalities by prioritizing green space investment in deprived urban areas that currently lack parks, benefiting those who cannot afford private gardens"",""- Supports biodiversity and climate resilience by protecting habitats and increasing tree coverage, which helps manage flooding, reduce air pollution, and support wildlife populations""]"
1640,"[""- Provides dignified, permanent recognition of the 72 lives lost and ensures the victims are formally remembered by the nation, which many bereaved families and survivors have called for as part of their healing process"",""- Demonstrates government accountability and respect for those affected by what the public inquiry concluded was a preventable tragedy caused by regulatory failures and corporate negligence"",""- Ensures the memorial will be properly maintained indefinitely through dedicated public funding, rather than relying on temporary fundraising or corporate sponsorship that could be withdrawn"",""- Sets a clear parliamentary precedent that major national tragedies warrant official state commemoration alongside other memorials, reinforcing shared values and collective responsibility""]"
1643,"[""- Protects consumer awareness: Mandatory labelling exposes shrinkflation, allowing shoppers to identify when they're paying more per unit of product and make genuine price comparisons across brands"",""- Increases market fairness: Companies cannot secretly reduce value without alerting consumers, encouraging honest pricing competition rather than hidden cost-cutting that disadvantages budget-conscious households"",""- Supports vulnerable groups: Families on fixed incomes and pensioners often struggle to detect shrinkflation; clear labelling helps them stretch their shopping budgets and avoid being disproportionately exploited"",""- Reduces consumer frustration: Transparent labelling builds trust in the grocery market by giving shoppers the information they expect, rather than discovering at home that a familiar product now contains 15% less""]"
1644,"Voting for this bill means you want to create an independent ombudsman (a referee-like official) to help resolve disputes between supermarkets and their suppliers. If it passes, small suppliers and farmers would have a fairer way to complain about unfair treatment by big supermarket chains without going to expensive courts."
1645,"Voting for this bill means you want to reduce or cap ground rents on leasehold properties. If it passes, leaseholders (people who rent their homes long-term) will pay less money each year to the landlord who owns the land underneath their property."
1654,"[""- Protects breeding populations: A close season prevents killing during spring and early summer when hares are raising young, allowing population recovery after decades of decline."",""- Prevents unnecessary suffering: Coursing (using dogs to chase hares) causes documented stress and injury; a ban during close season reduces animal suffering from this practice."",""- Supports biodiversity: Hares are indicators of healthy grassland ecosystems; their protection benefits associated bird species and plants that depend on the same habitats."",""- Aligns with public opinion: Polling consistently shows majority support for hare protection among UK voters, including in rural areas.""]"
1675,"- Strengthens worker protections by potentially updating safety standards to reflect modern workplace hazards (such as those from new technologies, remote working, or emerging occupational diseases) that weren't adequately addressed in 1974 legislation
- Improves enforcement mechanisms that may make it easier for the Health and Safety Executive to investigate breaches and hold employers accountable, reducing deaths and serious injuries at work
- Reduces bureaucratic burden on compliant businesses by clarifying ambiguous regulations, allowing responsible employers to demonstrate safety more efficiently without unnecessary paperwork
- Protects vulnerable workers by potentially extending protections to gig economy workers, freelancers, or other groups not adequately covered under current outdated definitions"
1689,"- Reduces out-of-pocket costs for individuals buying private health insurance, making coverage more accessible to middle and lower-income households currently priced out of the market
- Could increase private health insurance uptake, potentially reducing demand pressures on NHS services and freeing up capacity for complex or emergency procedures
- Removes a financial barrier that disproportionately affects those managing chronic conditions who rely on private treatment for faster access
- Creates fairer taxation by aligning health insurance with other essential services (like food and prescription medicines) that are zero-rated or low-taxed"
1713,"- Preserves architectural heritage: Protects historic pub buildings that are often centuries old and irreplaceable examples of British construction and design. - Maintains community spaces: Keeps public gathering places intact where locals have traditionally met, socialised, and built community ties for generations. - Supports the pub industry: Reduces competition from property developers converting pubs into more profitable residential flats, helping remaining pubs remain financially viable. - Gives communities power: Allows residents and local groups to formally object to pub closures, rather than having decisions made solely by distant developers and corporations."
1722,"Voting to support this bill means you want the government to regulate high-cost credit services (like payday loans and pawn shops) that operate from physical shops. If it passes, these businesses would have stricter rules to follow, which supporters believe would protect vulnerable people from unfair lending practices and excessive charges."
1728,"Voting to support this bill means approving the construction of a new high-speed railway line between Crewe and Manchester. If it passes, the government can proceed with building this rail link, which would make journeys faster and potentially create jobs during construction."
1729,"Supporting this Act means backing the creation of a new high-speed railway line between London and the West Midlands. Supporters believe it will reduce travel times, cut traffic on roads, create jobs during construction, and help boost economic growth in the Midlands region."
1730,"Supporting this Act means backing plans for a high-speed railway network in the UK. Supporters believe it will create jobs, reduce travel times between major cities, and help the environment by encouraging people to use trains instead of cars and planes."
1731,"Supporting this Act means backing a new high-speed railway line from the West Midlands to Crewe. Supporters believe it will create jobs, reduce travel times, cut car journeys, and help businesses grow by connecting major cities faster."
1733,"Voting to support this bill means you want to restrict how companies can advertise high-cost credit products like payday loans and doorstep lending. If it passes, these lenders would face stricter rules on where, when, and how they can advertise, which supporters believe would protect vulnerable people from taking out expensive loans they can't afford to repay."
1745,"Supporting this Act means helping to protect and properly manage Highgate Cemetery in London. It ensures the cemetery is well-maintained, respects those buried there, and preserves this historic site for future generations."
1750,"- Modernising outdated legislation from 1980 ensures highways maintenance standards reflect current traffic volumes, vehicle weights, and climate challenges (flooding, subsidence) that weren't anticipated 40+ years ago
- Clarifying maintenance responsibilities between central government, local authorities, and private landowners could reduce disputes and ensure roads are repaired promptly rather than falling into disrepair
- Updating funding mechanisms could provide local councils with adequate, predictable budgets to address the estimated £10+ billion backlog in road repairs across the UK
- Streamlining administrative procedures for highway management could reduce bureaucratic delays and allow authorities to respond faster to emergency road damage"
1757,"Voting to support this bill means you want local authorities (councils) to have a legal duty to register and monitor children who are being home-educated. Supporters believe this will help protect children's safety and ensure they receive a proper education, while also helping councils keep track of all school-age children in their area."
1759,"[""- Ensures vulnerable children cannot be hidden from authorities; a registration system enables local councils to check on child welfare and identify cases of neglect, abuse, or radicalisation that might otherwise go undetected"",""- Protects educational quality by establishing minimum standards and requiring local authorities to assess whether home education is meeting statutory requirements, preventing situations where children receive inadequate teaching"",""- Provides statutory support to home educators through council resources, training, and guidance, improving access to educational materials and professional advice that currently varies greatly depending on family resources"",""- Creates equitable safeguarding; home-schooled children currently lack the routine contact with trained professionals (teachers, nurses) that acts as a safeguard in schools, and registration brings them within consistent welfare monitoring frameworks""]"
1763,"Voting for this bill means you want to improve end-of-life care for homeless people. If it passes, it would require the NHS and councils to make sure homeless people get proper medical care and support when they're dying, rather than facing their final days on the streets."
1764,"[""- Reduces the number of people experiencing rough sleeping and emergency accommodation, which is more costly to the NHS, police, and social services than prevention"",""- Provides early intervention through housing advice and debt counselling, helping people avoid eviction, repossession, and family breakdown"",""- Clarifies local authority responsibilities, ensuring consistent standards across England and reducing variation in support based on postcode"",""- Protects vulnerable groups including young people leaving care, victims of domestic abuse, and those with mental health issues by mandating tailored support""]"
1770,"Voting to support this bill means you want partners of people who receive honours (like OBEs or knighthoods) to have equal titles, regardless of their gender or whether they're married. If it passes, same-sex partners and unmarried partners would get the same official recognition and titles as opposite-sex spouses currently do."
1772,"Voting to support this bill means you want to ban the sale of peat for gardening and horticulture in the UK. If it passes, garden centres and shops would no longer be able to sell peat-based products, forcing gardeners to switch to alternatives like compost made from wood, coconut, or other materials."
1773,"- Protects UK peatlands from drainage and extraction damage, preserving habitats for rare species like bog plants, insects, and birds that depend on these ecosystems
- Reduces carbon emissions by preventing peat extraction and the subsequent release of stored carbon when peat is used in gardens; peatlands are among the most carbon-dense habitats on Earth
- Encourages development and investment in sustainable alternatives to peat, such as recycled wood fibre and plant-based composts, creating opportunities for green industry growth
- Aligns the UK with environmental commitments to restore natural habitats and reach net-zero carbon targets, as peatland restoration is a recognised climate action strategy"
1774,"[""- Provides transparency about how much money hospices currently receive and whether funding is fairly distributed across the country, helping identify regions with inadequate services"",""- Creates an evidence base for advocating for increased funding to hospices, which often rely heavily on charitable donations and may be underfunded compared to hospital services"",""- Enables better planning and resource allocation by establishing what hospices actually need versus what they currently receive, potentially leading to more efficient use of health budgets"",""- Gives hospices and campaigners concrete data to use in negotiations with government and health authorities, rather than relying on anecdotal evidence of funding shortfalls""]"
1775,"- Guarantees fairer access to hospice care nationwide by establishing minimum service standards, so patients aren't disadvantaged by their postcode or local NHS funding variations
- Provides stable, dedicated government funding for hospices, reducing their dependence on charity fundraising and allowing them to plan long-term services reliably
- Strengthens protections for patients' autonomy through regulated advance care planning, ensuring end-of-life wishes are formally documented and legally respected
- Improves staff training and safeguarding standards across hospice services, protecting vulnerable patients and supporting hospice workers with better resources and working conditions"
1781,"[""- Reduces patient waiting times in A&E departments, improving outcomes for emergency cases and reducing the risk of deterioration while waiting for treatment"",""- Increases funding or resources dedicated to emergency care, allowing hospitals to hire more staff, purchase equipment, and expand capacity to handle demand"",""- Establishes clear performance standards and accountability for A&E services, ensuring hospitals meet consistent quality benchmarks across the country"",""- Alleviates pressure on overstretched emergency departments, reducing staff burnout and improving working conditions for nurses, doctors, and support staff""]"
1786,"Voting to support this bill means you want the government to have priority in scheduling Parliament's time to debate and pass the European Union (Withdrawal) Act 2018 and related Brexit business. If it passes, the government can fast-track these important EU exit matters without delay."
1808,"Voting to support this bill means you want to remove hereditary peers from the House of Lords. If it passes, people who inherited their seat in the Lords (rather than being appointed for their skills or work) would no longer be allowed to sit there, making the chamber more merit-based."
1811,"- Removes an anachronistic system where legislative power is granted by accident of birth rather than expertise or merit, making the chamber more democratically legitimate
- Eliminates the cost of maintaining a system that gives unelected individuals political influence they did not earn, freeing resources for other priorities
- Increases diversity in the Lords by opening seats to candidates from broader backgrounds, rather than restricting positions to families with historical titles
- Creates a more rational appointment process where peers are selected based on their knowledge, experience, and ability to scrutinise legislation effectively"
1812,"Voting for this bill means you want to stop holding by-elections when hereditary peers die or leave the House of Lords. Supporters believe this will save money and gradually reduce the number of hereditary peers, making the Lords more modern and democratic."
1813,"Voting for this bill means you want to stop holding by-elections when a hereditary peer dies or leaves the House of Lords. Supporters believe this would save money and reduce the influence of inherited positions in Parliament, making the Lords more modern and democratic."
1814,"Voting to support this bill means you want to stop holding special elections when a hereditary peer dies or leaves the House of Lords. If it passes, when a hereditary peer's seat becomes empty, it will simply stay empty rather than holding a by-election to fill it."
1815,"Voting to support this bill means you want to stop by-elections when hereditary peers die or step down. If it passes, when a hereditary peer leaves the House of Lords, their seat would simply disappear rather than another hereditary peer being elected to replace them."
1816,"Voting to support this bill means you want to stop holding by-elections when hereditary peers die or leave the House of Lords. If it passes, when a hereditary peer leaves, their seat simply stays empty rather than having another hereditary peer elected to replace them."
1817,"Voting to support this bill means you want to stop by-elections for hereditary peers in the House of Lords. If it passes, when a hereditary peer dies or leaves, their seat will simply be removed rather than another hereditary peer being elected to replace them."
1818,"Supporting this bill means you want to stop by-elections for hereditary peers in the House of Lords. If it passes, when a hereditary peer dies or leaves, their seat would simply become empty rather than having another hereditary peer elected to replace them, gradually reducing the number of hereditary peers."
1819,"Voting to support this bill means you want to stop by-elections for hereditary peers in the House of Lords. If it passes, when a hereditary peer dies or leaves, their seat would simply remain empty rather than having another hereditary peer elected to fill it."
1828,"[""- Reduces political patronage by removing the Prime Minister's ability to create peerages as rewards for party supporters or donors, improving public trust in Parliament"",""- Establishes independent scrutiny of peerage nominations, ensuring candidates are selected based on genuine merit and contribution to public life rather than political allegiance"",""- Creates a more transparent and accountable system for who enters the House of Lords, with clear criteria and public justification for appointments"",""- Helps address concerns that the House of Lords has become too large and too filled with party loyalists, making it less effective as a revising chamber""]"
1832,"Voting to support this bill means you want to change how the House of Lords works. If it passes, it will reform the Lords - possibly making it smaller, more democratic, or changing how members are chosen."
1834,"Voting to support this bill means you want to reform how the House of Lords works. If it passes, it would make changes to the Lords' structure, powers, or how members are chosen - potentially making it more democratic or efficient."
1842,"Voting to support this bill means you want Houses in Multiple Occupation (HMOs - properties rented to multiple unrelated tenants) to meet minimum energy efficiency standards and display Energy Performance Certificates. Supporters believe this will reduce energy bills for renters, improve living conditions, and help the UK meet climate change targets."
1845,"Voting to support this bill means you want local councils to have the power to require private landlords in certain areas to get a license before renting out their properties. Supporters believe this would help councils control poor-quality housing and bad landlord behavior in problem areas, while allowing other areas to be exempt from these rules."
1847,"Voting to support this bill means you want to change the Housing Act 1988 rules. If it passes, it would update the 1988 law - possibly making renting fairer, giving tenants more rights, or changing how landlords can manage properties."
1852,Supporting this Act means backing efforts to build more homes and improve run-down areas across the UK. It gives the government and housing organizations more tools and funding to tackle housing shortages and regenerate communities that need investment.
1863,"Voting to support this bill means you want the public to have a say on how HS2 (a new high-speed railway) should be funded. If it passes, it would require a referendum where UK citizens could vote on whether they agree with the government's plans to pay for this major transport project."
1865,"[""- Enables access to cutting-edge fertility treatments that could help people with previously untreatable conditions, such as those carrying mitochondrial diseases, to have genetically healthy children"",""- Modernises 30-year-old legislation to keep pace with scientific advances, ensuring regulations reflect current medical knowledge rather than outdated assumptions about technology"",""- Strengthens patient safety by establishing clearer HFEA oversight standards, transparent licensing procedures, and updated monitoring requirements for fertility clinics"",""- Supports legitimate embryo research that could advance understanding of genetic diseases and improve fertility treatments, while maintaining ethical safeguards on embryo use""]"
1867,"[""- Protects human dignity by preventing the commodification and disrespectful treatment of deceased people's bodies, ensuring remains are treated as something beyond commercial products"",""- Closes existing legal gaps that allow the unregulated trade in human remains, including bones, organs, and tissue sold through online platforms and private dealers"",""- Prevents exploitation of vulnerable families who might be coerced or financially pressured into selling their relatives' remains due to poverty or grief"",""- Brings UK law into alignment with international standards on human rights and the ethical treatment of the deceased, as many developed nations already prohibit such trading""]"
1870,"Voting to support this bill means you think the definition of 'public authority' in the Human Rights Act 1998 should be changed or clarified. If it passes, it would affect which organisations can be taken to court under human rights law - potentially making it easier or harder to sue certain bodies like private companies that provide public services."
1885,"Supporting this Act means backing improvements to the Humber Bridge, which connects Yorkshire and Lincolnshire. It helps keep this important crossing safe, well-maintained, and working properly for the thousands of people who use it daily for work and travel."
1889,"- Protects endangered species by removing a financial incentive for trophy hunting, as demand from wealthy UK hunters drives poaching and hunting of vulnerable populations in Africa and Asia. - Aligns UK law with conservation priorities, recognising that some species (like certain elephant and lion populations) face extinction threats partly due to trophy hunting pressure. - Sends a clear ethical message that the UK does not support killing endangered animals for sport, potentially encouraging other countries to adopt similar restrictions. - Simplifies customs enforcement by creating a straightforward ban rather than relying on complex permits and case-by-case assessments of individual trophy imports."
1894,"- Preserves Britain's natural heritage by legally protecting historically important trees (such as ancient oaks or trees with cultural significance) from development, damage, or removal without formal review
- Improves children's environmental literacy and wellbeing by requiring mandatory nature education, potentially addressing declining outdoor engagement and knowledge of local ecosystems among young people
- Increases urban tree coverage through binding local authority targets, which provides documented public health benefits including improved air quality, reduced flooding risk, and mental health improvements for communities
- Creates accessible public records of iconic trees, enabling citizens and conservation groups to monitor and advocate for protection of trees in their area"
1906,"[""- Deters irregular migration by establishing clear criminal consequences, potentially reducing dangerous journeys and deaths at sea or in lorries"",""- Increases sentences for people smugglers and traffickers, who exploit vulnerable migrants for profit and pose organised crime threats"",""- Strengthens border security by giving immigration enforcement more tools to identify and process illegal entrants quickly"",""- Protects the integrity of the immigration system by penalising those who bypass legal entry routes, which supporters argue is fairer to people who apply through proper channels""]"
1907,"Voting to support this bill means you want to make it easier and faster to punish people who illegally import dogs into the UK. If it passes, authorities can issue fixed penalties (on-the-spot fines) to illegal dog importers instead of having to take them to court, which saves time and money."
1909,"A vote to support this bill means you want to ban illegally chopped-down wood from being bought and sold in the UK. If it passes, UK businesses won't be allowed to import, sell, or distribute timber that was cut down illegally, which protects forests and the environment."
1914,"- Provides legal protection against intimate image abuse, which disproportionately affects women and can cause serious psychological harm, including anxiety, depression, and damaged relationships. - Closes a significant legal gap: currently, sharing intimate images without consent is difficult to prosecute under existing laws, leaving many victims without justice. - Addresses emerging technology threats by criminalising deepfake pornography and AI-generated intimate images, which are increasingly used to harass and blackmail people. - Establishes clear criminal consequences that act as a deterrent, making potential offenders think twice before recording or sharing intimate content."
1923,"Voting to support this bill means you want to change the Immigration Act 1971 in the way it proposes. If it passes, it would update immigration rules and could affect how people enter, stay in, or leave the UK - supporters believe the changes are necessary improvements to the current system."
1930,"- Streamlined visa processing could reduce bureaucratic delays, enabling faster decisions for skilled workers and businesses needing international talent
- Enhanced border security measures may improve public safety by strengthening enforcement capabilities and reducing irregular entry
- Clearer visa pathways could provide certainty for migrants and employers, supporting economic growth in sectors facing labour shortages
- Modernised immigration rules may help align the system with current economic needs and international best practices"
1938,"- Addresses a grave injustice: IPP prisoners have served their minimum tariff many years ago but remain imprisoned indefinitely due to a sentencing system now recognised as flawed and abolished. Re-sentencing offers a proportionate remedy.
- Reduces prison overcrowding and costs: Releasing lower-risk IPP prisoners who no longer pose significant danger would free resources and prison capacity for other purposes.
- Aligns with rehabilitation principles: The bill recognises that risk assessment and behaviour change matter more than indefinite punishment, allowing prisoners who have demonstrated progress and reduced risk to progress toward release.
- Corrects a historical anomaly: Since IPP sentences were abolished in 2012, new offenders cannot receive them; continuing to hold older IPP prisoners under this discredited system is inconsistent and unfair."
1941,"Voting to support this bill means you want income tax money to be used only for non-military spending (like the NHS, schools, and social services). If it passes, the government would be legally required to spend all income tax revenue on these civilian services instead of defence."
1943,Voting to support this bill means you want Parliament (rather than the government) to choose who becomes the Anti-slavery Commissioner. Supporters believe this would make the role more independent and ensure the person appointed can criticise the government without fear of being fired.
1944,"Voting to support this bill means backing the creation of an independent press council - a new body to regulate newspapers and media outlets fairly. If it passes, newspapers would answer to this independent council instead of relying on self-regulation, which supporters believe would improve standards and give the public better protection against poor journalism."
1946,"- Helps small and medium-sized enterprises (SMEs) access affordable financing to enter export markets, reducing barriers they face competing against larger international rivals with greater capital resources
- Supports UK manufacturing and strategic industries to build competitive advantage globally, potentially creating high-quality jobs in regions outside London and the Southeast
- Provides government-backed loan guarantees and grants that reduce financial risk for banks and investors lending to viable businesses, unlocking private sector investment
- Strengthens the UK's international trade position and reduces trade deficits by enabling British companies to sell more goods and services abroad, generating tax revenue and foreign exchange"
1951,"Voting to support this bill means you want unmarried couples who live together (cohabitants) to have legal inheritance rights, similar to married couples. If it passes, surviving partners could inherit from their deceased partner's estate even without a will, providing financial protection for long-term relationships."
1959,"[""- Reduces administrative overhead by consolidating duplicate functions across different organisations, potentially saving public money that can be redirected to apprenticeship training and provision"",""- Creates a clearer, more unified governance structure for apprenticeships and technical education, reducing confusion for employers, trainees, and training providers about which organisation to engage with"",""- Provides flexibility for the government to redesign how apprenticeships are managed based on lessons learned and changing economic needs, rather than being locked into a single institutional structure"",""- Protects the rights of IATE staff during transition by establishing legal protections for employment, pensions, and continuity of service when moving to successor organisations""]"
1968,"[""- Ensures the UK responds consistently to international legal findings by automatically implementing consequences for breaches of international law, rather than allowing political discretion to block action"",""- Demonstrates commitment to international law and the rules-based order by showing that ICJ opinions have concrete consequences, strengthening the legitimacy of international courts"",""- Prevents the government from avoiding accountability to Parliament by removing the ability to ignore or delay responding to ICJ determinations through indefinite ministerial review"",""- Aligns UK foreign policy with legal obligations by making compliance with international court decisions a binding requirement rather than a voluntary choice""]"
1988,"Voting for this bill means you want to protect the NHS from being affected by international trade deals. If it passes, the NHS would have stronger legal protections to stay publicly-owned and free at the point of use, even when the UK makes trade agreements with other countries."
1996,"[""- Male victims of domestic abuse and sexual violence are significantly underreported and underfunded; a dedicated strategy could increase awareness, encourage reporting, and direct resources to male-focused support services that currently have limited availability"",""- Data gaps about male victimisation mean policy responses are evidence-poor; requiring systematic data collection would improve understanding of prevalence, risk factors, and effective interventions for male survivors"",""- Men may face specific barriers to seeking help (stigma, shame, lack of male-staffed services, fear of not being believed); a dedicated strategy could address these barriers through tailored prevention and support programmes"",""- Comprehensive strategies work: the existing violence against women and girls strategy has driven measurable improvements; applying the same structured approach to male victims could deliver similar benefits""]"
2012,"Supporting this Act means backing government schemes that help unemployed people get back to work through training and work experience programmes. Supporters argue these schemes prepare jobseekers with practical skills and experience, making them more attractive to employers and reducing long-term unemployment."
2025,"Supporting this Act means allowing Kew Gardens to have more flexibility in managing its property and finances through leasing arrangements. This could help the gardens secure funding for conservation work, maintain its world-famous plant collections, and continue its scientific research that benefits the public."
2026,"Voting to support this bill means you want Kew Gardens (the famous botanical gardens in London) to have more flexibility in managing its buildings and land through leases. If it passes, Kew Gardens will be able to make decisions about long-term leases without needing special permission from Parliament each time."
2044,"Voting to support means you think laser pens need stricter rules to keep people safe. If it passes, the bill would control who can buy laser pens, who can own them, and how they can be used - likely to prevent them being used as weapons or causing eye injuries."
2045,"Voting to support this bill means you want the government to control how laser pens are sold, owned and used. If it passes, there would be new rules about who can buy them, who can own them, and what people can do with them - likely to prevent misuse and accidents."
2046,"Supporting this Act means backing an independent organisation that reviews and improves UK laws. It helps make laws clearer, simpler, and more up-to-date, which benefits the public by reducing confusion and making the legal system fairer."
2048,"Voting to support this bill means you want to ban the use of lead ammunition in the UK. If it passes, hunters and shooters would have to switch to non-lead alternatives, which supporters believe would reduce lead pollution in the environment and protect wildlife and human health."
2055,"Voting for this bill means you want leaseholders (people who rent properties long-term) to get better information about their leases and costs. If it passes, leaseholders would have clearer access to details about ground rents, service charges, and other lease terms, making it easier to understand what they're paying for."
2056,"Voting to support this bill means you want to help leaseholders (people who rent their homes long-term) get better deals and more control. If it passes, leaseholders could pay lower ground rents, extend their leases more easily, and have stronger rights against unfair treatment by landlords."
2058,Supporting this Act means you want leaseholders (people who rent properties long-term) to have better rights and lower costs. It aims to make it fairer and easier for people to own their homes by reducing ground rents and extending lease lengths without paying huge fees to landlords.
2063,"Voting for this bill means you want to make it easier for leaseholders (people who rent their homes long-term) to challenge unfair decisions made by tribunals, and to recover their legal costs if they win. Supporters believe this will help protect ordinary people from expensive legal battles and unfair rulings."
2064,"Voting to support this bill means you want to give leaseholders (people who rent their homes long-term from a landlord) more rights and protections. If it passes, leaseholders would likely get stronger legal protections against unfair charges, easier ways to extend their leases, and more control over management decisions affecting their homes."
2065,"[""- Protects vulnerable older people from predatory leasing practices, such as ground rents that double every 10-20 years, which can make properties unsellable and trap residents in unaffordable situations"",""- Gives retirement community residents the legal right to extend their leases at a fair cost, ensuring they retain property value and can pass homes to their families rather than lose everything when leases expire"",""- Enables residents to collectively manage and maintain their communities more effectively, reducing reliance on developers who may neglect buildings or charge excessive service charges for maintenance and care facilities"",""- Recognizes that retirement communities are permanent homes for older people, not temporary investments, and deserve the same consumer protections as other residential properties""]"
2069,"Supporting this Act means believing that legal services (like lawyers and solicitors) should be regulated fairly and transparently to protect the public. It allows non-lawyers to own law firms and promotes competition, which could make legal help more affordable and accessible for ordinary people."
2071,"Voting to support means you want cannabis to be made legal when prescribed by doctors for medical reasons. If it passes, patients with certain illnesses could legally use cannabis-based medicines, similar to other prescription drugs."
2074,"[""- Protects postal workers from injury by ensuring letter boxes are positioned at safe, ergonomic heights and angles, reducing back strain and repetitive stress injuries during daily deliveries"",""- Improves accessibility for elderly and disabled residents by standardising letter box heights to be reachable without excessive bending or stretching, and keeping pathways clear of obstruction"",""- Increases delivery efficiency across the postal service by reducing time spent locating or accessing letter boxes, potentially lowering costs and improving service speed for all customers"",""- Creates clarity and consistency across properties, preventing the current patchwork of poorly-positioned boxes that cause safety hazards and obstruct public pavements and emergency access routes""]"
2081,"[""- Enables businesses to respond to customer demand and compete effectively with late-night venues in other areas, potentially boosting local economies and tourism revenue"",""- Allows responsible establishments with good safety records to extend hours, rewarding those with strong management practices and customer care standards"",""- Reduces unnecessary bureaucratic restrictions on adult leisure choices, letting local communities and businesses determine appropriate hours through the licensing process rather than rigid national rules"",""- Can help reduce problematic 'closing time rush' behaviour by spreading customer departures over a longer period, potentially improving public safety and reducing anti-social incidents in town centres""]"
2086,"Voting to support this bill means you believe lip-reading should be recognized and regulated as an official skill or profession in the UK. If it passes, the government would establish standards, training, or legal protections for lip-readers, likely helping deaf and hard of hearing people access better communication support."
2088,"- Reduces unnecessary regulatory compliance costs for LICs, allowing them to operate more efficiently and potentially improving returns for investors by redirecting resources from bureaucracy to fund management
- Provides clarity and consistency in how LICs are legally classified, removing ambiguity that has created operational uncertainty and competitive disadvantages compared to similar investment vehicles
- Enables LICs to expand their investment strategies and asset classes by loosening restrictive classifications, allowing them to offer investors more diverse portfolio options
- Strengthens the competitiveness of the UK investment fund industry by removing regulatory barriers that have disadvantaged LICs relative to similar investment structures in other jurisdictions"
2089,"- Reduces fire and explosion risks in homes and workplaces: Mandatory safety standards prevent poorly manufactured batteries that cause unexpected thermal runaway events, protecting lives and property
- Protects vulnerable consumers: Clear labelling requirements and mandatory safety information help consumers understand risks and proper handling, particularly benefiting elderly people and those unfamiliar with battery technology
- Strengthens UK manufacturing competitiveness: Harmonising safety standards with international regulations makes British manufacturers more credible in global markets and attracts investment in battery production
- Prevents environmental harm and reduces recycling costs: Proper disposal standards prevent toxic lithium and cobalt leakage into soil and water, reducing long-term environmental remediation expenses for local authorities"
2090,"Voting for this bill means you want stronger safety rules for large lithium-ion battery storage facilities (like those that store energy from solar panels or wind farms). If it passes, these facilities would need better fire safety measures and environmental protections to prevent accidents and pollution."
2094,"- Reduces roadside littering and associated environmental damage, preventing debris from contaminating verges, waterways, and wildlife habitats
- Provides police and enforcement officers with specific legal tools to prosecute vehicle-based littering, which is difficult to address under general littering laws
- Establishes financial deterrents (fines and penalty notices) that encourage responsible waste disposal and fund local authority enforcement
- Improves public health and road safety by preventing litter-related hazards and reducing the visual impact of polluted roadsides on communities"
2099,"[""- Increases transparency: Forces large employers to publicly report low-wage employment figures, allowing workers, consumers, and investors to see which companies pay below the Living Wage"",""- Creates market pressure for wage improvement: Public disclosure may incentivise companies to raise wages to avoid negative publicity and maintain their reputation"",""- Helps workers make informed choices: Job seekers can identify which employers offer better pay standards before applying, improving labour market information"",""- Supports Living Wage campaign goals: Reinforces the principle that full-time work should provide a decent standard of living without government top-ups""]"
2101,"Voting to support this bill means you want to make lobbying more transparent and visible to the public. If it passes, people who try to influence politicians would have to be more open about who they are, who pays them, and what they're trying to change - giving citizens better information about who's trying to shape laws."
2114,"[""- Creates consistent, transparent standards for housing allocation across all local authorities, reducing postcode lottery effects where identical circumstances are treated differently depending on location"",""- Prioritizes housing for those in genuine need by establishing clear eligibility criteria that prevent inappropriate access while ensuring vulnerable groups (homeless people, those fleeing domestic abuse) receive faster allocation"",""- Reduces bureaucratic delays and appeals by establishing uniform rules that are clearer for applicants to understand, potentially reducing time spent in temporary accommodation"",""- Increases fairness by requiring councils to publish their allocation criteria publicly, allowing residents to understand how decisions are made and challenge unfair practices""]"
2134,"- Modernising outdated council regulations to reflect contemporary business practices and community needs, reducing unnecessary bureaucracy that hinders legitimate local enterprises
- Clarifying ambiguous powers that councils currently hold under the 1982 Act, creating consistency across different local authorities in how they apply regulations
- Strengthening local accountability by giving councils clearer authority to manage local issues like street trading, licensing, and public safety in ways that suit their specific communities
- Reducing costs for councils by streamlining administrative processes, allowing resources to be directed toward frontline services rather than complex compliance procedures"
2142,"[""- Directly elected mayors create clear, identifiable leaders accountable to voters, making it easier for citizens to know who to hold responsible for local decisions"",""- Enhanced transparency requirements force councils to publish spending details and performance metrics, helping residents understand how their council tax money is being spent"",""- Standardized four-yearly elections simplify the electoral cycle, reduce the cost of holding frequent elections, and allow councils longer planning periods between electoral cycles"",""- Powers to reform failing councils and replace leadership teams enable faster intervention when local government is underperforming, protecting residents' services""]"
2153,"[""- Protects local democracy by ensuring major changes to council structures cannot be imposed without the explicit consent of residents who will experience them"",""- Prevents costly and disruptive reorganisations that may not reflect what local communities actually want, avoiding wasted public money on unwanted restructuring"",""- Gives residents a genuine voice in decisions affecting their local services, rather than these being decided by central government or unelected bodies"",""- Creates accountability by forcing reorganisation proposals to be publicly justified and debated before implementation, rather than proceeding without public scrutiny""]"
2172,"Supporting this Act means backing changes to help the 2012 London Olympics and Paralympics run smoothly. It could help protect the games from legal challenges, speed up decision-making, or give organizers the powers they need to deliver a successful event for athletes and visitors."
2173,"[""- Keeps children closer to family members and existing support networks, enabling more frequent contact with parents, siblings, and relatives who provide emotional stability"",""- Protects children's continuity of education and friendships by reducing disruptive moves away from established schools and local communities"",""- Increases accountability by requiring councils to document reasons for distant placements and demonstrate that closer alternatives were genuinely unavailable"",""- Reduces exploitation risks by discouraging the practice of placing vulnerable children far from oversight, making it harder for abuse to go unnoticed""]"
2174,"[""- Protects prosecutorial independence by reducing potential conflicts of interest when the Lord Advocate holds ministerial office, ensuring criminal cases are decided on legal merits rather than political considerations"",""- Strengthens public confidence in Scotland's justice system by establishing clearer safeguards that prevent the appearance of political influence over criminal prosecutions"",""- Clarifies the Lord Advocate's dual role and accountability mechanisms, making it explicit how they answer to Parliament for their performance while maintaining independence in prosecution decisions"",""- Aligns Scotland's arrangements with international standards on prosecutorial independence and best practice in other jurisdictions where these roles are separated""]"
2177,"[""- Increases diversity and representation in the House of Lords by ensuring women bishops have guaranteed seats alongside their male counterparts, reflecting the Church's ordination of women as bishops"",""- Removes a time limit on women's participation in the Lords' spiritual benches, providing long-term stability rather than requiring repeated legislative renewal every few years"",""- Modernises parliamentary representation to reflect contemporary Church of England leadership, where women now hold significant senior positions that were previously exclusively male"",""- Strengthens the House of Lords' legitimacy by ensuring its ecclesiastical representation better reflects the composition of the Church it represents""]"
2181,"Voting to support this bill means you think low-level letter boxes should be banned. If it passes, it would make it illegal to install or use letter boxes that are positioned very low (close to the ground), possibly to improve safety, accessibility, or reduce certain types of crime."
2186,"- Strengthens environmental protection by giving the Malvern Hills designated status with clearer planning rules, preventing inappropriate development that could damage the landscape and natural habitats
- Creates dedicated funding and a formal management structure to maintain footpaths, woodland, and public access areas, improving recreation opportunities for visitors and locals
- Supports local farming and rural economies by establishing sustainable land management practices and potentially providing grants or support for landowners committed to conservation
- Enhances democratic accountability by establishing a clear governance body with local representation to make decisions about the hills' future, rather than management being fragmented across multiple organisations"
2188,"[""- Protects vulnerable leaseholders by establishing minimum professional standards and creating accountability mechanisms where currently managing agents operate with minimal oversight or regulation"",""- Enables leaseholders to challenge unfair fees and poor service through a formal complaints process and enforcement action, rather than pursuing costly private legal action"",""- Improves property maintenance and service quality by requiring managing agents to meet defined standards for communication, financial management, and property upkeep"",""- Creates a level playing field for reputable managing agents by ensuring all competitors must meet the same regulatory requirements, reducing unfair competition from poor operators""]"
2193,"Voting to support this bill means you want the UK to officially recognize a day dedicated to Margaret Thatcher, Britain's Prime Minister from 1979-1990. If it passes, there would be an annual day to commemorate her life and political legacy."
2206,"[""- Protects critical marine ecosystems: Bottom trawling devastates seabed habitats including coral, sponges, and other organisms that support fish populations; restricting it allows these ecosystems to recover and maintains long-term fish stocks."",""- Strengthens Marine Protected Areas: Currently, many UK MPAs lack effective enforcement against bottom trawling; this bill gives real legal teeth to protection designations and ensures designated areas actually function as intended."",""- Supports sustainable fishing: By preserving healthy marine habitats and fish populations, the bill helps maintain fish stocks for future commercial and recreational fishing, benefiting the fishing industry long-term."",""- Aligns with environmental commitments: The UK has committed internationally to marine conservation targets; this bill demonstrates progress on protecting 30% of UK waters by 2030.""]"
2207,"- Protects critical seabed habitats and ecosystems from physical damage caused by heavy trawling equipment, allowing marine life to recover and thrive. - Supports fish stocks and breeding populations by protecting spawning grounds and nurseries within MPAs, potentially improving long-term commercial fishing prospects. - Aligns with international commitments to marine conservation and the legal requirements of Marine Protected Area designations under environmental law. - Reduces bycatch of non-target species and protects vulnerable deep-sea organisms that are slow to reproduce and recover from disturbance."
2212,"Voting to support this bill means you want to allow non-religious belief organisations (like humanist groups) to conduct legal marriage ceremonies. If it passes, couples who don't follow a religion could have their beliefs recognised during their wedding in the same way religious couples do now."
2213,"[""- Allows consenting adults to make their own decisions about marriage with relatives where there are no biological children, reducing state interference in personal relationships"",""- May reflect modern understanding of genetics and health risks, particularly if restrictions are relaxed for couples unable to have biological children together"",""- Could align UK law with other jurisdictions that permit certain marriages between relatives (such as some European countries allowing first-cousin marriages)"",""- Reduces complexity in family law by clarifying which relationships are legally permissible, potentially simplifying inheritance and succession matters""]"
2214,"Supporting this Act means believing that same-sex couples should have the same legal right to marry as opposite-sex couples. Supporters argue it promotes equality, allows people to marry the person they love regardless of gender, and gives same-sex couples the same legal protections and rights (like inheritance and tax benefits) that married couples receive."
2215,"Voting to support this bill means you want same-sex couples in Northern Ireland to be able to legally marry, with the same rights as opposite-sex couples. If it passes, same-sex marriage would become legal in Northern Ireland, allowing gay and lesbian couples to have their relationships recognised by law."
2216,"Voting to support this bill means you want same-sex couples in Northern Ireland to have the legal right to marry, just like they can in England, Scotland, and Wales. If it passes, same-sex couples will be able to get married in civil ceremonies and, if they choose, in religious ceremonies too."
2217,"Voting to support this bill means you want same-sex couples in UK overseas territories (like Gibraltar and the Cayman Islands) to have the legal right to marry, just like they can in mainland Britain. If it passes, these territories would be required to allow same-sex marriage and recognize it as equal to opposite-sex marriage."
2218,"Supporting this Act means backing changes to how marriages can be conducted in Wales. It allows for more flexibility in where and how people can get married, such as enabling civil partnerships and same-sex marriages to take place in a wider range of venues, giving couples more choice and control over their special day."
2228,"Voting to support this bill means you want to raise the minimum age for getting married or entering a civil partnership. If it passes, people would need to be older before they can legally marry or form a civil partnership, which supporters believe protects young people from making life-changing decisions too early."
2235,"- Provides bereaved families with a private, dignified space to say goodbye to their baby, reducing additional trauma from being in standard hospital wards alongside other new mothers and newborns
- Creates consistency across the NHS so all families receive the same standard of bereavement care regardless of which maternity unit they use
- Acknowledges the significant emotional and psychological needs of parents after stillbirth or neonatal loss, supporting their grieving process during an extremely difficult time
- Removes the postcode lottery where some hospitals already have bereavement suites while others do not, ensuring equity of care across all maternity services"
2236,Voting to support this bill means you think there should be a legal limit on how much money the highest-paid people can earn. Supporters believe this could reduce inequality and help fund public services by taxing very high earners more fairly.
2238,"- Consumers gain transparency to make purchasing decisions aligned with their animal welfare values, rather than being uninformed about slaughter methods
- Encourages producers to adopt more humane slaughter practices if consumers increasingly choose higher-welfare options, creating market incentive for improved standards
- Respects religious communities' right to produce meat according to halal and kosher requirements while still allowing other consumers to identify and avoid such products if they prefer
- Recognises growing public concern about animal welfare in food production and empowers citizens through information rather than restricting production methods"
2240,"Voting to support this bill means you want media companies to be more open about who owns them and how they operate. If it passes, newspapers, TV channels, and online news outlets would have to publish more information about their ownership and decision-making, helping the public understand potential biases or conflicts of interest."
2242,"Voting to support this bill means you believe doctors should be able to prescribe cannabis to patients who need it for medical reasons. If it passes, patients with certain illnesses could legally access cannabis-based medicines when their doctors think it will help them."
2244,"A vote to support this bill means you think doctors should have more freedom to try new treatments for patients when standard treatments aren't working. If it passes, it would allow medical professionals to use innovative or experimental treatments more easily without fear of being sued, potentially helping patients access cutting-edge medicine faster."
2250,"- Addresses critical doctor shortages in under-staffed specialties by directing training resources where patient care gaps are most urgent, potentially reducing waiting times and improving service quality in priority areas
- Allows NHS trusts and regional health authorities to communicate workforce needs directly to medical schools, creating a more responsive system that reflects real-world staffing requirements
- May reduce inefficiencies by preventing oversupply of doctors in low-demand specialties while undersupply continues in high-need areas, making better use of limited training funding
- Could improve retention and morale in struggling services by ensuring adequate staffing levels, reducing burnout and creating sustainable working conditions in priority specialties"
2254,"Voting to support this bill means you think MPs should face consequences if they switch political parties after being elected. If it passes, MPs who change parties would likely lose their seat or face a by-election, so voters get a say on whether they want them to continue representing their area."
2265,"Supporting this Act means backing changes to how mental health decisions are made in hospitals and care settings. It aims to make the process faster and more efficient by allowing certain senior doctors to make important approvals without needing additional sign-offs, which could mean patients get treatment more quickly."
2277,"Voting to support this bill means you think the changes to mesothelioma laws are fair and helpful. If it passes, it would update the rules around mesothelioma compensation and claims, making it easier for people affected by this asbestos-related disease to get the support they deserve."
2283,"- Protects British citizens by providing transparent, authoritative warnings about a genuine health risk abroad, enabling informed travel decisions and potentially saving lives. - Holds government accountable for disseminating critical safety information that private travel companies and guidebooks may not adequately highlight. - Creates consistent, standardised travel warnings across all official UK government channels, preventing conflicting or absent information. - Places responsibility on countries with documented methanol-poisoning problems to be clearly flagged, rather than allowing deaths to occur without public warning."
2285,"Voting to support this bill means you want to update the legal definition of microgeneration to include more types of small-scale renewable energy systems. If it passes, more households and businesses could qualify for renewable energy schemes and support, making it easier and more rewarding to generate their own clean energy."
2286,"Voting to support this bill means you want to make it easier for people and communities to generate their own electricity from small-scale sources like solar panels or wind turbines. If it passes, it could help more households save money on energy bills and reduce reliance on large power companies."
2287,"Voting to support this bill means you want to make it easier for people and communities to generate their own energy using small-scale sources like solar panels and wind turbines. If it passes, more households could produce local energy, potentially lowering energy bills and reducing reliance on large power companies."
2290,"[""- Prevents microplastics from entering oceans and waterways, protecting marine ecosystems and fish populations that may ingest these particles with unknown health consequences"",""- Shifts responsibility to manufacturers rather than consumers, ensuring all machines meet the same standard rather than relying on voluntary adoption of aftermarket filters"",""- Creates a growing market for filter replacement parts and recycling services, generating employment and new business opportunities in environmental technology sectors"",""- Protects drinking water quality at source by reducing microplastic contamination entering water treatment facilities, which currently struggle to remove these tiny particles completely""]"
2294,"[""- Strengthens democratic accountability by ensuring military decisions affecting lives and public resources are made by elected representatives, not the government alone"",""- Provides legal clarity and certainty about when Parliament must vote, preventing governments from circumventing debate through legal technicalities"",""- Allows Parliament time for proper scrutiny and debate before committing troops, potentially preventing poorly planned or unjustified military interventions"",""- Reflects public expectations that major military decisions should require parliamentary approval rather than executive action alone""]"
2314,"[""- Ensures ministerial salaries remain competitive to attract talented politicians and experienced professionals to government roles, preventing the best candidates from choosing private sector careers instead"",""- If introducing automatic inflation indexing, removes the need for frequent parliamentary votes on pay rises, reducing political controversy while ensuring ministers' purchasing power isn't eroded by rising costs"",""- Provides salary transparency and consistency by establishing clear, standardised pay frameworks across different ministerial positions, improving public understanding of government spending"",""- If raising salaries, may improve ministerial focus on policy work rather than financial concerns, and could reduce reliance on outside earnings or external roles that might create conflicts of interest""]"
2318,"[""- Creates a dedicated government body with clear accountability for poverty reduction, making it easier to measure progress and hold ministers responsible for meeting specific poverty targets"",""- Enables joined-up policymaking by coordinating anti-poverty measures across healthcare, education, welfare, and employment, areas currently managed separately, potentially improving effectiveness"",""- Establishes a permanent research and evidence base on poverty causes and solutions, allowing policies to be based on data rather than political assumptions"",""- Provides a unified voice for poverty concerns within cabinet discussions, ensuring poverty impact assessments become routine rather than an afterthought in new legislation""]"
2330,"- Protects vulnerable residents from sudden, excessive pitch fee increases that can force long-term residents from their homes, many of whom are retired or on low incomes
- Introduces mandatory dispute resolution processes that are faster and cheaper than court proceedings, making justice more accessible to residents who cannot afford lengthy legal battles
- Clarifies residents' security of tenure by requiring site owners to follow fair procedures before eviction, preventing arbitrary removal from homes
- Strengthens transparency requirements on site operators, ensuring residents understand their rights and obligations, reducing exploitation through unclear or hidden terms"
2345,"[""- Addresses a decade-long injustice: thousands of borrowers have paid tens of thousands of pounds extra in interest through no fault of their own, while others remortgaged to cheaper rates, creating unfair outcomes."",""- Provides transparency and accountability: a formal inquiry would establish facts about lender practices, regulatory failures, and the true scale of the problem, which remains poorly documented."",""- Could lead to practical remedies: findings might support compensation schemes, regulatory changes to lending criteria, or targeted support, giving affected homeowners a genuine pathway to relief."",""- Relatively low cost: an inquiry is less expensive than litigation or universal compensation and provides evidence to inform any future policy decisions.""]"
2348,"[""- Provides financial compensation and justice to survivors of institutional abuse who have waited decades for recognition and support"",""- Creates an official public record through the report, validating victims' experiences and holding institutions accountable for documented harm"",""- Acknowledges historical injustices including illegal adoptions, separation of families, and poor conditions that caused lasting trauma and prevented people from tracing their relatives"",""- Establishes a systematic process for identifying eligible claimants rather than forcing individuals to pursue costly legal action independently""]"
2355,"Voting to support this bill means you believe Multi-Academy Trusts (groups of schools managed together) should be inspected by Ofsted in a specific way. If it passes, it would likely change how these school groups are checked for quality and performance, potentially making inspections more thorough or regular."
2356,"Voting to support this bill means you think the changes to multi-employer pension schemes are a good idea. If it passes, it would update the rules for how these shared workplace pensions work, likely making them fairer or easier to manage for employers and employees."
2359,"Voting for this bill means you want the government to make multi-storey car parks safer for people who use them. If it passes, car park owners would have to follow new safety rules, which could include better lighting, security cameras, clearer exits, or improved maintenance to prevent accidents and crime."
2360,"Voting to support this bill means you believe multi-storey car parks need stronger safety rules. If it passes, car park owners would have to follow new safety standards to protect people from accidents, fires, or structural problems."
2361,"[""- Prevents catastrophic structural failures: Regular inspections and maintenance standards can identify deteriorating concrete or corroded steel before collapse occurs, protecting lives"",""- Reduces crime and improves safety: Enhanced CCTV coverage, better lighting, and clearer emergency procedures deter criminal activity and help users feel secure"",""- Establishes consistent national standards: Currently safety varies widely between car parks; standardised requirements ensure uniform protection regardless of location"",""- Reduces insurance costs long-term: Operators maintaining higher safety standards may face lower liability insurance premiums, offsetting compliance costs""]"
2364,"Supporting this Act means allowing mutual organisations (like building societies and credit unions owned by their members) to issue special shares that give members ownership benefits. Supporters believe this helps these organisations raise money and grow while staying member-focused, rather than converting to banks."
2365,"Voting to support this bill means you want to allow mutuals (member-owned financial organisations like building societies and credit unions) to issue redeemable shares. This would give these organisations more flexibility to raise money and grow their business, similar to how other companies operate."
2367,"Voting for this bill means you believe people should be allowed to publicly commemorate the Nakba - the Arabic word for 'catastrophe', referring to the displacement of Palestinians in 1948. If it passes, it would protect the right to hold events, gatherings, or memorials marking this historical event without legal restrictions."
2369,"- Establishes legally binding targets for cancer outcomes, ensuring sustained political commitment rather than short-term, reactive policymaking that changes with each government
- Increases early detection rates by funding screening programmes and public awareness campaigns, which typically allows treatment at earlier, more survivable stages when costs are lower
- Guarantees long-term funding stability for cancer research and NHS services, enabling researchers and clinicians to plan multi-year projects that might otherwise be abandoned due to budget cuts
- Creates coordinated national standards across all regions, preventing postcode lottery where patients in some areas receive significantly better care than others"
2370,"Supporting this Act means backing the National Citizen Service (NCS) programme, which gives young people aged 15-17 the chance to do voluntary work, learn new skills, and become more involved in their communities. Supporters believe it helps young people develop confidence, make friends from different backgrounds, and understand what it means to be a responsible citizen."
2372,"Voting to support this bill means you want emergency life support skills (like CPR and recovery position) to be taught to all schoolchildren as part of the national curriculum. If it passes, these potentially life-saving skills would become a required subject in schools, meaning every student would learn them before leaving secondary school."
2383,Voting to support this bill means you believe patients should help pay for some NHS services through co-payments (small charges at point of use) or co-funding (sharing costs with the government). Supporters argue this could raise extra money for the NHS and encourage people to use services more responsibly.
2384,"Voting to support this bill means you believe patients should pay a share of NHS costs through co-payments or co-funding. Supporters argue this could raise money for the NHS, reduce wasteful use of services, and help fund healthcare better."
2388,"Voting to support this bill means you want to help NHS and care workers access cheaper borrowing options. If it passes, these workers would be able to use credit unions (non-profit lending organisations) and avoid expensive high-cost loans, potentially saving them significant money on interest payments."
2393,"[""- Generates additional revenue for the NHS without requiring equivalent increases in general taxation, potentially allowing more NHS funding for treatments and services without raising income tax or national insurance"",""- May reduce unnecessary GP visits and non-urgent A&E attendances by introducing a small financial barrier, encouraging patients to use services more carefully and freeing staff capacity for serious cases"",""- Creates a more transparent relationship between healthcare use and cost, potentially making patients more aware of healthcare expenses and encouraging preventative health behaviours"",""- Could reduce waiting lists by allowing those who can afford it to opt for private alternatives, while protecting free access for those unable to pay""]"
2408,"[""- Reduces employer costs for offering workplace pensions, making it more financially viable for small and medium-sized businesses to establish or expand pension schemes for staff"",""- Encourages employers to increase pension contributions, potentially leading to better retirement outcomes for employees without equivalent wage increases"",""- Improves the competitiveness of UK businesses by lowering non-wage employment costs compared to other countries with similar NIC structures"",""- Supports the government's pension savings policy by using tax relief as an incentive, rather than requiring direct public spending on pension administration""]"
2413,"- Reducing employer National Insurance contributions lowers business operating costs, allowing companies to invest more in wages, hiring, and expansion, particularly benefiting small and medium-sized enterprises
- Lower employer contributions can stimulate job creation and economic growth by making employment more affordable for businesses across all sectors
- Simplified or reformed contribution rules reduce administrative complexity and compliance costs for employers managing payroll
- Relief from National Insurance can help UK businesses remain competitive internationally and with lower-taxed economies when recruiting and retaining talent"
2416,"Voting to support this bill means you want the government to set or update the lowest wage that employers must pay workers. If it passes, employers would be legally required to pay at least this amount, which supporters argue helps low-paid workers afford essentials like rent and food."
2417,"Voting to support this bill means you want Parliament to pass a law that sets or changes the minimum wage (the lowest amount employers must pay workers per hour). If it passes, employers would be legally required to pay workers at least this amount, which supporters believe helps low-paid workers afford a decent living."
2431,"[""- Reduces long-term flooding costs by addressing root causes: natural solutions like wetland restoration and permeable surfaces absorb water at source, preventing expensive downstream flooding and infrastructure damage"",""- Improves water quality and availability: restored natural systems filter pollutants, recharge groundwater, and reduce reliance on energy-intensive water treatment, benefiting both human health and aquatic ecosystems"",""- Creates multiple benefits simultaneously: green corridors and restored habitats enhance biodiversity, increase recreational spaces, improve mental health, and provide carbon sequestration, delivering value beyond flood management alone"",""- Holds water companies accountable: mandatory reporting and targets ensure private water companies invest in sustainable solutions rather than repeatedly raising bills to fund only conventional engineering approaches""]"
2436,"Voting to support this bill means you want to give Network Rail (the company that owns and manages most of Scotland's railway infrastructure) specific new powers or responsibilities in Scotland. If it passes, Network Rail would be able to do whatever the bill allows - for example, it might give them permission to manage rail lines differently, make decisions faster, or take on new duties in Scotland."
2437,"[""- Early identification of neurodivergent students allows them to receive tailored support before falling behind academically, improving outcomes in literacy, numeracy, and emotional wellbeing"",""- Teacher training ensures educators can recognize neurodivergent traits in the classroom and implement practical adjustments (like alternative seating, extended time, or modified instructions) that benefit these students without requiring expensive specialist interventions"",""- Systematic screening reduces the current two-tier system where affluent families access private diagnosis while disadvantaged families go undiagnosed, promoting educational equity across socioeconomic backgrounds"",""- Earlier diagnosis reduces long-term costs to the NHS and social services by preventing behavioral crises, mental health problems, and post-education unemployment that often result from unidentified neurodivergence""]"
2440,"[""- Reduces household energy bills long-term by generating free electricity on-site, lowering dependence on the grid and protecting residents from future energy price increases"",""- Accelerates the UK's progress towards net-zero carbon targets by embedding renewable energy generation into the housing stock from the point of construction"",""- Creates a large, predictable market for solar manufacturers and installers, potentially driving down costs through economies of scale and creating skilled green jobs across the UK"",""- Improves air quality and public health by displacing fossil fuel-based electricity generation, with particular benefits in areas with poor air quality""]"
2441,"Supporting this Act means backing measures to improve or manage New Southgate Cemetery for the local community. It could help ensure the cemetery is well-maintained, accessible, and properly run for families who need burial services or wish to visit their loved ones."
2446,"Voting to support this bill means you think the NHS should track and audit how much healthcare is provided to foreign nationals, and possibly charge them for it. Supporters believe this could save NHS money by ensuring visitors and non-residents pay for their care rather than UK taxpayers covering the cost."
2448,"A vote to support this bill means you think NHS England should be allowed to offer alternative treatments (like herbal medicine, acupuncture, or other non-traditional therapies) alongside standard medical care. If it passes, patients would have more treatment options available through the NHS."
2450,"[""- Expands patient choice and autonomy by allowing individuals to access a broader range of treatments they may prefer, particularly those with cultural or personal significance"",""- May reduce NHS costs in certain areas if alternative treatments prove effective for conditions like chronic pain or stress, potentially decreasing reliance on expensive pharmaceuticals or procedures"",""- Could improve patient satisfaction and health outcomes for those who experience placebo effects or psychological benefits from complementary therapies alongside conventional treatment"",""- Acknowledges that some alternative treatments (such as acupuncture for certain pain conditions) have emerging evidence of effectiveness and deserve formal NHS integration""]"
2455,"- Protects vulnerable people from severe psychological harm and harassment campaigns, particularly women and children who are disproportionately targeted by non-consensual intimate image sharing
- Closes legal gaps by criminalizing AI-generated fake sexual imagery, which existing laws do not adequately cover and which has become easier to create
- Establishes deterrents through criminal sanctions, making potential offenders aware of serious legal consequences for violating others' dignity and privacy
- Enables victims to have clearer legal recourse and support from law enforcement, rather than having limited options under existing legislation"
2457,Voting to support this bill means you think the government should introduce new rules about Non-Disclosure Agreements (NDAs) - legal contracts that stop people talking about certain information. Supporters believe these rules are needed to protect workers and prevent NDAs being misused to hide wrongdoing like harassment or illegal behaviour.
2458,"[""- Enables victims of workplace harassment, discrimination, or assault to report crimes to police and regulators without facing legal consequences or financial penalties from their employers"",""- Protects whistleblowers who need to disclose illegal activity or serious wrongdoing to relevant authorities, regulatory bodies, or legal advisers without breaching confidentiality clauses"",""- Increases accountability within organisations by preventing NDAs from being used as tools to silence complaints and enabling patterns of misconduct to be identified and addressed"",""- Maintains reasonable confidentiality protections for genuinely sensitive business information while preventing misuse of NDAs to conceal crimes or systemic abuse""]"
2459,"Voting to support this bill means you want to restrict the use of Non-Disclosure Agreements (NDAs) - legal contracts that stop people from speaking about wrongdoing. Supporters believe the bill protects victims of harassment, discrimination, or illegal behaviour by allowing them to speak out and report crimes, even if they've signed an NDA."
2462,"Supporting this bill means voting to update how business property taxes (called 'non-domestic rates') are calculated and recorded in the UK. If it passes, it would modernize the system for assessing the value of shops, offices, factories and other business buildings, potentially making the process fairer and more efficient."
2463,"Supporting this Act means backing changes to how business property taxes (called 'rates') are calculated and listed. It could help make the system fairer and more up-to-date, potentially reducing unfair tax burdens on some businesses and ensuring valuations better reflect real property values."
2464,"[""- Private schools receive targeted rate relief, reducing operating costs and potentially allowing them to lower fees, making independent education more accessible to middle-income families"",""- Adjustable multipliers provide the government with a tool to support struggling sectors and businesses by reducing their property tax burden during economic downturns"",""- Private schools provide education without drawing on state funding; rate relief recognizes their contribution to the education system and reduces the need for public subsidy"",""- Lower business rates for qualifying properties can encourage investment and expansion in priority sectors without requiring direct government spending""]"
2466,"Supporting this Act means backing plans to make the non-domestic rating system (how business property taxes are calculated) work better using digital technology. It could make the system faster, more accurate, and easier for businesses to understand and interact with online."
2469,"Voting to support this bill means you want UK passports to allow a non-binary or unspecified gender option, rather than just 'M' or 'F'. If it passes, people who don't identify as male or female would be able to get passports that reflect their identity."
2470,"Voting to support this bill means you want North Northamptonshire to have better urgent care facilities (places where people can get quick medical treatment for non-emergency situations). If it passes, the area would get new or improved facilities to help patients who need fast care but don't need a full hospital."
2471,"Voting to support this bill means you want better urgent care facilities in North Northamptonshire. If it passes, it would allow the area to improve or expand services like walk-in centres and minor injury units, making it easier for local people to get quick medical help without going to A&E."
2472,"Voting to support this bill means you want new or improved urgent care facilities in North Northamptonshire. If it passes, the area would get better access to quick medical treatment for non-emergency situations like minor injuries or illnesses, which could reduce pressure on A&E departments."
2477,Supporting this Act means backing two main goals: helping Northern Ireland form a working government (which had been stuck without leaders) and making it easier for people to donate organs and tissues after death to save lives. Supporters believe this encourages life-saving donations and gets the government functioning again.
2480,"Voting to support this bill means you want to change the rules about how Northern Ireland's government gets formed after elections. If it passes, it would make it easier or faster for politicians to create a working executive (the main decision-making group) when there are disagreements."
2481,"Supporting this Act means backing efforts to get Northern Ireland's government working again. It aims to help politicians from different sides form an executive (the main decision-making body), so important decisions about schools, hospitals, and local services can be made quickly."
2488,"Supporting this Act means backing efforts to bring peace and stable government to Northern Ireland. It implements an agreement that helped restore the power-sharing government, allowing politicians from different communities to work together and make decisions for Northern Ireland."
2502,"- Provides families with answers about what happened to their loved ones, even if criminal prosecutions don't follow, ending decades of uncertainty for victims
- Allows aging perpetrators to come forward and explain their actions without fear of imprisonment, potentially breaking deadlocks where witnesses have otherwise remained silent
- Avoids lengthy, costly criminal trials that could reignite conflict and division in communities still healing from the violence
- Creates a permanent public record of Troubles-related deaths and injuries, establishing historical documentation that would otherwise remain hidden"
2504,"[""- Provides legal clarity and certainty for livestock traders and the market operator by establishing clear statutory powers and regulations, reducing disputes and operational uncertainty"",""- Enables the market to modernise facilities and adapt trading practices to meet contemporary animal welfare and biosecurity standards"",""- Protects the local agricultural community and rural economy by securing a dedicated, properly regulated venue for livestock trading in the Norwich area"",""- Establishes formal governance structures and dispute resolution mechanisms, ensuring the market operates fairly and transparently for all users""]"
2511,"- Protects patient safety by ensuring only properly trained and regulated professionals can claim to be nurses, reducing risks from unqualified practitioners- Enhances public trust in the profession by making it clear who is a qualified nurse and who is not, ending confusion with unregulated care workers- Strengthens professional standards by legally enforcing that nurses must meet NMC registration requirements, continuing professional development, and code of conduct expectations- Prevents unscrupulous operators from exploiting the unprotected title to gain credibility or charge fees for nursing services they are not qualified to provide"
2513,"Voting to support this bill means you want OFCOM (the TV and internet regulator) to have a legal duty to help prevent serious self-harm and suicide online. If it passes, OFCOM would need to take action against harmful content and platforms that don't do enough to protect vulnerable users, potentially making the internet safer for people in crisis."
2521,Voting for this bill means you want the Office for Budget Responsibility (OBR) - an independent government organisation - to officially check and publish the cost of policies promised by political parties before elections. Supporters believe this would make politics more honest by forcing parties to prove their promises are affordable.
2523,"Voting to support this bill means you want a new government office created to check the quality of scientific research in the UK. If it passes, this office would review how well science is being done and help make sure taxpayer-funded research meets high standards."
2528,"- Creates a single, accessible point of contact for whistleblowers, reducing confusion about where to report wrongdoing and ensuring complaints are handled consistently across different sectors
- Offers financial protection to whistleblowers during investigations and legal proceedings, removing the financial hardship that currently deters many from coming forward about serious misconduct
- Provides legal representation and expert guidance to whistleblowers, significantly improving their chances of successful outcomes against well-resourced organizations
- Establishes robust anti-retaliation measures with real enforcement powers, ensuring whistleblowers cannot be dismissed, demoted, or harassed without legal recourse and penalties for employers"
2531,"Voting to support this bill means you want to make off-patent drugs (older medicines no longer protected by patents) cheaper and more widely available. If it passes, these medicines could become more affordable for patients and the NHS, and other companies could manufacture them more easily."
2532,"Voting to support this bill means you want to make off-patent drugs (medicines no longer protected by patents) cheaper and more available to patients. If it passes, people could access these older medicines at lower costs, saving money for the NHS and patients who need them."
2533,"[""- Provides police with practical legal tools to tackle the genuine problem of anti-social off-road biking that damages rural environments, disturbs residents, and creates safety hazards in local communities"",""- Protects vulnerable landscapes including farmland, parks, and nature reserves from environmental damage caused by repeated illegal off-road bike use"",""- Gives officers clearer authority to seize vehicles used unlawfully, creating a genuine deterrent against repeat offenders and making enforcement faster and more effective"",""- Addresses community complaints about noise pollution and safety risks in areas where off-road biking is widespread, particularly affecting rural residents with limited recourse""]"
2534,"Voting to support this bill means you want off-road vehicles (like quad bikes and dirt bikes) to be registered and tracked by the government, similar to cars on roads. Supporters believe this would help reduce theft, improve safety, and make it easier to trace vehicles used in illegal activities."
2535,"Voting to support this bill means you want off-road vehicles (like quad bikes and dirt bikes) to be registered and tracked by the government, similar to regular cars. Supporters believe this would help reduce illegal use, improve safety, and make it easier for authorities to track stolen vehicles."
2536,"Voting for this bill means you want off-road vehicles (like quad bikes and dirt bikes) to be registered and tracked, similar to cars on roads. Supporters believe this will help reduce illegal activity, improve safety, and make it easier for authorities to identify vehicle owners if there are accidents or crimes."
2537,"Voting to support this bill means you want off-road vehicles (like quad bikes and dirt bikes) to be registered and tracked, similar to cars on the road. Supporters believe this would help police catch criminals, reduce theft, and make off-road vehicle use safer and more accountable."
2550,"Voting for this bill means you want online shops to check customers' ages before selling age-restricted items like alcohol, cigarettes, and gambling products. Supporters believe this protects young people from buying these products illegally online."
2551,"Voting to support this bill means you think online shops should be required to check customers are old enough before selling age-restricted products like alcohol, tobacco, and knives. Supporters believe this protects young people from buying harmful products online, similar to how physical shops already have to check ID."
2560,"[""- Protects children from exposure to age-inappropriate content including pornography, gambling, and extreme violence by creating enforceable legal duties on platforms rather than self-regulation"",""- Reduces the risk of child exploitation and grooming by restricting access to platforms commonly used by predators to target minors"",""- Addresses the mental health crisis among young people by limiting access to social media designed to be addictive, which research links to depression and anxiety"",""- Creates a level playing field where all platforms must meet the same safety standards, preventing companies from gaining competitive advantage through lax child protection""]"
2561,"Voting to support this bill means you want it to become law. If it passes, it would make it easier for people to cancel online services (like subscriptions or memberships) - likely by requiring companies to offer a cancellation method that's just as simple as signing up."
2570,"Voting to support this bill means you want to change the organ donation system so that people are automatically considered donors when they die, unless they've chosen to opt-out beforehand. Supporters believe this would save more lives by increasing the number of organs available for transplants, since many people don't actively register as donors even though they'd be willing to help."
2579,"[""- Improves children's mental health and reduces anxiety by providing regular time in natural environments, with growing evidence linking outdoor activity to reduced stress and improved emotional wellbeing in young people"",""- Addresses sedentary lifestyles and childhood obesity by making physical outdoor activity a mandatory part of schooling rather than optional or dependent on family circumstances"",""- Ensures environmental literacy by giving all children hands-on experience with ecosystems and sustainability, creating better-informed citizens on climate and conservation issues regardless of their background"",""- Reduces educational inequality by guaranteeing outdoor learning access to all pupils, preventing outdoor education from remaining a privilege only available to schools with wealthy catchment areas or active parent fundraising""]"
2580,"Voting to support this bill means you want the government to make sure people have better access to information about ovarian cancer - including symptoms, risks, and where to get help. If it passes, hospitals and health services would be required to provide clearer information to help people spot the disease earlier."
2587,"Voting to support this bill means you want British citizens living abroad to keep the right to vote in UK elections for longer. Currently, if you live overseas for more than 15 years, you lose your voting rights - this bill would remove or extend that time limit so expats can vote indefinitely."
2593,"[""- Recognizing Palestinian statehood could strengthen the UK's commitment to a two-state solution and signal support for Palestinian self-determination and sovereignty"",""- Early recognition may incentivize Palestinian authorities to engage in peace negotiations and demonstrate international commitment to resolving the conflict through diplomatic means"",""- Recognition aligns the UK with several European nations and UN member states that have already recognized Palestine, potentially amplifying UK influence in Middle Eastern peace efforts"",""- Formal recognition could improve the UK's standing with Arab nations and Muslim-majority countries, potentially benefiting broader trade and diplomatic relationships""]"
2594,"[""- Recognizes Palestinian self-determination: Formal recognition acknowledges the Palestinian people's right to establish their own sovereign state, fulfilling a long-standing principle of international law regarding self-determination of peoples."",""- Strengthens UK diplomatic leverage: Official recognition could enhance the UK's ability to influence peace negotiations and have credibility as a mediator between Israelis and Palestinians in future diplomatic efforts."",""- Aligns with international precedent: Several countries and international bodies have already recognized Palestinian statehood, so this brings UK policy into line with existing global recognition and the UN's position on Palestinian representation."",""- Provides institutional clarity: Recognition establishes clearer diplomatic channels and enables direct governmental engagement with Palestinian authorities on matters including trade, legal cooperation, and humanitarian assistance.""]"
2595,"[""- Recognizing Palestinian statehood could strengthen the UK's diplomatic role in Middle East peace negotiations and demonstrate support for the two-state solution framework"",""- Recognition may provide Palestinians with greater international legitimacy and legal standing to participate in global institutions, potentially supporting their interests in peace talks"",""- Supporting this bill aligns with calls from international human rights organizations and reflects the position already taken by countries including Spain, Ireland, and Norway"",""- Parliamentary recognition could increase pressure on the UK government to condition aid or trade agreements on Israeli compliance with international law regarding settlements and civilian protection""]"
2597,"Voting to support this bill means you want to improve palliative care (comfort care for people with serious illnesses). If it passes, the bill would likely improve how palliative care is delivered across the UK, ensuring more people get better quality end-of-life care and support."
2598,"Voting for this bill means you want to improve care for people with serious illnesses who are nearing the end of their lives. If it passes, it would likely make palliative care (comfort-focused treatment) more available and ensure people have better access to pain relief and emotional support."
2611,"Voting to support this bill means you want to protect publicly-owned parks and playing fields from being sold off. If it passes, councils and other public bodies would be banned (or heavily restricted) from selling these green spaces, keeping them available for local communities to use for recreation and sport."
2631,"Voting to support this bill means you want to give voters more power over their MPs. If it passes, voters could trigger a vote to remove their MP mid-term (recall) and have a say in choosing candidates before general elections (primaries), rather than just voting for whoever the party picks."
2633,"[""- Strengthens democratic accountability by requiring Parliament to vote on trade deals that affect the entire country, rather than leaving decisions to government ministers alone"",""- Protects Parliament's ability to scrutinise terms that could impact NHS services, food standards, environmental protections, and workers' rights before they become binding"",""- Allows elected MPs to debate trade agreements publicly and on the parliamentary record, giving constituents transparency about decisions affecting their livelihoods and communities"",""- Prevents rushed or controversial trade deals from being ratified without proper parliamentary consideration, reducing the risk of poor agreements being locked in long-term""]"
2642,"- Fares and routes can be set based on public interest rather than profit maximization, potentially reducing ticket prices and maintaining services on less commercially viable routes that private operators might abandon. - Public ownership eliminates shareholder dividends and private profits, directing more revenue directly into service improvements, staff pay, and infrastructure investment. - The government gains direct control over safety standards, service frequency, and timetables without needing to negotiate with multiple private operators or face legal disputes over franchise terms. - Integrated planning becomes possible across the entire network, allowing coordinated investment and service design rather than fragmented decision-making by competing private companies."
2650,"[""- Improves safety for vulnerable pedestrians: parents with buggies, elderly people, and disabled individuals forced into the road when pavements are blocked by parked cars"",""- Increases accessibility for wheelchair users and those with mobility aids who cannot navigate around parked vehicles on narrow pavements"",""- Gives local communities control over their own streets: councils can set rules reflecting local circumstances rather than a central government mandate"",""- Reduces pavement damage from vehicle weight and encourages more sustainable transport by making it less convenient to park carelessly on public walkways""]"
2652,"Voting to support this bill means you want pedicabs (human-powered three-wheeled taxis) to be properly regulated and legally allowed to operate in the UK. If it passes, pedicabs would have clear rules about safety, insurance, and licensing, making them a safer and more organized transport option."
2653,"Voting to support this bill means you want pedicabs (human-powered taxi bikes) to be properly regulated and licensed in London. If it passes, pedicabs would have clearer rules about safety, insurance, and how they operate on London's streets."
2654,"Voting to support this bill means you want pedicabs (human-powered three-wheeled taxis) to be properly regulated in London. If it passes, pedicabs would have clearer rules about safety, insurance, and how they operate on London's streets."
2656,"Supporting this Act means backing rules that make pedicabs (human-powered taxis) safer and more regulated in London. It could protect passengers and cyclists, ensure fair pricing, and improve traffic safety by controlling how pedicabs operate."
2661,"[""- Provides financial autonomy: Allows terminally ill individuals to access their pension savings while still alive to fund end-of-life care, medical treatments, or leave inheritances to family members, rather than losing control of funds."",""- Removes bureaucratic barriers: Eliminates age restrictions and standard withdrawal penalties for people with certified terminal conditions, reducing administrative delays when time is critical."",""- Addresses care costs: Enables people to pay for private healthcare, palliative care, or hospice services directly from their own pensions rather than relying solely on NHS provision or family resources."",""- Respects personal choice: Acknowledges that individuals should have the right to decide how their life savings are used in their final months, prioritizing personal autonomy over rigid pension protection rules.""]"
2665,"[""- Protects pensioners from sudden, unannounced cuts to Pension Credit by requiring government to consult affected groups before implementing changes"",""- Ensures Personal Expense Allowances are kept under regular review, helping maintain their real value against inflation and rising living costs"",""- Gives pensioners, charities, and advocacy organisations a formal voice in decisions affecting their income security and welfare"",""- Creates democratic accountability by making government justify and explain policy decisions about pensioner support rather than acting unilaterally""]"
2670,"[""- Strengthens protection for pension savers by giving the Pensions Regulator tougher enforcement powers to crack down on badly-managed schemes and hold trustees accountable"",""- Reduces fraud and scams through stricter rules on pension transfers, including mandatory checks to prevent members transferring their pensions into fraudulent schemes that could lose their life savings"",""- Improves pension scheme sustainability by requiring trustees to have better risk management and stronger governance processes, ensuring schemes remain financially healthy long-term"",""- Modernises outdated pension rules to reflect how pensions are managed today, making the system clearer and fairer for ordinary savers while reducing regulatory burden on well-run schemes""]"
2671,"Supporting this Act means helping pension schemes update how they handle Guaranteed Minimum Pensions (GMPs) - a type of pension promise made to workers before 1997. It simplifies the rules so pension schemes can convert these old pension promises into modern ones, making them easier to manage and potentially reducing costs for schemes."
2681,"- Provides formal recognition and investigation of genuine hardship faced by 1950s-born women who had their State Pension age raised by up to 6 years with what many argue was inadequate notice, forcing difficult choices about work and savings
- Could lead to targeted compensation or pension adjustments for the most affected women, offering financial relief to those nearing or in retirement with reduced savings
- Establishes an independent review process that would gather evidence and make recommendations, ensuring decisions are based on thorough analysis rather than political judgment alone
- Addresses a known gap in communication: many affected women claim they were unaware of changes to their pension age until close to retirement, making the review a matter of fairness and transparency"
2686,"[""- Early identification of mental health conditions prevents serious harm: screening can detect postnatal depression and anxiety before they escalate, reducing risk of self-harm, suicide (a leading cause of maternal death), and neglect of newborns"",""- Ensures equitable access across the UK: mandatory assessments mean all women receive consistent screening regardless of postcode or NHS trust, eliminating current gaps where some areas offer minimal mental health support"",""- Reduces long-term costs to the NHS and social services: early intervention through assessment and treatment is cheaper than managing crisis situations, emergency admissions, or child protection interventions later"",""- Improves infant outcomes: mothers receiving timely mental health support show better bonding, breastfeeding rates, and child development, with benefits extending into childhood and adolescence""]"
2691,"- Accelerates housing delivery by removing planning delays, helping address the UK's housing shortage by enabling faster residential conversions and new builds without lengthy council review periods
- Reduces costs for developers and homeowners by eliminating expensive planning application fees and consultant costs, making development more economically viable for smaller projects
- Cuts red tape and bureaucracy, allowing straightforward residential extensions and conversions to proceed quickly without subjective council judgment, particularly benefiting homeowners wanting to extend their own properties
- Enables commercial-to-residential conversions more easily, helping repurpose vacant high street and office buildings in town centres into much-needed homes"
2702,"[""- Maintains domestic energy production capacity, reducing UK reliance on imported oil and gas and supporting energy security and stable fuel prices"",""- Generates significant tax revenues and royalties from petroleum operations that fund public services, and sustains high-skilled jobs in energy sectors and supply chain industries"",""- Allows existing petroleum infrastructure and expertise to be managed efficiently during the transition to renewable energy, rather than abandoning assets prematurely"",""- Provides a regulated, predictable framework for oil and gas companies to operate, encouraging investment in UK waters and supporting existing workers in the sector""]"
2707,"- Dramatically increases the chances of reuniting lost or stolen pets with owners, reducing the number of animals entering shelters and improving animal welfare outcomes. - Enables local authorities and enforcement officers to quickly identify pet owners and hold them accountable for animal cruelty, neglect, or abandonment by accessing the microchip database. - Creates a more efficient system for tracking dangerous or problem animals across the country, improving public safety. - Reduces the burden on animal rescue charities and local councils by decreasing the number of unidentified animals requiring long-term care."
2722,"- Protects homes and lives by preventing construction in areas with genuine high flood risk, reducing the number of people exposed to dangerous water events and associated casualties
- Reduces financial burden on taxpayers and insurance companies by avoiding costly flood damage claims through prevention rather than crisis response and repairs
- Encourages developers to invest in innovative flood-resilient design and sustainable drainage systems, which can become standard practice and improve building quality across the sector
- Gives local communities and councils stronger tools to object to unsuitable developments and have genuine say in what gets built in their areas"
2736,"[""- Ensures new housing developments contribute fairly toward local infrastructure, preventing situations where communities absorb the costs of growth without adequate schools, GP surgeries, or transport links"",""- Creates clearer, more transparent rules for calculating developer contributions, reducing lengthy negotiations and allowing projects to proceed faster while protecting community interests"",""- Increases funding available to local councils for essential services by standardizing contribution requirements and reducing loopholes that previously allowed developers to minimize payments"",""- Supports sustainable growth by making developers account for the real infrastructure costs their projects generate, encouraging responsible development patterns""]"
2738,"[""- Faster housing delivery: Streamlined planning processes could reduce the time from application to construction on new homes, helping address the UK's housing shortage and making homes more affordable by reducing development delays and associated costs."",""- Economic growth and investment: Quicker infrastructure approvals attract private investment in roads, broadband, and transport networks, potentially creating jobs and boosting local economies while making Britain more competitive internationally."",""- Reduced red tape for businesses: Clearer timelines and simplified procedures lower costs for developers and construction companies, allowing resources to be spent on actual building rather than prolonged planning applications."",""- Strategic development coordination: The Act enables better coordination between housing, transport, and utilities planning, ensuring new communities have necessary infrastructure rather than developments outpacing services.""]"
2747,"[""- Reduces public exposure to pesticides and potential health risks, particularly for children in schools and vulnerable patients in NHS facilities"",""- Protects pollinating insects like bees and other wildlife by eliminating chemical use on publicly-managed land, supporting biodiversity and ecosystem health"",""- Sets an environmental leadership example by demonstrating that effective land management is possible without synthetic pesticides, encouraging private sector and household adoption of alternatives"",""- Creates a market opportunity for organic and mechanical weed control businesses, generating green jobs in land management and sustainable agriculture sectors""]"
2749,"Voting to support this bill means you want new laws to reduce plastic waste and pollution in the UK. If it passes, the government would introduce measures like bans on certain single-use plastics, requirements for companies to reduce packaging, and better recycling systems."
2750,"Voting to support this bill means you want the government to take action to reduce plastic waste and pollution. If it passes, new rules would likely be introduced to limit single-use plastics, encourage recycling, or hold companies responsible for the plastic they produce."
2751,"Voting to support this bill means you want the UK to take stronger action against plastic waste and pollution. If it passes, the government would implement new rules to reduce single-use plastics, protect our oceans and wildlife, and encourage businesses to use less plastic in their products and packaging."
2752,"Voting to support means you want Parliament to continue developing this bill into law. If it passes, the UK would have new rules to reduce plastic waste and pollution, likely including measures like bans on certain single-use plastics or requirements for companies to reduce their plastic use."
2753,"Voting to support this bill means you want the UK to take stronger action against plastic waste and pollution. If it passes, it would likely introduce new rules to reduce single-use plastics, encourage recycling, and make companies responsible for managing plastic waste more carefully."
2762,"[""- Increases democratic accountability by giving local police and crime panels stronger powers to scrutinize PCC decisions, ensuring they cannot act without proper oversight"",""- Improves public trust by requiring clearer performance metrics and regular reporting on police effectiveness, making it easier for citizens to assess whether their PCC is delivering results"",""- Protects against misconduct by establishing clearer grounds and procedures for removing underperforming or corrupt PCCs, rather than having to wait for election cycles"",""- Enhances financial transparency by implementing stricter controls on how PCCs spend police budgets, reducing the risk of wasteful spending or misappropriation of public funds""]"
2765,Supporting this Act means believing that police forces should be more accountable to local communities and that crime-fighting should be more flexible and responsive to local needs. Supporters argue it makes policing more democratic by giving communities a stronger voice in how their local police operate.
2774,"- Increases transparency: Voters can see who is funding political parties and campaigns, making it harder for hidden interests to influence policy without public knowledge. - Reduces wealthy donor influence: Donation caps prevent billionaires, large corporations, or foreign entities from drowning out ordinary citizens' voices in democracy. - Levels the playing field: Smaller parties and independent candidates get fairer competition when wealthy donors cannot funnel unlimited money to larger parties. - Closes loopholes: Extending rules to online advertising and third-party groups prevents donors from bypassing regulations through backdoor channels."
2777,A vote to support this bill means you want the Office for Budget Responsibility (OBR) - an independent organization that checks government spending claims - to also check and verify the costings of policies proposed by opposition political parties. Supporters believe this would make elections fairer by ensuring all parties' spending plans are checked equally.
2780,"[""- Protects public health by ensuring clear, consistent information about PFAS exposure routes (drinking water, food packaging, consumer products), helping people make informed choices and reducing unintended contamination"",""- Reduces regulatory uncertainty for businesses by providing transparent guidance on expected standards, allowing companies to plan compliance investments and avoid costly last-minute regulatory changes"",""- Enables evidence-based policymaking by establishing a documented baseline of PFAS use and risks, supporting the government's development of proportionate restrictions on the most harmful substances"",""- Prevents environmental persistence issues by encouraging early voluntary action on PFAS reduction, avoiding the greater costs of cleaning contaminated water supplies and soil in years ahead""]"
2783,Supporting this Act means backing compensation for Post Office workers and sub-postmasters who were wrongly accused of theft or fraud because of faults in the Horizon computer system. It aims to right a serious injustice by providing money and legal help to people whose lives were damaged by false convictions and financial losses.
2785,"Voting to support this bill means you think the government should make changes to how education and training work for people aged 16 and above. If it passes, these changes would become law and affect colleges, apprenticeships, and other post-16 education across the UK."
2789,"Voting to support this bill means you believe new mothers should receive dedicated mental health check-ups after giving birth. If it passes, the NHS would be required to offer these check-ups to help identify and treat conditions like postnatal depression and anxiety early."
2790,Supporting this Act means backing stronger rules for Powers of Attorney - legal documents that let someone act on your behalf. It helps protect vulnerable people by making sure these documents are created properly and that the person acting for you doesn't abuse your trust or steal your money.
2791,"[""- Simplifies the process for creating and registering powers of attorney, reducing bureaucratic delays and making it faster and cheaper for people to plan for incapacity"",""- Strengthens protections against financial abuse and fraud by introducing enhanced identity verification and clearer audit trails, better safeguarding vulnerable people's assets"",""- Modernises outdated rules that don't reflect current technology and social circumstances, making the system more practical for contemporary needs"",""- Clarifies the legal duties and responsibilities of attorneys, reducing disputes and uncertainty about what powers they actually have""]"
2793,"- Creates consistent legal standards across all enforcement agencies, reducing confusion and ensuring fair treatment whether dealing with environmental inspectors, trading standards, or health and safety officials
- Strengthens safeguards for householders and businesses by establishing clearer rules about when entry can occur, how much notice must be given, and what circumstances justify forced entry without consent
- Improves public confidence in enforcement by making powers more transparent and accountable, with clearer appeals processes and record-keeping requirements
- Enables faster and more effective regulatory enforcement by removing outdated or conflicting legal provisions that currently slow down inspections for serious risks like food safety violations or dangerous building conditions"
2798,"Voting to support this bill means you think there should be limits on how much debt people can build up on pre-paid energy meters. If it passes, energy companies would have to stop cutting off customers' power when their debt reaches a certain level, giving people more time to pay what they owe."
2799,"Voting to support this bill means you want to protect people who use pre-payment meters (where you pay upfront for energy) from being cut off without warning. If it passes, energy companies would be required to give customers more help and notice before disconnecting their supply, preventing people from suddenly losing heat or power."
2800,"Voting to support this bill means you want to temporarily stop energy companies from installing new pre-payment meters (where customers pay upfront for gas or electricity). Supporters believe this protects vulnerable people, especially during winter, from losing their energy supply if they can't afford to top up their meter."
2824,"[""- Provides legal clarity and certainty: A formal process removes ambiguity about succession during a PM's incapacity, preventing constitutional confusion or power vacuums that could destabilise markets and international relations."",""- Protects parliamentary sovereignty: Establishes Parliament's role in confirming temporary replacement arrangements rather than leaving critical decisions to backroom negotiations or the Prime Minister's office alone."",""- Reduces risk of concealed incapacity: Creates transparent procedures that make it harder to hide serious health issues from the public and Parliament, ensuring voters and MPs know who is genuinely leading the country."",""- Prevents self-interest conflicts: Removes reliance on a potentially incapacitated PM's own judgement about their fitness to govern, replacing it with independent assessment mechanisms.""]"
2835,"Supporting this Act means backing the ability of prisons to test prisoners for illegal drugs and other substances. Supporters believe it helps keep prisons safer, reduces drug-related crime inside prisons, and protects staff and prisoners from the dangers of drug abuse."
2851,"- Allows UK to set tailored product safety standards suited to British market conditions and consumer needs, rather than automatically adopting EU regulations that may not reflect domestic priorities
- Reduces regulatory burden on UK manufacturers by streamlining certification processes and removing duplicative EU requirements, potentially lowering compliance costs and time-to-market for new products
- Strengthens consumer protection by establishing clear, updated safety standards and measurement requirements that reflect modern manufacturing and technology advances since previous legislation
- Creates opportunities for UK-based testing and certification bodies to grow and compete internationally, boosting the domestic metrology and conformity assessment sector"
2852,"Supporting this Act means backing stronger security rules for internet-connected devices (like smart speakers and security cameras) so hackers find them harder to break into. It also helps the UK build better 5G and broadband networks, which means faster internet for more people across the country."
2855,Voting to support this bill means you want to temporarily stop the use of 'programming' - a process that sets strict time limits on how long Parliament debates bills. Supporters believe this gives MPs more freedom to discuss important issues properly without being rushed.
2857,"Voting to support this bill means you believe the UK should play an active role in helping to resolve the conflict between Israel and Palestine. If it passes, it would commit the UK to participating in peace-building efforts and diplomatic work to find a solution that works for both sides."
2859,"- Enables digital asset owners to legally pass cryptocurrencies, NFTs, and online accounts to heirs through wills, preventing permanent loss when someone dies without clear instructions
- Provides legal certainty for individuals and businesses holding digital assets by establishing clear ownership rights and protection against unauthorized seizure
- Creates enforceable rules for cryptocurrency exchanges and digital wallet providers, reducing fraud risk and ensuring platforms cooperate when users need account access for inheritance or legal disputes
- Modernizes property law to reflect economic reality, as digital assets now represent significant wealth for many UK citizens but lack coherent legal status"
2860,"[""- Reduces property fraud and disputes by creating a more comprehensive and accurate central register of who owns what property and when ownership changed"",""- Enables fairer tax collection by ensuring property valuations reflect current market values, potentially preventing tax avoidance through outdated valuations"",""- Improves conveyancing (property sales) by digitising records and reducing paperwork, making the buying and selling process faster and cheaper"",""- Provides better data for government planning on housing supply, demand, and affordability by having accurate, up-to-date property information""]"
2865,"Supporting this bill means you want a faster, easier way for neighbours to sort out disagreements about where their property boundaries actually are. If it passes, people won't have to go to expensive court cases as often - they could use a simpler process instead to settle these disputes."
2878,"[""- Reduces children's exposure to harmful content including pornography, violent material, and self-harm content by requiring platforms to implement robust age verification and content filtering systems."",""- Protects children's personal data from exploitation by data brokers and advertisers through stricter consent requirements and limits on algorithmic profiling of minors."",""- Creates enforceable legal accountability for tech companies, meaning they face substantial fines if they fail to protect children, unlike current voluntary industry standards which lack teeth."",""- Addresses the mental health crisis linked to social media by limiting addictive design features (such as infinite scroll and engagement-maximising algorithms) that disproportionately affect young users.""]"
2898,"Supporting this Act means backing the government's effort to protect public health by banning dangerous drugs that aren't yet illegal. It aims to stop dealers from selling new 'legal highs' by making it illegal to produce or supply any psychoactive substance, helping keep communities safer and reducing drug-related harm."
2900,"Voting to support this bill means you want to create a new Public Advocate role - a person appointed to speak up for ordinary people's interests in Parliament and government. If it passes, this advocate would investigate complaints and push for changes when people feel ignored or treated unfairly by public services."
2902,"Voting to support this bill means you want to create a new 'Public Advocate' role - an independent person who can investigate complaints from ordinary people about how public services (like the NHS or local councils) treat them. If it passes, this advocate would help people get answers and fair treatment when they feel let down by government services."
2908,"[""- Protects public funds by enabling faster, more effective recovery of money lost to fraud and error, reducing the financial burden on taxpayers and freeing resources for essential services like healthcare and education"",""- Establishes clear legal frameworks and transparency requirements that prevent arbitrary or unfair recovery practices, ensuring individuals and organisations know their rights when authorities attempt to reclaim funds"",""- Gives public authorities consistent tools to pursue cases of deliberate fraud and genuine mistakes, improving consistency across councils and government departments rather than allowing ad-hoc enforcement"",""- Creates deterrent effect against fraudulent claims for benefits, grants, and contracts by making consequences clearer and enforcement more likely, potentially reducing overall fraud in the public system""]"
2910,"- Strengthens citizens' ability to take legal action against public authorities that breach their duties or act unlawfully, ensuring no institution operates beyond the law
- Improves government transparency by requiring public bodies to publish decisions and reasoning, allowing scrutiny and reducing scope for hidden or arbitrary actions
- Reduces reliance on expensive judicial review by creating faster, more accessible complaint procedures that ordinary people can navigate without specialist lawyers
- Protects vulnerable groups (benefit claimants, patients, service users) by giving them clear legal rights when public bodies fail to act in their interests"
2912,"[""- Increases accountability: Public bodies must document and justify their use of algorithms, reducing hidden discrimination in decisions about benefits, housing, healthcare, and employment"",""- Protects vulnerable people: Citizens gain the right to understand why automated systems rejected their benefit claim or loan application, and can request a human review if the decision seems unfair"",""- Addresses algorithmic bias: Mandatory impact assessments help identify when automated systems produce discriminatory outcomes for protected groups (race, disability, gender, etc.)"",""- Strengthens democratic oversight: Parliament and regulators gain clearer visibility into how public money is being spent on algorithmic systems and whether they're delivering promised outcomes""]"
2913,"Supporting this Act means believing the government should be able to streamline public services by merging, closing, or reorganizing non-departmental public bodies (quangos). Supporters argue it saves taxpayer money, reduces bureaucracy, and makes government more efficient."
2917,"Voting to support this bill means you think Scotland, Wales, and Northern Ireland should have guaranteed representatives on important public bodies (like health boards or regulatory agencies) that make decisions affecting the whole UK. If it passes, these devolved nations would have a seat at the table when UK-wide decisions are being made."
2919,"[""- Enables accurate identification of Jewish and Sikh populations in public service data, allowing discrimination and inequality to be properly measured and addressed in healthcare, education, employment, and other services"",""- Recognises these communities as distinct ethnic/religious groups for statistical purposes, reflecting how members identify themselves and improving targeted support for community-specific needs and barriers"",""- Creates accountability mechanisms, as public bodies would need to publish ethnicity breakdowns showing Jewish and Sikh representation, helping identify where systemic issues exist"",""- Aligns with international practice in other countries and with the 2021 Census, which included Jewish and Sikh as separate categories for the first time in the UK""]"
2928,"Voting to support this bill means you want to update the 1984 disease control law to work better with modern health emergencies. If it passes, the government will have clearer, more up-to-date powers to deal with serious diseases and protect public health."
2930,"[""- Strengthens the ability of public health authorities to respond quickly and effectively to infectious disease outbreaks, potentially preventing rapid spread of serious illnesses"",""- Updates 40-year-old legislation to reflect modern epidemiological challenges and scientific understanding of disease transmission"",""- Clarifies and codifies emergency powers that may currently be ambiguous or outdated, providing legal certainty for health officials and the public"",""- Protects vulnerable populations and the NHS by enabling swift action during health emergencies, reducing pressure on hospitals and healthcare services""]"
2937,"- Increases transparency by requiring public officials to disclose financial interests, meetings with lobbyists, and decision-making processes, reducing hidden influence and corruption
- Establishes independent investigation bodies with real powers to investigate misconduct, moving accountability away from self-regulation by politicians themselves
- Creates enforceable consequences for breaches, including potential removal from office or fines, rather than relying on voluntary compliance or vague guidelines
- Strengthens public trust in institutions by demonstrating that officials face the same scrutiny as private sector leaders, and that no one is above the rules"
2941,"[""- Supports UK manufacturing and businesses by guaranteeing access to government contracts, potentially creating jobs and economic growth in British industries"",""- Strengthens supply chain resilience by reducing dependency on international suppliers, particularly important for critical sectors like defence and healthcare"",""- Allows government to factor in wider economic benefits beyond price alone, such as environmental standards, worker rights, and regional development"",""- Gives British companies a competitive advantage in bidding for publicly-funded projects, making long-term business planning and investment more viable""]"
2950,"- Saves taxpayers' money by capping redundancy and severance payments, reducing the cost to the public purse when public sector workers leave their jobs
- Prevents abuse of exit payment systems, particularly protecting against large golden handshakes for senior officials or executives leaving under poor performance
- Creates fairness by establishing a consistent £95,000 limit across all public sector organisations, rather than allowing different bodies to set vastly different payment levels
- Encourages accountability by making it more costly to remove underperforming managers or executives, potentially improving scrutiny of hiring and management decisions"
2957,"[""- Reduces corruption risks by requiring stricter financial disclosure requirements and clearer conflict-of-interest rules, making it harder for public officials to hide problematic dealings"",""- Strengthens public trust in government institutions by making ethics enforcement more independent and transparent, with clearer consequences for wrongdoing"",""- Protects whistleblowers and those reporting ethical breaches, encouraging officials and staff to report misconduct without fear of retaliation"",""- Creates consistent ethical standards across all public bodies, ensuring taxpayer money is spent appropriately rather than through nepotism, lobbying influence, or personal benefit""]"
2970,"[""- Creates clear accountability: Citizens can see exactly what performance standards services should meet and track whether they're being delivered, reducing hidden underperformance"",""- Improves service transparency: Public reporting of target results makes it easier for voters and local communities to assess which services are working well and which need improvement"",""- Enables better resource allocation: Measurable targets help identify where funding and staff are most needed, potentially reducing waste and directing money to failing services"",""- Drives operational improvements: Setting concrete targets gives public sector leaders clear goals to work toward, encouraging innovation and efficiency across NHS waiting times, school results, and council services""]"
2977,"Voting to support this bill means you think quad bikes need better safety rules and regulations. If it passes, the government would have new powers to control how quad bikes are used, sold, or operated - potentially making them safer for riders and the public."
2978,"- Prevents asset price inflation: QE historically inflates prices of stocks, bonds, and housing by flooding markets with new money, widening wealth inequality between asset owners and non-asset owners. - Reduces moral hazard: Prohibiting QE discourages reckless borrowing by banks and governments, as they cannot rely on central bank rescue operations during crises. - Controls inflation and currency debasement: By limiting money creation, the bill could help maintain stable price levels and preserve the purchasing power of the pound. - Encourages fiscal responsibility: Removes the temptation for governments to spend excessively, knowing the Bank of England cannot monetise debt through QE."
2983,"Voting to support this bill means you want to create an independent Rail Ombudsman - a person who investigates complaints from train passengers. If it passes, passengers will have a free, official way to complain about poor service, delays, or unfair treatment by rail companies without going to court."
2985,"[""- Passengers receive automatic compensation for delays without needing to claim, putting money back in travellers' pockets when services fail and reducing the burden of pursuing complaints"",""- Clear, enforceable minimum standards for punctuality and service reliability give passengers certainty about what to expect and hold train operators accountable through financial penalties for breaches"",""- Enhanced accessibility requirements ensure disabled passengers and those with mobility difficulties can travel with confidence, including guarantees for assistance and accessible facilities across all services"",""- Simplified complaint procedures with defined response times give passengers a straightforward way to resolve issues, reducing frustration and ensuring operators take customer concerns seriously""]"
2995,"[""- Patients with rare cancers face delayed diagnoses because symptoms are unfamiliar to GPs and generalist consultants; this bill funds specialist diagnostic centres that can identify these conditions faster, improving survival rates"",""- Rare cancers are commercially unviable for pharmaceutical companies, leaving patients without treatment options; the bill creates research funding streams and incentives to develop therapies for these neglected diseases"",""- A centralised patient registry enables doctors to share treatment outcomes and best practices across the NHS, meaning patients benefit from collective learning rather than isolated hospital experiences"",""- Dedicated funding removes competition between rare and common cancers for limited NHS resources, ensuring this patient group isn't systematically disadvantaged""]"
2996,Supporting this Act means helping businesses and directors affected by coronavirus. It provides relief from business rates (property taxes) for struggling companies during the pandemic and prevents directors from being unfairly punished if their company was dissolved due to COVID-19 difficulties.
3000,"- Disabled employees and applicants currently face uncertainty when requesting adjustments, as employers may ignore requests indefinitely; a duty to respond ensures people receive answers and can plan their work or pursue other opportunities. - Formal response requirements create accountability and an audit trail, making it easier for disabled workers to demonstrate employer non-compliance if they need to pursue legal action through employment tribunals. - Clear timelines for employer responses reduce delays that can leave disabled workers in limbo for months, allowing them to work effectively sooner or seek alternative employment if requests are refused. - The bill strengthens existing equality protections without requiring employers to make unreasonable adjustments, only to communicate their decisions transparently."
3001,"Voting to support this bill means you want to give voters the power to remove their MP before the next general election if they're unhappy with them. If it passes, constituents could launch a recall petition and, if enough people sign it, force their MP to face a by-election where voters decide whether they keep or replace them."
3009,"Voting to support this bill means you believe the UK Parliament should officially recognise that the deaths of Armenian people in the Ottoman Empire (1915-1923) constitute genocide. If it passes, the UK government would formally acknowledge this historical event as genocide."
3010,Voting for this bill means Parliament would officially recognise the killing of Armenians by the Ottoman Empire (1915-1923) as genocide. Supporters believe this is the right thing to do to honour the victims and acknowledge an important historical event.
3016,Voting to support this bill means you want to change who is allowed to vote in UK referendums. Supporters believe the current rules are unfair and that certain groups (like 16-17 year olds or EU citizens living here) should be included in future referendums.
3017,"Voting to support this bill means you believe major decisions made through referendums should require a supermajority (a bigger majority than 50%+1, such as 60% or two-thirds) to pass. Supporters argue this protects the country from big changes that divide the nation, ensuring decisions have stronger backing."
3024,"- Reduces family separation by allowing refugees to reunite with spouses and adult children who may be in refugee camps or dangerous situations abroad, addressing humanitarian concerns about vulnerable separated families
- Improves integration outcomes by enabling refugees to rebuild family networks and support systems, which evidence suggests leads to better mental health, employment, and community participation
- Reduces administrative burden on refugees by streamlining application processes and lowering fees, making the system more accessible to people with limited financial resources
- Brings UK policy closer to international standards; most comparable nations allow broader family reunion provisions than current UK law permits"
3029,"Voting to support this bill means you want to improve how births and deaths are registered in the UK. If it passes, it would likely make the registration system more efficient, accurate, or accessible - for example, by updating outdated processes or making it easier for people to register important life events."
3030,"[""- Recognises biological and legal reality: Children born from deceased parents' genetic material have a legitimate connection to those parents that should be formally documented for identity and inheritance purposes."",""- Supports grieving families: Allows bereaved partners or relatives to have their loved one officially recognised as a parent, which can be important for emotional closure and family records."",""- Clarifies inheritance and succession rights: Recording deceased parents on birth certificates removes ambiguity about entitlements to estates, pensions, or other benefits that may depend on establishing parentage."",""- Modernises law for assisted reproduction: Reflects current medical practice where people can have biological children years after their death through stored sperm, eggs, or embryos.""]"
3033,"- Protects Welsh language rights by guaranteeing Welsh speakers can access essential government services in their first language without requiring English skills or translation delays. - Recognises Welsh as an official language in practice, not just in law, by extending Welsh provision to vital life-event registrations that all citizens must use. - Removes practical barriers for Welsh-language communities, particularly in predominantly Welsh-speaking areas, who currently may face administrative obstacles when registering births, deaths, or marriages solely in Welsh. - Strengthens cultural preservation and normalises Welsh in formal, institutional settings, supporting intergenerational transmission of the language in official contexts."
3035,"[""- Enables accurate public health and demographic research by allowing statisticians to analyse mortality patterns, life expectancy, and health outcomes across different religious and belief communities"",""- Supports faith communities in planning their services and facilities by providing reliable data on the size and composition of their congregations over time"",""- Ensures appropriate funeral and memorial arrangements by creating an official record of religious identity that can guide families and registrars, particularly when family wishes are unclear"",""- Improves equality monitoring by allowing government departments and the NHS to assess whether healthcare services and outcomes differ by religion, helping identify and address potential disparities""]"
3036,"A vote to support means you want the bill to continue through parliament. If it passes, it would likely change how marriages are officially recorded and registered in the UK, potentially making the process simpler, more accessible, or more up-to-date."
3042,"- Creates a legal duty to report child sexual abuse directly to authorities, ensuring potential victims receive protection faster than waiting for internal institutional processes
- Removes reliance on institutional self-regulation, which has historically failed to protect children in cases involving schools, sports organisations, and religious institutions
- Extends mandatory reporting beyond existing limited groups (social workers, teachers in some contexts), covering professionals in sports, leisure, and other sectors where children gather and abuse has occurred
- Establishes consistent national standards across different organisations and sectors, preventing abusers from exploiting gaps where some institutions report while others do not"
3044,"- Introduces professional standards and mandatory competency assessment for bailiffs, reducing the risk of untrained or rogue operators using excessive force or illegal tactics against vulnerable debtors
- Creates a transparent audit trail through detailed reporting requirements, allowing regulators and courts to identify patterns of abuse, misconduct, or non-compliance with enforcement rules
- Protects vulnerable people (elderly, disabled, or in financial distress) by establishing quality control mechanisms that ensure bailiffs follow proper procedures and respect individuals' legal protections
- Improves public confidence in the debt enforcement system by demonstrating that the industry is properly regulated and monitored rather than operating with minimal oversight"
3045,"[""- Establishes clear legal standards for cyclist behaviour, potentially reducing accidents and improving road safety for all users including pedestrians and motorists"",""- Introduces minimum equipment standards (lights, brakes, reflectors) ensuring bicycles meet consistent safety requirements across the country"",""- Creates enforceable regulations that hold cyclists accountable for dangerous riding, which may deter reckless behaviour and reduce casualties"",""- Provides clarity for both cyclists and other road users about rights and responsibilities, reducing conflict and uncertainty on roads""]"
3055,"Voting to support this bill means you think the private rented sector needs stronger rules to protect tenants. If it passes, landlords would likely face new requirements about how they treat renters, set rents, and maintain properties - making the rental market fairer and safer for people who don't own their homes."
3057,"[""- Reduces unnecessary regulatory red tape that can stifle small business expansion and entrepreneurship, potentially lowering compliance costs for companies"",""- Encourages regulators to streamline outdated rules and consider less restrictive alternatives that achieve safety goals while enabling economic activity"",""- May attract investment and business growth to the UK by signalling a more growth-friendly regulatory environment compared to other jurisdictions"",""- Requires regulators to be transparent about growth impacts, forcing them to justify rules that significantly hinder business rather than applying them uncritically""]"
3060,"Voting to support means you want the government to do more thorough analysis before making new laws and regulations. If it passes, the government would have to produce detailed reports showing how new rules will affect businesses, workers, and ordinary people, helping Parliament make better-informed decisions."
3062,"Voting to support this bill means you want the government to properly assess how new rules and regulations will affect businesses, people, and the economy before introducing them. If it passes, the government would be required to study and report on the impacts of new regulations, making the process more transparent and hopefully preventing badly thought-out rules."
3063,"[""- Prevents poorly-designed regulations that waste business resources: requiring evidence-based impact assessments before implementation means costly or ineffective rules are caught and improved before rollout, saving companies and the public sector money"",""- Increases government accountability and transparency: publishing RIAs allows Parliament, businesses, and citizens to scrutinize whether ministers have genuinely justified their regulatory choices, reducing arbitrary decision-making"",""- Protects small businesses and vulnerable sectors: formal assessments identify disproportionate impacts on small firms or specific industries, allowing targeted exemptions or support rather than blanket rules that harm struggling sectors"",""- Improves policy quality: requiring departments to rigorously test assumptions and gather evidence leads to better-designed regulations that actually achieve their intended goals rather than creating unintended problems""]"
3068,"[""- Ensures consistent animal welfare standards across all public reindeer exhibitions, preventing inadequate care or poor living conditions that could harm the animals"",""- Creates a formal licensing process that allows authorities to inspect facilities, verify compliance, and remove licenses from operators who neglect or mistreat reindeer"",""- Protects public health and safety by requiring licensed exhibitors to meet hygiene and biosecurity standards, reducing disease transmission risks"",""- Prevents unregulated, exploitative use of reindeer in entertainment by establishing clear legal requirements that exhibitors must satisfy before operating""]"
3077,"[""- Provides accountability for peers whose conduct brings the House of Lords into disrepute, ensuring that serious misconduct (including criminal convictions) has consequences and maintains public confidence in the institution"",""- Creates a clear, transparent, and fair procedure for removing peers rather than relying on ad-hoc methods, protecting both the integrity of Parliament and the rights of individual peers through due process"",""- Allows Parliament to respond proportionately to serious breaches of conduct standards, such as major criminal activity or persistent violations of the Code of Conduct, without requiring complex workarounds"",""- Modernizes an outdated system where peerages were effectively permanent, bringing the House of Lords into line with standards of accountability expected of other public institutions""]"
3079,"[""- Removes individuals from the honours system who have engaged in serious criminal conduct or brought the institution into disrepute, protecting the integrity and prestige of British honours"",""- Creates a transparent, standardised legal process for title removal rather than relying on ad-hoc decisions, ensuring consistency and fairness across cases"",""- Strengthens public confidence in the honours system by demonstrating that titles are conditional on maintaining standards of conduct expected of those who receive them"",""- Provides victims and the public with a formal mechanism to address situations where individuals retain titles despite serious misconduct, ensuring accountability""]"
3086,"Voting for this bill means backing stronger protections for people who rent their homes. If it passes, renters would get more rights - like longer notice periods before eviction, the ability to have pets, and fairer rules about rent increases and deposits."
3087,"[""- Provides housing security: Tenants gain protection against sudden eviction without cause, allowing families to plan long-term and invest in their homes without fear of arbitrary removal."",""- Controls rent inflation: Restricts how frequently and by how much landlords can raise rents, protecting low-income renters from being priced out of their homes and making budgeting more predictable."",""- Improves living standards: Strengthens enforcement of property maintenance standards, ensuring renters have access to safe, healthy housing with reliable heating, plumbing, and structural integrity."",""- Reduces homelessness: By preventing arbitrary evictions and protecting vulnerable tenants, the act could reduce rough sleeping and homelessness among people currently in private rental accommodation.""]"
3093,"Voting to support this bill means you think MPs should be allowed to share one job between two people. If it passes, two MPs could split one parliamentary seat, working part-time instead of full-time, which could help people balance work and family life."
3098,"[""- Young people are affected by long-term policy decisions (climate change, education, student debt) but currently have no direct electoral voice, making this a fairness and representation issue"",""- Research suggests lowering the voting age increases lifetime voting habits; enfranchising 16-year-olds now could boost democratic participation in future decades"",""- At 16, many young people can work and pay taxes, making the traditional 'no taxation without representation' argument applicable to this age group"",""- Several countries and regions (Austria, Scotland, some local councils) have successfully implemented 16-year-old voting with no significant practical problems""]"
3102,"[""- Somaliland has demonstrated stable governance, functioning institutions, and peaceful democratic elections for three decades, meeting practical criteria for statehood better than many recognized nations"",""- Recognition would support self-determination; Somaliland's population voted overwhelmingly for independence in a 1991 referendum and has consistently rejected reunification with Somalia"",""- The move could strengthen UK strategic interests in the Horn of Africa, establishing a reliable partner for trade, security cooperation, and counterterrorism efforts in a geopolitically important region"",""- Recognition may incentivize improved governance and stability in Somalia itself, as it would encourage Somaliland to maintain its track record as a peaceful, functional state""]"
3104,"[""- Ensures consistent road maintenance standards across all residential areas, as council-maintained roads follow set specifications, whereas private roads often fall into disrepair when owners lack funds or motivation to repair them"",""- Removes financial burden from homeowners who currently pay through private road maintenance charges or 'adoption fees,' potentially saving residents hundreds of pounds annually"",""- Improves road safety by guaranteeing proper upkeep, drainage, and street lighting, as councils have legal obligations to maintain adopted roads in safe condition"",""- Provides clarity for new homebuyers, as properties on adopted roads have clearer legal status and future maintenance costs, making them more attractive and easier to sell""]"
3112,"[""- Clarifies and protects historic land rights for Richmond residents or commoners who have traditional grazing or access privileges on the burgage pastures"",""- Modernises outdated administrative structures governing the land, making management more efficient and transparent for current stakeholders"",""- Preserves important local heritage and community assets by establishing clear legal protections for common land that has served the Richmond community historically"",""- May enable better maintenance and environmental stewardship of the pastures by establishing clearer responsibilities and funding mechanisms""]"
3116,"Supporting this bill means you believe people should have the right to die at home rather than in a hospital or care facility. If it passes, it would give terminally ill people more choice and control over where they spend their final days, and it could mean changes to how healthcare and end-of-life care are provided."
3119,"[""- Allows terminally ill people to exercise personal autonomy and choice at the end of their lives, rather than being forced to suffer prolonged, painful deaths against their wishes"",""- Removes the need for desperate patients to travel to countries like Switzerland for assisted dying, which is costly, traumatic for families, and currently illegal in the UK"",""- Provides a regulated, safe medical framework with built-in safeguards (multiple doctor assessments, waiting periods, mental capacity checks) rather than pushing people toward dangerous, unregulated methods"",""- Recognises that many people wish to die at home surrounded by family, with dignity and in familiar surroundings, rather than in hospitals or care facilities""]"
3120,"- Lowers the barrier to leaseholders exercising Right to Manage by reducing qualifying thresholds (such as the percentage of leaseholders needed to agree) and administrative costs, enabling more residents to gain control of their own buildings without relying on expensive professional management
- Caps ground rents and restricts onerous ground rent terms, preventing freeholders from imposing escalating or excessive charges that currently inflate housing costs for leaseholders over decades
- Mandates greater transparency from managing agents and freeholders regarding service charges, repairs, and maintenance costs, helping leaseholders understand and challenge potentially inflated or unjustified fees
- Strengthens enforcement mechanisms allowing leaseholders to dispute unfair charges more easily through tribunals, reducing power imbalances where managing agents can impose costs without meaningful accountability"
3126,"[""- Restores ecological health: Reducing sewage and agricultural runoff will allow native fish populations (particularly salmon) to recover and reduce toxic algal blooms that currently make the river unsafe for recreation"",""- Protects public health: Cleaner water reduces disease risks for people who swim, fish, or use the river for drinking water abstraction downstream"",""- Holds water companies accountable: Establishes clear legal obligations and financial penalties, forcing companies to invest in infrastructure rather than passing costs to customers while allowing pollution to continue"",""- Supports local economies: A cleaner river attracts tourism, supports the fishing industry, and increases property values in riverside communities along the England-Wales border""]"
3128,"- Protects public health by establishing legally binding standards for water quality, reducing contamination from industrial discharge and agricultural runoff that currently affect drinking water and swimming areas
- Restores river ecosystems and fish populations by preventing over-extraction and maintaining natural water flows, benefiting wildlife and rural tourism industries
- Enables environmental groups and citizens to take legal action against polluters and negligent authorities without waiting for government enforcement, strengthening accountability
- Provides long-term economic benefits by protecting natural water sources, reducing treatment costs for water companies, and supporting fishing, recreation, and agriculture that depend on clean water"
3134,"- Reduces serious injuries and fatalities among children by lowering vehicle speeds in residential and school areas where young people are most vulnerable. - Creates a standardised, evidence-based approach to road safety education, ensuring all pupils receive consistent training in recognising hazards and safe crossing practices. - Identifies and addresses specific dangerous locations through mandatory safety assessments, allowing resources to be targeted where they are most needed (such as installing crossing points or improving visibility). - Encourages partnership between schools, local authorities, and police, creating coordinated strategies that protect children both in classrooms and on journeys to and from school."
3135,"[""- Increases visitor numbers to local attractions and businesses by making them more discoverable, supporting rural economies and town centers that rely on tourism revenue"",""- Reduces driver confusion and unsafe behavior caused by people searching GPS devices or looking for poorly marked destinations, potentially improving road safety"",""- Allows small independent businesses and attractions equal visibility with large chains, rather than relying solely on digital platforms that charge for advertising"",""- Harmonizes signage across regions through consistent design standards, making the road environment clearer for all drivers including tourists unfamiliar with local areas""]"
3138,"- Reduces serious injuries and fatalities among riders and horses by requiring visible safety equipment and lighting, particularly during low-light conditions when many accidents occur
- Provides clarity and legal protection for riders by establishing clear rules of the road, reducing ambiguity about liability in accidents and improving insurance frameworks
- Encourages consistent safety standards across the country by establishing minimum requirements for horse training, behaviour assessment, and rider competence, preventing variable standards between regions
- Benefits drivers by clearly defining where horses can be ridden and what precautions riders must take, reducing sudden encounters and allowing safer journey planning"
3139,"A vote to support this bill means you want to make it illegal to use devices that help drivers avoid speed cameras, traffic enforcement cameras, or other road safety detection equipment. If it passes, people who use or sell these anti-detection gadgets could face criminal charges and penalties."
3142,"[""- Improves road safety by removing unqualified or dangerous drivers from circulation, potentially reducing accidents and fatalities caused by unlicensed drivers"",""- Increases consequences for repeat offenders and those disqualified from driving, creating stronger deterrents against unlicensed driving"",""- Gives police and courts more enforcement tools (such as vehicle seizure) to tackle persistent offenders who ignore existing penalties"",""- Protects innocent road users and pedestrians from harm caused by drivers who haven't met legal safety standards or training requirements""]"
3145,"Voting to support this bill means you want to change the drink-drive limits set in the 1988 Road Traffic Act. If it passes, the legal alcohol limits for driving would be altered, which supporters believe would make roads safer by reducing accidents caused by drunk driving."
3152,"[""- Improves road safety by deterring dangerous cycling behaviours such as riding through red lights, cycling on pavements, or riding without lights at night, which can injure pedestrians and other road users"",""- Creates equality in accountability by making cyclists subject to the same traffic rules as motor vehicle drivers, removing the perception that cyclists operate without legal consequences"",""- Provides enforcement tools for police and local authorities to tackle problem cycling in urban areas where cyclist-related accidents and near-misses have increased"",""- Could generate revenue through fines that funds road safety initiatives, cycling infrastructure, or enforcement programmes""]"
3159,"- Reduces traffic congestion by requiring better planning and coordination between different organisations doing roadworks, so multiple crews aren't digging up the same road repeatedly within short timeframes
- Protects taxpayers by making companies liable for poor-quality repairs and delays, incentivising faster, more professional completion of essential infrastructure maintenance
- Improves public safety by enforcing stricter standards for roadwork sites, including better signage, barriers, and worker training to prevent accidents
- Allows residents and businesses to plan around roadworks more effectively through mandatory advance notification requirements, reducing unexpected disruption"
3161,"[""- Removes barriers to accessing services: Criminal records prevent rough sleepers from employment and housing. Decriminalisation removes this obstacle, allowing people to engage with support services, hostels, and job training without fear of prosecution."",""- Addresses root causes rather than symptoms: Criminalisation is costly and ineffective, people cycle through courts and prisons. This approach redirects resources toward evidence-based solutions like mental health treatment, addiction support, and permanent housing."",""- Reduces costs to the criminal justice system: Prosecuting rough sleepers is expensive. Police time, court proceedings, and incarceration cost taxpayers significantly. Resources could be redirected to housing support and prevention programmes."",""- Aligns with international evidence: Countries and regions that have decriminalised rough sleeping (like Portugal and some US cities) report better outcomes for individuals and lower public costs when combined with housing-first policies.""]"
3165,"[""- Establishes parliamentary oversight of an important military support organisation by requiring transparent reporting on how the Commissioner's role is defined and executed"",""- Identifies potential gaps or overlaps in the Commissioner's responsibilities, leading to more efficient operations and clearer chains of command within the Royal Fleet Auxiliary"",""- Ensures accountability by making public the scope of the Commissioner's authority, allowing informed scrutiny by MPs and the public about how this naval support service is governed"",""- Provides a formal foundation for future reforms by documenting the current remit in detail, making it easier to implement targeted improvements to the service""]"
3171,"[""- Strengthens judicial independence by ensuring courts can enforce their own decisions against government bodies that ignore rulings, preventing the state from circumventing legal judgments"",""- Creates clear legal consequences for public authorities that act outside their powers or breach statutory duties, improving transparency and reducing arbitrary decision-making by officials"",""- Protects citizens by establishing enforceable rights against unlawful government action, providing practical remedies when public services or authorities breach legal obligations"",""- Prevents erosion of constitutional protections by making it harder for government to bypass established law through administrative action or inaction""]"
3173,"Voting to support this bill means you think the government should develop a proper plan to tackle crime in rural areas. If it passes, the government would be required to create a strategy to address crimes like farm theft, fly-tipping, and rural antisocial behaviour that often go ignored."
3174,"- Establishes dedicated focus on rural crime problems that have been historically under-resourced, including organised farm theft, machinery theft, and rural fly-tipping that disproportionately affect farming communities. - Creates accountability by requiring government agencies and police forces to publish coordinated plans and progress reports, making it harder for rural policing needs to be overlooked or deprioritised. - Brings together multiple agencies (police, environment agencies, local authorities) under one framework, reducing gaps in response to cross-cutting issues like wildlife crime and rural antisocial behaviour. - Provides farmers and rural residents with transparency about what law enforcement will do to protect rural areas, improving public confidence in the police response to their specific concerns."
3176,"- Provides a substantial, one-time funding source for Ukraine without requiring additional UK taxpayer contributions, using Russian state resources to finance the conflict they initiated
- Holds Russia financially accountable for the invasion by making it bear material costs, creating consequences beyond diplomatic sanctions
- Accelerates Ukrainian reconstruction and aid delivery by providing immediate accessible funds rather than waiting for lengthy post-conflict settlement negotiations
- Sets a legal precedent that aggressive military invasion can result in asset forfeiture, potentially deterring future state aggression"
3183,"Voting to support this bill means you want banks to offer 'safety deposit current accounts' - a new type of account that combines everyday banking with extra protection for your money. If it passes, banks would be required to offer this option, giving people more choice and potentially better security for their savings."
3195,"[""- Protects fans from paying excessive markups on secondary ticket markets, where resellers often charge two, three, or more times the face value"",""- Prevents automated bots from bulk-buying tickets instantly, leaving none available for genuine supporters to purchase at face value"",""- Increases transparency by requiring resellers to disclose all fees upfront, so buyers know the true total cost before committing to purchase"",""- Maintains fair access to cultural and sporting events for ordinary people, rather than allowing wealthy buyers or professional resellers to monopolise availability""]"
3198,"Voting to support this bill means you want the Church of England to be allowed to conduct same-sex marriages if it chooses to. If it passes, churches that wish to can marry same-sex couples, giving them equal marriage rights within the Church."
3199,"Voting to support this bill means you want UK voters to have a referendum (a public vote) to decide whether same-sex marriage should be allowed. If it passes, the public would get a direct say on this issue rather than Parliament deciding alone."
3203,"Supporting this Act means helping people save money by giving them a government bonus. For every £1 a low-income person saves in a special account, the government adds extra money (usually 50p), which encourages people to build up emergency savings and improve their financial security."
3223,"Voting to support this bill means you want schools to offer gender-neutral uniform options so students can choose what they wear regardless of their gender. If it passes, schools would have to allow all students to wear items like trousers, skirts, or blazers based on personal choice rather than gender rules."
3228,"- Schools will be legally required to keep accurate allergy records and communicate this information to all relevant staff, reducing dangerous misunderstandings about which children need protection
- Staff training on allergy management becomes compulsory, ensuring adults can recognise anaphylaxis symptoms quickly and administer emergency medications before emergency services arrive
- Clear protocols for medication storage and access mean life-saving treatments are immediately available during emergencies, rather than locked away or inaccessible
- Consistent national standards across all schools remove the postcode lottery where allergy safety depends on individual school governance, protecting all vulnerable children equally"
3234,"- Provides early intervention: Mental health professionals in schools can identify and support struggling pupils before problems escalate, reducing pressure on overstretched NHS child and adolescent mental health services. - Removes stigma and access barriers: Students are more likely to seek help when services are embedded in their school environment, and no referral or waiting list is needed. - Ensures consistency: A statutory requirement would guarantee that all schools provide mental health support, closing the gap between well-resourced and under-resourced areas. - Improves educational outcomes: Research shows that addressing mental health issues in young people directly improves attendance, behaviour, and academic achievement."
3257,"Voting for this bill means you want to give more independence and financial security to schools that teach 16 to 19-year-olds (sixth forms and colleges). Supporters believe this will help these schools run better, make their own decisions, and improve education for older students."
3258,"[""- Protects students from unexpected school closures by requiring academies to maintain adequate financial reserves and contingency planning, reducing disruption to their education and university applications"",""- Improves transparency and accountability by mandating clearer financial reporting and governance structures, helping parents and students make informed choices about institutions"",""- Raises educational standards through consistent quality benchmarks across the sector, ensuring students receive comparable teaching quality regardless of which 16-19 academy they attend"",""- Strengthens public confidence in the academy model by demonstrating that government takes oversight seriously, potentially improving recruitment and retention of both staff and students""]"
3264,"Voting to support this bill means you want self-employed people to be exempt from certain risk assessments. If it passes, self-employed workers would not have to undergo these assessments, which supporters say will reduce paperwork and costs for small business owners."
3273,"Voting to support this bill means you think the sentencing system should be changed for women offenders. If it passes, courts would have more options to give women different sentences, possibly focusing on rehabilitation or community-based punishments instead of prison for less serious crimes."
3274,"- Allows the government to respond quickly to public concerns about sentencing in specific crimes (such as violent offences or sexual abuse) without waiting for lengthy independent reviews
- Gives elected politicians direct accountability for sentencing policy, since voters can hold them responsible at elections, whereas the independent Sentencing Council is not directly accountable to the public
- Enables more consistent sentencing policy aligned with the government's broader criminal justice priorities and public safety goals
- Allows rapid adjustments to sentencing guidelines when crime patterns change or new types of offences emerge that require urgent attention"
3276,"[""- Ensures greater consistency in sentencing by requiring judges to apply standardised guidelines when considering pre-sentence reports, reducing the postcode lottery where similar offenders receive vastly different sentences in different courts"",""- Enables more effective rehabilitation by encouraging courts to consider relevant personal circumstances and risk factors documented in PSRs, potentially leading to sentences better tailored to reduce reoffending"",""- Improves public confidence in the justice system by making sentencing decisions more transparent and principled, as judges must follow clear guidelines rather than exercising wholly discretionary judgment"",""- Streamlines court processes by providing clear frameworks for how PSRs should be weighted in sentencing, reducing delays and making the system more efficient for courts, probation services, and defendants""]"
3285,"Voting to support this bill means backing changes to how sex and relationships education is taught in schools. If it passes, it would update the curriculum requirements for what teachers must cover in these lessons, potentially making the content more comprehensive or age-appropriate."
3303,"Voting for this bill means you want holiday let owners (people who rent out their homes short-term on sites like Airbnb) to tell their local council about their properties. Supporters believe this helps councils track which homes are being used as holiday lets, so they can better manage housing shortages and ensure safety standards are met."
3304,"Voting for this bill means you think councils should know about holiday rental properties in their area. Supporters believe it will help councils understand housing problems, collect data, and ensure short-term rentals don't damage neighbourhoods or reduce the number of homes available for people to live in permanently."
3305,"Voting to support this bill means you want short-term and holiday rental properties (like Airbnb) to be registered on an official list. Supporters believe this will help councils track these properties, ensure safety standards are met, and reduce the shortage of long-term rental homes in local communities."
3308,"[""- Protects the long-term rental market by preventing residential properties from being converted into full-time holiday lets, helping keep housing available and affordable for permanent residents"",""- Ensures safety standards are met in short-term rentals through mandatory registration and inspections, protecting guests from substandard or unsafe accommodation"",""- Increases tax revenue by requiring short-term let operators to register and properly report income, closing loopholes where landlords previously avoided tax obligations"",""- Reduces anti-social behaviour and neighbourhood disruption by limiting the number of short-term rentals in residential areas and holding landlords accountable for guest conduct""]"
3309,"- Enables councils to identify unlicensed short-term rental properties and enforce existing planning laws that may restrict commercial letting in residential areas
- Helps address housing shortages by preventing landlords from converting long-term rental properties into short-term lets, keeping properties available for permanent residents
- Reduces tax evasion by providing authorities with accurate data on rental income that hosts must declare to HMRC
- Protects neighbourhood amenity by allowing councils to monitor and tackle anti-social behaviour, noise complaints, and excessive turnover of guests in residential streets"
3310,"[""- Protects long-term housing supply by preventing landlords from converting residential properties into short-term lets, which could ease pressure on rental markets and housing availability in tight markets"",""- Gives local councils and communities democratic control over how their neighbourhoods develop, rather than allowing conversion by permitted development rights that bypass planning consultation"",""- Reduces nuisance and anti-social behaviour by allowing councils to refuse permission for short-term lets in residential areas, protecting the quality of life for permanent residents"",""- Preserves the character of residential streets and neighbourhoods by preventing clustering of tourist accommodation that can turn residential areas into transient tourist zones""]"
3311,"[""- Prevents serious occupational diseases: Crystalline silica exposure causes silicosis, which is irreversible and often fatal; stricter limits directly reduce incidence of this and related lung diseases"",""- Protects vulnerable workers: Construction workers, stonemasons, and foundry workers face high exposure; this bill ensures consistent safety standards across all employers in these sectors"",""- Reduces NHS burden and costs: Preventing silica-related diseases reduces long-term healthcare costs and avoids expensive treatment for advanced lung conditions"",""- Aligns with international standards: Many developed nations have implemented strict silica controls; this bill brings UK standards in line with equivalent protections elsewhere""]"
3316,"Voting to support this bill means you want the government to help small and medium-sized co-operatives grow and succeed. If it passes, these businesses (which are owned and run by their members together) would get better access to funding, training, and support to start up and expand."
3324,"Supporting this Act means backing the rollout of smart meters across the UK. Smart meters help people see their energy use in real-time, potentially saving money on bills and helping the environment by reducing energy waste."
3328,"Voting to support this bill means you want smoking bans to apply to private members' clubs (like golf clubs or social clubs). If it passes, these clubs would have to follow the same no-smoking rules as public places like pubs and restaurants, protecting staff and visitors from secondhand smoke."
3336,"Voting to support this bill means you want social care to be more portable - so if someone moves house or changes care provider, their care package and funding moves with them smoothly. If it passes, people won't have to restart applications or lose their place in care queues when they move."
3343,"[""- Enables faster investigation of serious crimes including child sexual abuse material (CSAM), human trafficking, and terrorism by allowing law enforcement direct access to evidence on social media platforms without lengthy legal delays"",""- Protects vulnerable users, particularly children, by giving authorities the ability to identify predators and intervene quickly in grooming or exploitation cases happening on encrypted platforms"",""- Closes a perceived gap in law enforcement capability where criminals can hide activity behind encryption, while other communication methods (phone records, emails) remain subject to court-ordered access"",""- Creates accountability for tech companies by establishing clear legal obligations and penalties, preventing platforms from claiming helplessness when asked to assist legitimate criminal investigations""]"
3352,"A vote to support this bill means you think the government should help people on benefits afford healthier food. If it passes, it could provide extra money or vouchers for nutritious meals, helping people improve their health and reduce diet-related illnesses."
3353,"Voting to support this bill means you want to help people on benefits afford healthier food. If it passes, the government would likely provide extra money or vouchers to help low-income families buy fresh fruit, vegetables, and other nutritious foods instead of cheaper, less healthy options."
3361,"- Strengthens UK competitiveness: Indemnities make British space companies cost-competitive with rivals in the US, Europe, and China, where similar government protections already exist, helping the UK capture a larger share of the growing global space economy. - Stimulates investment and jobs: Reduced liability costs and government backing attract private investment into UK space ventures, creating high-skilled manufacturing and engineering jobs across the country. - Enables ambitious projects: Companies can undertake ambitious missions (satellite launches, space tourism, orbital manufacturing) that would be too expensive or risky without indemnity protection, driving technological innovation. - Establishes clear rules: The Act provides legal certainty about when government covers liability, allowing companies and insurers to plan with confidence rather than facing unpredictable risk."
3363,"[""- Teachers receive proper training to identify and support neurodivergent and disabled students early, improving outcomes and reducing the need for later specialist interventions"",""- Consistent, quality training standards across all schools means SEND students receive equitable support regardless of which school they attend or their postcode"",""- Schools become more inclusive environments where disabled children learn alongside peers, promoting social integration and reducing segregation in specialist schools"",""- Better-trained staff reduces behavioral incidents linked to unmet needs and creates safer, more accessible classrooms for all students""]"
3364,"- Ensures more public funding reaches actual educational provision and student support rather than shareholder dividends, improving quality of SEND services for vulnerable children. - Prevents private providers from exploiting the SEND market, where families often have limited alternatives and local authorities have legal obligations to fund placements. - Reduces the escalating costs to local authority budgets, which have faced severe strain from rising SEND provision costs, freeing resources for other services. - Maintains a sustainable private SEND sector by allowing reasonable profits while preventing the unsustainable cost inflation that can force authorities to use fewer, more expensive providers."
3367,"[""- Creates a dedicated senior diplomat focused specifically on religious freedom, ensuring this human rights issue receives consistent political attention and resources rather than being sidelined within broader foreign policy"",""- Provides practical diplomatic intervention for persecuted religious minorities globally, enabling the UK to coordinate responses to religious persecution in specific countries and advocate for prisoners of conscience"",""- Strengthens UK soft power and moral authority by positioning Britain as a principled defender of religious pluralism and human rights, enhancing relationships with countries that value these freedoms"",""- Delivers concrete accountability through mandatory reporting on religious freedom violations worldwide, creating documented evidence of abuses that can inform UK foreign policy decisions and international advocacy""]"
3385,"Supporting this Act means backing a fairer tax system for property purchases. It replaced the old stamp duty with a new version that charges tax on different amounts based on the property price, so first-time buyers and those buying cheaper homes pay less tax."
3390,"[""- Provides a faster, more flexible legal mechanism to counter hostile state interference than waiting for individual prosecutions or formal diplomatic sanctions, which can take years"",""- Closes a legal gap: the UK can currently ban terrorist organizations but lacks equivalent powers for state actors conducting espionage, election interference, or supporting insurgencies"",""- Deters hostile state activity by creating clear legal consequences for British citizens, businesses, and organizations that knowingly engage with proscribed state actors"",""- Enhances national security by allowing authorities to prevent funding flows, disrupts networks supporting state-sponsored interference, and signals unified UK opposition to specific harmful state activities""]"
3394,"[""- Creates independent oversight of police and state deaths, reducing conflicts of interest where police investigate police, and establishing public confidence through transparent, impartial investigation processes"",""- Provides grieving families with a dedicated mechanism to challenge investigations and access information, preventing cases from being closed without proper scrutiny or answers"",""- Establishes consistent national standards for investigating state-related deaths, preventing local variations and ensuring equal protection regardless of where someone dies in state custody"",""- Enables systematic pattern-spotting across multiple cases, identifying whether particular police forces, prisons, or agencies have disproportionate death rates or problematic practices requiring intervention""]"
3400,"[""- Self-employed parents currently face financial hardship when adopting, as they have no paid leave entitlement, creating inequality compared to employed parents who receive up to 39 weeks of Statutory Adoption Pay."",""- A formal government report would provide evidence-based analysis of how extension could work, including costs to the exchequer and different policy models, informing future legislative decisions."",""- Extending SAP would support adoption rates among self-employed individuals, including freelancers, contractors, and business owners, potentially increasing the pool of prospective adoptive parents."",""- The self-employed population has grown significantly in the UK; excluding them from adoption support represents a gap in social policy for a substantial portion of the workforce.""]"
3401,"[""- Strengthens democratic accountability by giving Parliament more time to review and challenge statutory instruments before they become law, rather than rubber-stamping government decisions"",""- Reduces the risk of poorly-drafted or unintended regulations reaching the statute book by requiring more rigorous scrutiny and allowing MPs/Peers to properly examine technical details"",""- Enhances transparency by making the process for creating delegated legislation clearer and more accessible to citizens and interest groups affected by these rules"",""- Prevents governments from bypassing Parliament by using statutory instruments for major policy changes that arguably should require full parliamentary debate and approval""]"
3403,"- Increases democratic accountability by requiring greater parliamentary scrutiny of regulations before they take effect, reducing the risk of poorly considered or controversial rules being implemented without debate
- Improves public access to statutory instruments through digital publication requirements and clearer indexing, making it easier for citizens and businesses to understand which regulations apply to them
- Streamlines the legislative process by clarifying procedures and reducing bureaucratic delays, allowing urgent regulations (such as public health measures) to be implemented more quickly when necessary
- Strengthens the role of Parliament's Joint Committee on Statutory Instruments, giving it better powers to review proposed regulations and recommend amendments or rejection"
3406,"[""- Protects thousands of jobs in steel manufacturing and related supply chain industries, particularly in economically dependent regions like South Wales, the Midlands, and North East England"",""- Ensures domestic steel production capacity remains available for critical sectors including construction, automotive, defence, and infrastructure, reducing reliance on foreign imports that may face supply disruptions"",""- Provides financial support through subsidies or tax breaks that improve the competitiveness of UK steelmakers against subsidised foreign competitors, particularly from China and India"",""- Prevents the permanent loss of industrial expertise, skilled workforces, and manufacturing infrastructure that cannot be quickly rebuilt if plants close""]"
3408,"- Allows parents who experience loss before 24 weeks to have their baby formally recognised and registered, providing legal acknowledgment and memorial options currently unavailable. - Enables bereaved parents to access bereavement support services and counselling specifically designed for stillbirth, which may differ from miscarriage support. - Creates more accurate statistics on pregnancy loss by capturing earlier losses, potentially revealing patterns that improve maternal healthcare and prevent future losses. - Provides consistency with some other countries' definitions and recognises that significant emotional and physical trauma can occur from early losses."
3413,"[""- Protects freedom of speech and the right to protest by making it riskier and more costly for powerful parties to launch legal threats against critics, journalists, and campaigners"",""- Reduces the 'chilling effect' where people self-censor legitimate public comment out of fear of expensive litigation, even if they would ultimately win"",""- Provides an early dismissal mechanism so defendants can escape abusive cases quickly without spending months or years in court, reducing legal costs for ordinary people"",""- Strengthens accountability by making it easier to expose wrongdoing through public interest journalism and whistleblowing without fear of retaliatory lawsuits""]"
3416,"[""- Reduces street congestion and public inconvenience by incentivising utility companies to plan works properly, obtain necessary permits, and complete jobs efficiently rather than leaving roads damaged or blocked"",""- Improves road quality and safety by penalising poor workmanship, encouraging companies to reinstate surfaces correctly and maintain standards that protect drivers and pedestrians"",""- Creates fairer cost allocation by making utility companies financially responsible for the disruption and damage they cause, rather than passing these costs to local authorities or taxpayers"",""- Generates revenue that can fund road repairs and maintenance in communities affected by street works, or compensate residents and businesses for documented losses from disrupted access or poor quality work""]"
3420,"[""- Provides relief to graduates struggling with long repayment periods: a review could extend timescales, reducing monthly payments and making loans more affordable for lower-earning borrowers"",""- Addresses inequities between different student loan cohorts: graduates from different years face vastly different repayment terms, and a review could standardise fairer conditions across generations"",""- Improves economic participation: lower monthly repayments would free up income for young people to spend on housing, starting families, or investing in their local economies"",""- Responds to changing circumstances: wage stagnation and cost-of-living increases since loans were introduced mean original repayment schedules may no longer be realistic or proportionate""]"
3464,"[""- Prevents service disruption: Allows essential public services like the NHS, schools, and welfare payments to continue operating without interruption while Parliament debates the main budget"",""- Enables flexible resource management: Permits the government to reallocate funds between departments to respond to urgent priorities or unforeseen circumstances without waiting for full parliamentary approval"",""- Streamlines parliamentary procedure: Avoids the need for multiple separate bills by consolidating anticipation and adjustment powers into one measure, saving parliamentary time"",""- Standard constitutional practice: This is a routine annual procedure used by all governments to bridge the gap between the end of one financial year and Parliament's approval of spending for the next""]"
3466,"[""- Prevents disruption to critical public services: Without this bill, the NHS, schools, police, and other essential services could face funding gaps and operational shutdowns during the transition between financial years, affecting vulnerable citizens who depend on continuous care."",""- Enables flexible response to emergencies: Allows the government to rapidly reallocate funds to address unforeseen events (natural disasters, security threats, pandemics) without waiting for a new full budget approval, protecting public safety."",""- Reduces administrative inefficiency: Avoids the need for temporary 'continuing resolutions' or emergency votes, streamlining the parliamentary process and reducing delays that could harm government operations and economic planning."",""- Maintains fiscal continuity: Ensures pension payments, benefit payments, and debt servicing continue without interruption, protecting individuals relying on state support and maintaining the UK's financial credibility.""]"
3467,"Supporting this Act means approving the government's spending plans for the 2011-12 financial year. It allows public services like the NHS, schools, and defence to receive the money they need to operate and deliver services to citizens."
3468,"Supporting this Act means allowing the government to spend money on public services like the NHS, schools, and defence for the 2012-13 financial year. It ensures essential services can continue running and pay their staff and bills."
3471,"Supporting this Act means approving the government's spending plans for the 2015-16 financial year. It allows essential public services like the NHS, schools, and defence to actually receive the money Parliament has agreed they need to operate."
3474,"Supporting this Act means approving the government's spending plans for 2017-18. It allows public services like the NHS, schools, and defence to receive the money they need to operate and serve the public."
3479,"[""- Enables essential public services to operate: approving the Main Estimates allows the NHS to pay staff, schools to remain open, and social security payments to reach vulnerable people without interruption."",""- Provides parliamentary scrutiny of spending: MPs debate and vote on departmental budgets, ensuring government spending is transparent and accountable to elected representatives rather than decided by ministers alone."",""- Allows planned investment in priorities: the bill funds government commitments such as defence spending, infrastructure projects, and public sector pay awards that were announced in earlier budgets."",""- Maintains fiscal discipline: the bill includes spending limits and requires departments to justify their budget requests, preventing unlimited government expenditure.""]"
3480,"- Enables essential public services to function: NHS hospitals, schools, armed forces, and social care cannot operate without authorized spending, making this bill a necessary procedural requirement for maintaining these services. - Allows Parliament to scrutinize departmental spending: MPs debate and vote on how billions in public money are allocated, providing democratic oversight of government finances. - Provides flexibility for responding to emergencies: The bill allows the Treasury to adjust spending if unexpected events occur (natural disasters, security threats), without requiring a full new bill. - Confirms transparent budget planning: Publishing Main Estimates shows citizens and Parliament exactly how much each department plans to spend and on what, promoting accountability."
3485,"Voting to support this bill means you want Parliament to pass laws that improve how information about infant care and parental support is shared with parents and carers. If it passes, the government would be required to provide clearer, better-organised information about services like health checks, financial help, and childcare support."
3486,"- Closes the information gap: Many parents miss out on vital services (health visitors, Sure Start centres, mental health support) simply because they don't know these services exist or how to access them; better information directly addresses this.
- Improves early intervention: When parents can easily find support for postnatal depression, infant feeding issues, or parenting challenges, problems can be identified and addressed earlier, improving outcomes for both infants and parents.
- Reduces inequality: Better-informed access to existing support helps lower-income families and disadvantaged groups who are less likely to discover services through informal networks, making support more fairly distributed.
- Cost-effective solution: Improving awareness of existing services requires minimal new spending compared to creating new services, while still delivering real benefits by helping people access what's already available."
3493,"Voting to support this bill means you think surrogate parents (people who carry a baby for someone else) should get the same workplace rights as other parents. If it passes, surrogates would be entitled to maternity leave, pay during that leave, and other financial support - protecting their job and income during and after pregnancy."
3495,"Voting for this bill means you want the government to create a long-term plan to make farming more sustainable and environmentally friendly. If it passes, the government would need to develop strategies to help livestock farmers produce food in ways that protect the environment, reduce pollution, and ensure farming can continue for future generations."
3496,"[""- Reduces aviation's carbon footprint: Aviation accounts for roughly 2-3% of global emissions; SAF can cut lifecycle emissions by up to 80% compared to conventional jet fuel, helping the UK meet its net-zero 2050 commitment."",""- Creates UK jobs and industry: Mandating SAF demand encourages domestic production facilities, supporting manufacturing, engineering, and supply chain jobs in renewable energy sectors."",""- Improves air quality: SAF produces fewer particulates and nitrogen oxides during combustion, reducing local air pollution near airports and benefiting communities living nearby."",""- Strengthens energy independence: Developing domestic SAF production reduces reliance on imported fossil fuels and insulates the UK from volatile global oil prices.""]"
3497,"Supporting this Act means backing efforts to help communities become more sustainable and self-sufficient. It gives local councils and communities more power to decide what they need for their areas, such as better housing, transport, and public services that work for local people."
3499,"Supporting this Act means backing changes that help local communities become more sustainable and self-sufficient. It gives local councils and communities more power to make decisions about their own areas, such as housing, transport, and local services, rather than having everything controlled from central government."
3511,"- Improves value for money: Tax reliefs cost the Treasury billions annually; systematic evaluation ensures public money is spent on measures that genuinely work rather than maintaining ineffective or redundant schemes.
- Increases transparency and accountability: Parliament and the public will have clear evidence about what tax reliefs cost and what they achieve, rather than relying on assumptions or outdated information.
- Enables better policy decisions: By measuring actual outcomes (jobs created, investment generated, behaviour changed), the government can redesign or scrap failing reliefs and redirect funding to more effective measures.
- Reduces business uncertainty: Clear evaluation criteria help companies understand which reliefs are stable long-term investments versus those likely to be withdrawn, improving planning and investment decisions."
3523,"Supporting this Act means backing better technical and vocational training for young people and adults. It aims to create more practical, job-focused courses so people can learn skills that employers actually need, rather than only following traditional academic routes."
3542,"[""- Protects patients from unnecessary suffering in their final days by ensuring doctors can prescribe adequate pain relief without fear of prosecution for unintended life-shortening side effects"",""- Provides legal clarity for medical professionals, removing uncertainty that may cause them to under-treat pain and suffering in terminally ill patients due to liability concerns"",""- Aligns with established medical ethics principles (the doctrine of double effect) that distinguish between intentionally killing and providing necessary treatment with foreseen but unintended consequences"",""- Recognises dignity in end-of-life care by allowing patients and doctors to prioritise comfort and quality of remaining life over marginally extended survival with severe pain""]"
3544,"[""- Respects individual autonomy by allowing terminally ill adults with decision-making capacity to control how and when they die, rather than facing prolonged suffering"",""- Includes robust safeguards such as two independent doctor assessments, a 14-day reflection period, and a High Court judge review to prevent abuse or pressure on vulnerable people"",""- Provides clarity and legal protection for patients and doctors, replacing the current legal uncertainty where some terminally ill people attempt dangerous methods or travel abroad for assistance"",""- Focuses narrowly on terminal illness with a six-month prognosis, meaning it would not apply to chronic conditions, disability, or mental health issues, limiting scope to genuinely end-of-life situations""]"
3551,"[""- Reduces terrorist attack casualties by creating physical barriers and security protocols at major public gathering points, protecting hundreds or thousands of people simultaneously"",""- Provides clear, consistent security standards across the country rather than relying on voluntary measures, ensuring comprehensive coverage regardless of premises owner resources or commitment"",""- Allows authorities to close dangerous security gaps quickly through enforcement powers, rather than waiting for voluntary compliance or relying on public awareness campaigns"",""- Protects staff and businesses from liability by establishing baseline legal requirements, operators can demonstrate they met their duty of care if they comply with the act's standards""]"
3552,"Supporters believe this Act helps keep the UK safe by allowing authorities to monitor and restrict people suspected of terrorism-related activity, even when there isn't enough evidence for a criminal conviction. It enables the government to take quick action to prevent potential attacks before they happen."
3560,"[""- Protects vulnerable workers: Self-employed and small-business tradespeople often cannot afford to replace stolen tools quickly, causing immediate loss of income and potential business failure, so increased penalties deter this specific harm"",""- Recognises disproportionate impact: While a drill might have a £200 resale value triggering minimal sentencing, its theft prevents a plumber from earning £500+ per day, so sentencing based on street value doesn't reflect actual damage"",""- Reduces repeat offending: Tougher sentences for tool theft may deter organised gangs who systematically target trade vehicles and sites, reducing the prevalence of this crime that costs workers and businesses millions annually"",""- Supports economic participation: Enabling tradespeople to work safely without losing tools encourages skilled workers to remain in the trades sector, supporting apprenticeships and addressing labour shortages""]"
3572,"- Protecting young people from nicotine addiction by preventing access to vapes that use appealing flavours and marketing, addressing a significant rise in teenage vaping in recent years
- Reducing smoking-related deaths and illnesses (currently causing over 80,000 deaths annually in the UK) by making tobacco progressively less accessible to younger generations
- Decreasing NHS costs associated with treating smoking-related diseases like lung cancer, heart disease, and COPD, freeing resources for other healthcare priorities
- Creating a smoke-free generation through the age-of-sale increases, with evidence from comparable countries showing this approach effectively reduces future smoking prevalence"
3574,"Voting to support this bill means you believe tobacco manufacturers should be responsible for cleaning up cigarette waste and reducing smoking-related litter. If it passes, tobacco companies would have to pay for collection and disposal of cigarette butts and packaging, and fund anti-smoking campaigns."
3585,"Voting to support this bill means you want to make it easier to build electricity-generating facilities (like solar farms or wind turbines) without needing as much planning permission. If it passes, renewable energy projects could be built faster, which supporters say will help the UK meet its climate targets and reduce energy costs."
3586,Voting to support this bill means you want to make it easier to build electricity-generating facilities (like power plants or large solar farms) without needing as much planning permission from local councils. Supporters believe this will help the UK produce more energy quickly and meet climate goals.
3595,"- Protects NHS independence: Prevents foreign companies from using trade agreements to demand access to NHS contracts, which could gradually shift healthcare provision to private operators and reduce public control over the health service.
- Maintains healthcare as a public good: Ensures the NHS remains focused on treating patients based on need rather than profit, protecting the founding principle that healthcare should be free at point of use.
- Prevents American-style healthcare pressure: Stops trade deals (particularly with the US) from creating pressure to adopt market-based healthcare practices and allows private insurers to compete for NHS services.
- Protects NHS data and intellectual property: Prevents trade agreements from allowing foreign companies to exploit NHS research, patient data, or pharmaceutical decisions for commercial gain."
3608,"Voting to support this bill means you want greater transparency and accountability regarding the UK's relationship with the European Union. If it passes, the bill would likely require the government to publish more information about EU-related decisions, negotiations, and spending so that parliament and the public can scrutinise these activities more effectively."
3615,"- Enables better connections between transport networks: requiring cooperation means bus, train, and local services can be properly integrated so passengers can travel smoothly across council and regional boundaries without service gaps
- Reduces duplication and waste: authorities working together can identify and eliminate overlapping services, reducing costs to councils and taxpayers while improving overall coverage
- Improves journey information and ticketing: cooperation requirements enable shared journey planning apps and integrated ticketing systems (like contactless payment across different operators), making travel easier and more convenient
- Helps achieve net-zero transport goals: coordinated planning allows authorities to jointly invest in electric vehicles, cycling infrastructure, and public transport alternatives, delivering climate targets more cost-effectively than isolated efforts"
3618,"[""- Reduces transport costs for vulnerable or lower-income Londoners, enabling better access to employment, healthcare, education, and social services across the capital"",""- Encourages greater use of public transport by making it more affordable, potentially reducing car dependency, congestion, and carbon emissions in London"",""- Supports social inclusion by ensuring elderly, disabled, and young people can afford to travel and participate fully in London's economic and cultural life"",""- Improves TfL's ability to meet sustainable transport targets and government commitments to accessibility and equality by removing financial barriers to public transport use""]"
3623,"[""- Allows individuals facing unbearable suffering from terminal conditions to exercise personal autonomy and control over their own death, rather than being forced to endure prolonged pain against their wishes"",""- Provides robust legal safeguards including requirements for two independent doctors' assessments, a 14-day waiting period, and capacity evaluations to prevent abuse and protect vulnerable people"",""- Brings UK law in line with countries like Canada, Netherlands, and Belgium where similar legislation operates without evidence of widespread misuse, while also providing clarity and oversight currently absent from existing practice"",""- Reduces the need for patients to pursue dangerous alternatives or travel abroad for assistance, bringing the process into the open medical system where it can be properly regulated and monitored""]"
3639,"[""- Reduces trade friction and customs delays: A customs union would eliminate customs checks and paperwork between UK and EU borders, significantly speeding up goods movement and reducing costs for businesses importing and exporting across the Channel"",""- Protects UK manufacturing and jobs: Membership would lower tariffs and regulatory barriers, making UK goods more competitive in the EU market and potentially protecting manufacturing jobs that depend on frictionless trade with Europe"",""- Simplifies supply chains: Businesses with supply chains spanning the UK and EU would face fewer administrative requirements and delays, reducing costs passed on to consumers and improving business efficiency"",""- Supports post-Brexit economic recovery: Countries with closer trade relationships typically experience greater economic growth; this bill aims to reverse some post-Brexit trade costs estimated at billions of pounds annually""]"
3640,"- Parliament retains democratic control over major trade decisions that affect the entire country, rather than allowing the executive branch to act unilaterally
- MPs can scrutinise the terms of US agreements in detail, protecting British workers, consumers, and industries (such as the NHS, agriculture, or food standards) from unfavourable deals
- The process prevents concerns about 'secret negotiations' by requiring transparency and allowing public debate before commitments are made
- It aligns the UK with how other democracies handle major trade agreements, where legislatures typically vote on such significant economic commitments"
3642,"Voting to support this bill means you believe unaccompanied asylum-seeking children should have better access to legal advice and help with appeals. If it passes, it would make it easier for these vulnerable young people to understand their rights and challenge decisions about their asylum claims in court."
3643,"Voting to support this bill means you believe unaccompanied asylum-seeking children should have better access to legal advice and help with appeals. If it passes, more children arriving in the UK alone would get proper legal representation to help them present their asylum cases fairly."
3644,"Voting to support this bill means you want unaccompanied asylum-seeking children (young people without parents or guardians seeking refuge in the UK) to have better access to legal advice and help with appeals. If it passes, these children would be guaranteed proper legal representation to help them understand their rights and challenge decisions about their asylum cases."
3648,"[""- Enhances public safety by reducing security risks associated with unknown individuals accessing stadium areas, including restricted zones near players and officials"",""- Protects legitimate ticket-holders by preventing non-paying spectators from occupying seats or standing areas, ensuring those who paid can access the match experience they purchased"",""- Gives stewards and security staff clearer legal backing to remove disruptive individuals quickly, reducing time spent managing unauthorised entry incidents during matches"",""- Tackles ticket fraud and touting by creating specific offences for using counterfeit or fraudulently obtained tickets, directing revenue toward legitimate clubs rather than criminal networks""]"
3652,"Voting to support this bill means you want to add exemptions to the under-occupancy penalty (sometimes called the 'bedroom tax'). If it passes, certain groups of people would no longer face reduced housing benefits, even if they have spare bedrooms in their council homes."
3653,"Voting to support this bill means you want Parliament to investigate and publish a report about the 'bedroom tax' (under-occupancy penalty). Supporters believe we need clear evidence about how this policy affects people's lives, housing costs, and whether it's working as intended."
3654,A vote to support this bill means you want Parliament to produce a report examining the 'bedroom tax' (under-occupancy penalty) - a policy that reduces housing benefit for people with spare bedrooms. Supporters believe this report would provide important evidence about how this policy affects people's lives and help inform future decisions.
3655,"Voting to support this bill means you want Parliament to investigate and report on the 'under-occupancy penalty' (also called the 'bedroom tax'). Supporters believe the government should examine how this policy affects people on housing benefits, such as those with spare bedrooms."
3672,"[""- Strengthens parliamentary democracy by giving elected MPs meaningful oversight of foreign military activities on UK territory, rather than leaving such decisions solely to the executive branch"",""- Protects UK sovereignty by establishing clear mechanisms for Parliament to review, question, or withdraw consent for US operations, ensuring Britain maintains control over its own airspace and borders"",""- Increases transparency by requiring advance notice of significant US military or security operations, allowing Parliament and the public to understand the nature and extent of US military presence in Britain"",""- Prevents potential harm to British civilians and infrastructure by enabling Parliament to scrutinise and potentially restrict operations that could pose risks, particularly in populated areas""]"
3673,"[""- Provides legal clarity and stability by putting Universal Credit rules into primary legislation rather than relying on regulations, making the system more transparent and harder to change without parliamentary scrutiny"",""- Could introduce modernised work incentives and support for claimants entering employment, potentially improving earnings disregards or transition support to make work pay better"",""- May streamline administration and reduce bureaucratic barriers, allowing faster claim processing and improved digital services for the 5+ million households currently receiving Universal Credit"",""- Establishes a clear statutory framework that protects claimants' rights by requiring parliamentary approval for significant changes to benefit rules""]"
3675,"[""- Reduces public spending on welfare benefits by limiting eligibility to British citizens, potentially freeing resources for other public services or reducing the tax burden on UK taxpayers"",""- Prioritises support for British citizens who have contributed through taxes and national insurance, ensuring the welfare system serves those with the strongest connection to the UK"",""- May reduce incentives for migration driven primarily by access to welfare benefits, potentially affecting net migration figures and public service pressures in high-demand areas"",""- Aligns welfare policy with immigration policy by ensuring only those with settled status or citizenship access means-tested support, creating clearer eligibility criteria""]"
3677,"[""- Reduces child poverty in larger families by providing financial support for all children, not just the first two, helping to meet basic needs like food, clothing, and housing"",""- Removes a policy that critics argue penalises families for having children and contradicts the principle of supporting all children equally regardless of family size"",""- Addresses the particular financial strain on low-income families with three or more children, who currently face a significant 'cliff edge' in support when a third child is born"",""- Improves outcomes for children's health, education, and development by increasing household income in families that would benefit from additional support""]"
3678,"[""- Care leavers face exceptional financial vulnerability because they lose state support at 18 without family safety nets, making the current reduced allowance (approximately £40 per week less) genuinely hardship-inducing"",""- Research shows care leavers have higher rates of homelessness, unemployment, and mental health problems; adequate income support could help break these cycles and improve long-term outcomes"",""- The measure recognizes a specific injustice: care leavers are treated as 'young people' for benefit purposes despite having no parental financial support, unlike other 18-21 year-olds who typically have family backing"",""- The cost is relatively modest compared to broader welfare spending, making this a cost-effective targeted intervention for a small population (approximately 12,000 per year)""]"
3682,"Voting to support this bill means you want to protect people on zero hours contracts from losing their Universal Credit benefits due to sanctions. If it passes, people with unpredictable work schedules would face fewer penalties for not meeting job-search requirements, since their working hours are beyond their control."
3684,"Voting to support this bill means you believe UK courts should be able to prosecute serious crimes (like war crimes or crimes against humanity) even when they happen abroad and involve non-British people. If it passes, British judges could have the power to try these cases, helping bring justice for victims worldwide."
3688,"- Unpaid carers often experience severe health problems due to stress and isolation; guaranteed respite care would allow them essential breaks to recover and maintain their own wellbeing. - The bill establishes a legal entitlement to support rather than relying on charity or variable local provision, ensuring consistency across all UK regions. - Relieving carer burden through professional respite services would reduce pressure on NHS services by preventing carer health crises and hospitalizations. - Enhanced support recognition could enable more unpaid carers to remain in employment or education, reducing economic dependency and maintaining their own financial security and career prospects."
3693,"Voting for this bill means you want to make unpaid work experience illegal in the UK. If it passes, companies and organisations would no longer be allowed to offer work placements where people work without being paid, ensuring young people and job-seekers get paid fairly for their labour."
3701,"Voting to support this bill means you think there should be legal limits on who can use powered wheelchairs - based on their weight and age. If it passes, it would set these limits into law, which supporters believe could improve safety or manage access to these mobility devices."
3703,"[""- Revitalises high streets and town centres by activating empty shops and buildings, which can attract investment and foot traffic to struggling areas"",""- Provides affordable space for small businesses, social enterprises, and community organisations without the cost of commercial rent, supporting local entrepreneurship"",""- Reduces anti-social behaviour and crime associated with boarded-up properties, improving public perception and safety in town centres"",""- Generates community engagement and cultural activity (markets, galleries, workshops) that benefits residents and can lead to permanent business opportunities""]"
3704,Voting to support this bill means you want Parliament to review and update the Vaccine Damage Payments Act - the law that compensates people who have suffered serious injuries from vaccines. Supporters believe the current system needs modernizing to better help affected individuals and their families.
3705,"- Recognises that vaccine injury, though rare, does occur and affected individuals deserve fair compensation without lengthy legal battles or financial hardship. - Allows the payment threshold (frozen at £120,000 since 2009) to be reviewed and potentially increased to reflect inflation and true costs of living with serious disability. - Modernises eligibility criteria and evidence standards to reflect current medical science, potentially helping people with conditions now recognised as vaccine-related but previously dismissed. - Streamlines claims processes to reduce bureaucracy and make it easier for genuinely injured people to access support they are entitled to."
3709,"Voting to support this bill means you want it to become law. If it passes, it would make changes to how Value Added Tax (VAT) works in the UK - this is a tax added to most goods and services when you buy them. The changes could affect prices, businesses, or how the tax is collected."
3714,"[""- Reduces vehicle fraud by establishing mandatory procedures for document transfer, making it harder for criminals to sell stolen or illegally-owned vehicles"",""- Protects buyers by ensuring sellers properly notify the DVLA of the sale, reducing cases where new owners are held liable for previous owner's traffic fines or unpaid vehicle tax"",""- Streamlines the buying process by creating clear, legally-binding steps that both parties must follow, reducing disputes and confusion about who owns the vehicle at each stage"",""- Improves DVLA record accuracy by requiring documented proof of sale, ensuring the registration database correctly reflects current ownership and reducing administrative errors""]"
3716,"[""- Deters traffic law evasion: Increased penalties make it riskier for drivers to obscure plates to avoid speed cameras, congestion charges, or parking enforcement, improving road safety and compliance"",""- Tackles serious crime: Registration mark fraud is frequently used in connection with vehicle theft, organized crime, and fly-tipping; stronger offences help police investigate and prosecute these linked crimes"",""- Protects innocent vehicle owners: Stronger enforcement against fake plates reduces the risk of law-abiding drivers being wrongly accused of traffic offences committed by criminals using copied registration marks"",""- Clarifies the law: New offences provide clearer legal definitions of what constitutes misuse, giving police stronger tools and courts clearer guidance on prosecutions and sentencing""]"
3718,"[""- Modernises enforcement against vehicle tax evasion and uninsured driving, helping recover lost revenue and reducing the number of dangerous uninsured vehicles on roads"",""- May introduce fairer or more proportionate penalties for genuine administrative errors versus deliberate registration fraud, improving the fairness of the system"",""- Could strengthen the ability of authorities to identify and prosecute vehicle owners who deliberately obscure ownership to avoid liability or regulatory compliance"",""- May improve public safety by making it easier to crack down on unregistered vehicles, which are more likely to be uninsured and unroadworthy""]"
3721,"Voting to support this bill means you believe veterans who commit crimes should be treated differently in the justice system. If it passes, veterans who receive non-custodial sentences (punishments that don't involve prison, like community service or fines) would get special consideration based on their military service."
3722,Supporting this Act means backing the creation of advisory committees to help veterans and their families get the pensions and support they deserve. These committees would give veterans a stronger voice in decision-making and help ensure they receive the benefits they're entitled to.
3726,"- Victims gain legally enforceable rights to information about their case, ensuring they are kept updated on arrests, charges, and court outcomes rather than being left in the dark
- Victim Statements allow victims to formally communicate the emotional, physical, and financial impact of crime to courts, giving them a voice in proceedings and potentially influencing sentencing decisions
- A dedicated Victims' Commissioner provides independent oversight, ensures victim services meet minimum standards, and can investigate complaints when victims are let down
- Measures to protect vulnerable witnesses, such as screens, video testimony, and support persons in court, reduce trauma for rape victims, child victims, and domestic abuse survivors during trials"
3730,"Voting for this bill means you want to strengthen the rights and protections of crime victims. If it passes, it would create or update a Code of Practice that sets out clear standards for how victims should be treated by police, courts, and other services - ensuring they get better support and information throughout the justice process."
3737,"[""- Removes financial barriers for vulnerable victims to access information about their case, ensuring justice is not limited by ability to pay court fees"",""- Enables victims to understand sentencing decisions and judicial reasoning, supporting their closure and recovery process after serious trauma"",""- Holds the justice system accountable by making sentencing rationale transparent to those most affected by the crime"",""- Aligns with victim support principles by recognising that sentencing remarks are essential documents for understanding case outcomes in serious sexual offences""]"
3749,"Voting to support this bill means you think the proposed changes to voter registration are a good idea. If it passes, it would make changes to how people register to vote in the UK - the bill's sponsors believe this will make voting more accessible or secure."
3750,"A vote to support means you believe this bill would improve how people register to vote. Supporters think it would make voting more accessible, secure, or efficient - for example, by making it easier to register online or ensuring the electoral register is accurate."
3755,"Voting to support this bill means you want to lower the voting age in the UK. If it passes, younger people (likely 16 or 17-year-olds) would be allowed to vote in elections, giving them a say in decisions that affect their future."
3757,"Voting to support this bill means you want to lower the voting age in the UK. If it passes, younger people (likely 16 or 17-year-olds) would be able to vote in elections and have a say in decisions that affect their future."
3758,"Voting to support this bill means you think 16-year-olds should be allowed to vote in UK elections. If it passes, 16 and 17-year-olds would be added to the electoral register and could cast votes in general elections, just like adults can today."
3760,"Voting to support this bill means you want to lower the voting age in the UK. If it passes, younger people (likely 16 or 17-year-olds) would be allowed to vote in elections, giving them a say in decisions that affect their future."
3762,"Supporting this Act means backing stronger legal protection against voyeurism - taking photos or videos of people in private moments without their permission. Supporters believe it protects people's privacy and dignity, especially women, and creates serious consequences for this invasive behaviour."
3769,"[""- Reduces harmful air emissions including nitrogen oxides, particulates, and dioxins, protecting public health in communities near incineration facilities"",""- Improves waste management efficiency by incentivising energy recovery from waste, reducing reliance on landfill and supporting net-zero targets"",""- Strengthens local authority oversight through mandatory environmental impact assessments and consultation processes before new facilities can be built"",""- Creates a level playing field for operators by establishing uniform national standards, preventing a race-to-the-bottom on environmental compliance""]"
3773,"- Reduces illegal dumping and fly-tipping of tyres, which currently costs councils and taxpayers millions in cleanup costs and environmental remediation
- Shifts financial burden from local authorities and taxpayers to tyre producers, making them responsible for their products' end-of-life management
- Creates economic opportunities in the recycling sector by establishing steady demand for processed waste tyres in construction, manufacturing, and other industries
- Protects environmental and public health by preventing tyres from becoming breeding grounds for disease-carrying insects and reducing leachate contamination in landfills"
3776,"[""- Protects public water supplies and reduces treatment costs for water companies by preventing agricultural chemicals from contaminating drinking water sources"",""- Restores aquatic ecosystems and fisheries by reducing nutrient pollution that causes algal blooms and oxygen depletion in rivers and lakes"",""- Provides grant funding and technical support to help farmers adopt sustainable practices like precision fertiliser application and constructed wetlands without facing unmanageable costs"",""- Addresses legitimate public health concerns, as agricultural runoff is a major cause of water quality failures across England and a contributor to pollution in coastal areas""]"
3777,"- Reduces water wastage by giving companies legal tools to fix leaks faster and meet strict leakage reduction targets, addressing the fact that billions of litres are lost daily through aging infrastructure
- Enables rapid investment in water treatment facilities and pipe replacement without lengthy planning delays, potentially improving supply security during droughts and extreme weather
- Strengthens consumer protections by requiring companies to meet enforceable standards for water quality and emergency response times, with penalties for non-compliance
- Allows temporary demand management measures (such as hosepipe bans) to be implemented quickly during genuine shortages, protecting long-term water availability for essential needs"
3784,"- Reduces illegal sewage discharges into waterways by imposing substantial fines (up to 10% of annual turnover) and criminal liability for company executives, creating genuine financial consequences for pollution
- Protects public health and wildlife by requiring water companies to invest in treatment infrastructure and reduce reliance on aging combined sewer systems that contaminate rivers and beaches
- Increases transparency through mandatory monitoring and public reporting of water quality data, allowing residents and campaign groups to hold companies accountable
- Strengthens regulator powers to intervene directly in company operations, issue enforcement notices, and pursue prosecutions without lengthy delays"
3785,"A vote to support means you want schools to teach water safety as part of their curriculum. If it passes, all pupils would learn essential water safety skills like how to stay safe around water, what to do in emergencies, and how to swim - which could prevent drowning accidents."
3798,"Voting to support this bill means you want the government to think more carefully about how decisions affect people in the future. If it passes, the government would have to consider long-term impacts on things like the environment, health, and the economy when making new policies."
3801,"Voting to support this bill means you want the government to consider how its decisions affect people's lives in the future, not just today. If it passes, the government would have to think about long-term impacts on things like the environment, health, and the economy before making major decisions."
3802,"Voting to support means you want the government to consider the long-term impact of decisions on future generations. If it passes, the government would have to think about how today's choices affect people's health, environment, and quality of life in the years to come."
3803,"Voting to support this bill means you think the government should be required to consider how its decisions affect people in the future, not just today. If it passes, new laws would need to show they won't harm the wellbeing of the next generation - like protecting the environment, economy, and public health for years to come."
3819,Supporting this Act means approving money to be spent on compensating people from the Windrush generation - Caribbean migrants and their children who faced wrongful deportation and discrimination. It helps give financial justice to people whose lives were damaged by immigration errors.
3826,"[""- Women's inclusion in peace negotiations statistically improves the sustainability and durability of peace agreements, as evidence shows conflicts with female negotiators at the table are more likely to produce lasting settlements"",""- Requiring a national action plan creates accountability and measurable targets, ensuring government departments cannot ignore women's security needs and preventing ad-hoc, inconsistent approaches across different regions and conflicts"",""- Increased women's representation in security and peacebuilding roles ensures policies address the distinct security challenges women face in conflict zones, including sexual violence, discrimination in humanitarian aid distribution, and barriers to economic recovery"",""- The bill aligns UK policy with international commitments under UN Security Council Resolutions on Women, Peace and Security, strengthening Britain's diplomatic credibility and soft power in global peace efforts""]"
3828,"[""- Provides financial compensation to women who suffered genuine hardship due to sudden pension age changes they weren't properly notified about, recognising their material losses and stress"",""- Implements the Ombudsman's formal recommendations, which found the Department for Work and Pensions failed in its duty to properly inform affected women of the changes in advance"",""- Offers closure and acknowledgement for women in their 60s who lost expected retirement income, many of whom had already left the workforce or reduced work based on the original pension age of 60"",""- Creates a transparent, structured compensation process rather than leaving resolution to ad-hoc political decisions or court cases""]"
3833,"Supporting this Act means backing stronger protections for workers in unpredictable jobs like zero-hours contracts. It helps people know their schedules in advance and gives them more job security, so they can plan their finances and personal lives more easily."
3835,"Voting for this bill means you think workers need stronger legal protections and clearer rights. If it passes, more people (like gig workers and freelancers) would likely get benefits such as minimum wage, holiday pay, and sick leave that full-time employees currently enjoy."
3841,"Voting to support this bill means you want the government to collect and share more information about the UK workforce - such as details about jobs, skills, and employment trends. If it passes, employers and the government will have better data to plan for future skills needs and help people find suitable jobs."
3850,"- Young carers currently miss significant school time and fall behind academically; this bill would legally require schools to provide catch-up support and flexible arrangements, improving educational outcomes.
- Employers would be required to offer reasonable adjustments (such as flexible hours or remote working options), allowing young carers to remain in employment without choosing between their job and family responsibilities.
- The bill creates a legal framework for identifying hidden young carers who often suffer in silence; mandatory assessment means support services can reach vulnerable children who need help.
- Young carers often experience mental health problems from stress and isolation; the bill ensures access to counselling and peer support services, improving their wellbeing."
3859,"[""- Restores opportunities for young people to gain international work experience and develop careers across Europe, addressing concerns that Brexit had eliminated accessible mobility options for UK youth"",""- Enhances cultural exchange and personal development by allowing young adults to live abroad, learn languages, and build professional networks that benefit long-term competitiveness"",""- Supports UK employers by enabling access to young workers from EU countries for temporary roles, particularly in sectors facing staffing shortages (hospitality, agriculture, healthcare)"",""- Strengthens UK-EU relations and goodwill by demonstrating commitment to reciprocal arrangements that benefit citizens on both sides, potentially easing other post-Brexit negotiations""]"
3860,"[""- Reduces youth anti-social behaviour and crime by providing structured activities, safe spaces, and mentoring that keep young people constructively engaged"",""- Improves mental health outcomes and reduces youth isolation by ensuring accessible community spaces where young people can develop social connections and resilience"",""- Creates equal opportunities across regions by setting minimum standards, preventing wealthy areas from having significantly better youth services than deprived communities"",""- Generates long-term economic benefits through improved educational attainment, employment readiness, and reduced demand on emergency services and criminal justice systems""]"
3865,"[""- Faster claim resolution: Streamlined procedures could mean patients receive compensation more quickly rather than waiting years through lengthy court battles, reducing legal costs that currently consume significant portions of compensation awards"",""- Reduced NHS costs: By making the claims process more efficient and potentially introducing damages caps, the bill could reduce the billions spent annually on clinical negligence litigation, freeing NHS resources for direct patient care"",""- Greater certainty for healthcare providers: Clear liability frameworks and predictable compensation levels help hospitals and trusts better manage financial risk and insurance costs, potentially improving service stability"",""- Incentivizes early settlement: Structured processes encourage healthcare providers to acknowledge errors and settle claims promptly, improving transparency and accountability in the healthcare system""]"
3866,"[""- Reduces period poverty by guaranteeing free access to menstrual products for those who cannot afford them, preventing school absences and improving dignity and wellbeing for lower-income individuals"",""- Shortens diagnostic timelines for serious gynaecological conditions like endometriosis (currently averaging 7-8 years), reducing unnecessary suffering and improving quality of life through earlier intervention"",""- Increases NHS capacity and specialist services by requiring dedicated funding and training, ensuring women receive appropriate care rather than being dismissed or misdiagnosed"",""- Improves menstrual health literacy in schools through mandatory, age-appropriate education, helping young people understand their bodies and recognise when symptoms require medical attention""]"
3867,"[""- Protects green spaces from development: Gives councils stronger tools to prevent valuable recreational land and parks from being sold for commercial or residential development, preserving amenity for current and future generations"",""- Increases community control: Enables local authorities to acquire land that serves public recreational needs, ensuring local communities have a say in how shared spaces are managed rather than leaving decisions to private landowners"",""- Improves public health access: Secures outdoor spaces for exercise, leisure, and social activities, which are essential for community wellbeing, particularly in areas currently lacking adequate parks or playing fields"",""- Prevents land banking: Stops private owners from holding valuable amenity land unused or inaccessible, which can restrict public access and suppress community use of potentially important recreational resources""]"
3868,"[""- Speeds up investigation and hearing processes, reducing the time patients and the public wait for decisions on whether unsafe doctors remain in practice"",""- Strengthens patient protection by clarifying fitness to practise standards or making it easier to remove genuinely unsafe or unfit doctors from medical practice"",""- Improves fairness and transparency in GMC proceedings by modernising outdated procedures or giving doctors clearer rights during investigations"",""- Reduces costs and administrative burden on the GMC, allowing resources to be redirected toward more thorough investigations rather than procedural delays""]"
3869,"[""- Protects endangered species from preventable deaths, particularly cetaceans and seals which suffer thousands of deaths annually from fishing nets and ship strikes in UK waters"",""- Establishes scientific baseline data and monitoring systems that allow evidence-based conservation decisions and help track whether protection measures are working"",""- Creates economic benefits by supporting sustainable fishing practices and marine tourism industries that depend on healthy marine ecosystems and visible wildlife populations"",""- Aligns UK law with international marine conservation agreements and EU standards, maintaining environmental credibility and enabling collaborative protection across shared waters""]"
3870,"[""- Improves workplace safety for underrepresented groups by ensuring PPE actually fits properly, reducing injuries and health risks for women, ethnic minorities, disabled workers, and those in non-standard sizes"",""- Addresses a documented gap where current standards were developed using limited data (historically based on small sample populations), meaning many workers have never had equipment properly tested for their body dimensions"",""- Increases market competition and innovation by requiring manufacturers to produce a broader range of sizes and designs, potentially creating new business opportunities and improving product quality overall"",""- Reduces long-term NHS and social care costs by preventing workplace injuries that occur when poorly-fitting PPE fails to provide adequate protection""]"
